Model,Count
xcit_tiny_24_p16_384_dist,1
MobilenetV3large,1
xcit_large_24_p8_224,1
xcit_large_24_p8_224_dist,1
xcit_large_24_p8_384_dist,1
xcit_large_24_p16_224,1
xcit_large_24_p16_224_dist,1
xcit_large_24_p16_384_dist,1
xcit_medium_24_p8_224,1
xcit_medium_24_p8_224_dist,1
wide_resnet50_2,1
wide_resnet101_2,1
xception,1
xception41,1
xception41p,1
xception65,1
xception65p,1
xception71,1
volo_d2_384,1
volo_d3_224,1
volo_d3_448,1
volo_d4_224,1
volo_d4_448,1
volo_d5_224,1
volo_d5_448,1
volo_d5_512,1
vit_tiny_patch16_224_in21k,1
vit_tiny_patch16_384,1
vit_tiny_r_s16_p8_224,1
vit_tiny_r_s16_p8_224_in21k,1
vit_tiny_r_s16_p8_384,1
volo_d1_224,1
volo_d1_384,1
volo_d2_224,1
vgg19-block4-conv2-unpooling-encoder,1
vgg19-block1-conv2-unpooling-encoder,1
adv_inception_v3,1
bat_resnext26ts,1
beit_base_patch16_224,1
beit_base_patch16_384,1
beit_large_patch16_224,1
beit_large_patch16_384,1
resnet-rs-350,1
resnet-rs-420,1
resnet-rs-50,1
resnet101v2,1
resnet152v2,1
resnet50v2,1
brain-segmentation-pytorch,1
vgg19-block5-conv2-unpooling-encoder,1
regnety080,1
regnety120,1
regnety160,1
regnety320,1
resnet-rs-101,1
resnet-rs-152,1
resnet-rs-200,1
resnet-rs-270,1
regnety002,1
regnety004,1
regnety006,1
regnety008,1
regnety016,1
regnety032,1
regnety040,1
regnety064,1
coatnet_rmlp_nano_rw_224,1
convit_base,1
convit_small,1
convit_tiny,1
convmixer_768_32,1
convmixer_1024_20_ks9_p14,1
convmixer_1536_20,1
convnext_atto_ols,1
coat_lite_tiny,1
coat_mini,1
coat_tiny,1
coatnet_0_rw_224,1
coatnet_1_rw_224,1
coatnet_bn_0_rw_224,1
coatnet_nano_rw_224,1
coatnet_rmlp_1_rw_224,1
cait_s36_384,1
cait_xs24_384,1
cait_xxs24_224,1
cait_xxs24_384,1
cait_xxs36_224,1
cait_xxs36_384,1
coat_lite_mini,1
coat_lite_small,1
beit_large_patch16_512,1
beitv2_base_patch16_224,1
beitv2_large_patch16_224,1
botnet26t_256,1
cait_m36_384,1
cait_m48_448,1
cait_s24_224,1
cait_s24_384,1
crossvit_base_240,1
crossvit_small_240,1
crossvit_tiny_240,1
cs3darknet_focus_l,1
cs3darknet_focus_m,1
cs3darknet_l,1
cs3darknet_m,1
cs3darknet_x,1
crossvit_9_240,1
crossvit_9_dagger_240,1
crossvit_15_240,1
crossvit_15_dagger_240,1
crossvit_15_dagger_408,1
crossvit_18_240,1
crossvit_18_dagger_240,1
crossvit_18_dagger_408,1
convnext_pico_ols,1
convnext_small,1
convnext_small_384_in22ft1k,1
convnext_small_in22k,1
convnext_tiny,1
convnext_tiny_384_in22ft1k,1
convnext_tiny_in22ft1k,1
convnext_xlarge_384_in22ft1k,1
convnext_base,1
convnext_base_384_in22ft1k,1
convnext_base_in22k,1
convnext_femto_ols,1
convnext_large,1
convnext_large_384_in22ft1k,1
convnext_large_in22k,1
convnext_nano_ols,1
deit_base_distilled_patch16_224,1
deit_base_distilled_patch16_384,1
deit_base_patch16_224,1
deit_base_patch16_384,1
deit_small_distilled_patch16_224,1
deit_small_patch16_224,1
deit_tiny_distilled_patch16_224,1
deit_tiny_patch16_224,1
deit3_large_patch16_224_in21ft1k,1
deit3_large_patch16_384,1
deit3_large_patch16_384_in21ft1k,1
deit3_medium_patch16_224,1
deit3_small_patch16_224,1
deit3_small_patch16_224_in21ft1k,1
deit3_small_patch16_384,1
deit3_small_patch16_384_in21ft1k,1
darknetaa53,1
deit3_base_patch16_224,1
deit3_base_patch16_224_in21ft1k,1
deit3_base_patch16_384,1
deit3_base_patch16_384_in21ft1k,1
deit3_huge_patch14_224,1
deit3_huge_patch14_224_in21ft1k,1
deit3_large_patch16_224,1
cs3edgenet_x,1
cs3se_edgenet_x,1
cs3sedarknet_l,1
cs3sedarknet_x,1
cspdarknet53,1
cspresnet50,1
cspresnext50,1
darknet53,1
dpn92,1
dpn98,1
dpn107,1
dpn131,1
eca_botnext26ts_256,1
eca_halonext26ts,1
eca_nfnet_l0,1
eca_nfnet_l1,1
dm_nfnet_f1,1
dm_nfnet_f2,1
dm_nfnet_f3,1
dm_nfnet_f4,1
dm_nfnet_f5,1
dm_nfnet_f6,1
dpn68,1
dpn68b,1
dla60_res2next,1
dla60x,1
dla60x_c,1
dla102,1
dla102x,1
dla102x2,1
dla169,1
dm_nfnet_f0,1
densenet121,1
densenet169,1
densenet201,1
dla34,1
dla46_c,1
dla46x_c,1
dla60,1
dla60_res2net,1
fbnetc_100,1
fbnetv3_b,1
fbnetv3_d,1
fbnetv3_g,1
gc_efficientnetv2_rw_t,1
gcresnet33ts,1
gcresnet50t,1
gcresnext26ts,1
efficientformer_l1,1
efficientformer_l3,1
efficientformer_l7,1
efficientnet_b4,1
efficientnetv2_rw_s,1
ens_adv_inception_resnet_v2,1
ese_vovnet19b_dw,1
ese_vovnet39b,1
ecaresnet101d_pruned,1
ecaresnet269d,1
ecaresnetlight,1
edgenext_base,1
edgenext_small,1
edgenext_small_rw,1
edgenext_x_small,1
edgenext_xx_small,1
eca_nfnet_l2,1
eca_resnet33ts,1
eca_resnext26ts,1
ecaresnet26t,1
ecaresnet50d,1
ecaresnet50d_pruned,1
ecaresnet50t,1
ecaresnet101d,1
gluon_resnet152_v1s,1
gluon_resnext50_32x4d,1
gluon_resnext101_32x4d,1
gluon_resnext101_64x4d,1
gluon_senet154,1
gluon_seresnext50_32x4d,1
gluon_seresnext101_32x4d,1
gluon_seresnext101_64x4d,1
gluon_resnet50_v1s,1
gluon_resnet101_v1b,1
gluon_resnet101_v1c,1
gluon_resnet101_v1d,1
gluon_resnet101_v1s,1
gluon_resnet152_v1b,1
gluon_resnet152_v1c,1
gluon_resnet152_v1d,1
gernet_s,1
ghostnet_100,1
gluon_inception_v3,1
gluon_resnet18_v1b,1
gluon_resnet34_v1b,1
gluon_resnet50_v1b,1
gluon_resnet50_v1c,1
gluon_resnet50_v1d,1
gcresnext50ts,1
gcvit_base,1
gcvit_small,1
gcvit_tiny,1
gcvit_xtiny,1
gcvit_xxtiny,1
gernet_l,1
gernet_m,1
ig_resnext101_32x48d,1
inception_resnet_v2,1
inception_v3,1
inception_v4,1
jx_nest_base,1
jx_nest_small,1
jx_nest_tiny,1
lambda_resnet26rpt_256,1
hrnet_w32,1
hrnet_w40,1
hrnet_w44,1
hrnet_w48,1
hrnet_w64,1
ig_resnext101_32x8d,1
ig_resnext101_32x16d,1
ig_resnext101_32x32d,1
hardcorenas_c,1
hardcorenas_d,1
hardcorenas_e,1
hardcorenas_f,1
hrnet_w18,1
hrnet_w18_small,1
hrnet_w18_small_v2,1
hrnet_w30,1
gmixer_24_224,1
gmlp_s16_224,1
halo2botnet50ts_256,1
halonet26t,1
halonet50ts,1
haloregnetz_b,1
hardcorenas_a,1
hardcorenas_b,1
maxvit_tiny_rw_224,1
mixer_b16_224,1
mixer_b16_224_in21k,1
mixer_b16_224_miil,1
mixer_b16_224_miil_in21k,1
mixer_l16_224,1
mixer_l16_224_in21k,1
mixnet_l,1
levit_128s,1
levit_192,1
levit_256,1
levit_384,1
maxvit_nano_rw_256,1
maxvit_rmlp_nano_rw_256,1
maxvit_rmlp_pico_rw_256,1
maxvit_rmlp_tiny_rw_256,1
legacy_seresnet34,1
legacy_seresnet50,1
legacy_seresnet101,1
legacy_seresnet152,1
legacy_seresnext26_32x4d,1
legacy_seresnext50_32x4d,1
legacy_seresnext101_32x4d,1
levit_128,1
lambda_resnet26t,1
lambda_resnet50ts,1
lamhalobotnet50ts_256,1
lcnet_050,1
lcnet_075,1
lcnet_100,1
legacy_senet154,1
legacy_seresnet18,1
mvitv2_small,1
mvitv2_tiny,1
nasnetalarge,1
nf_regnet_b1,1
nf_resnet50,1
nfnet_l0,1
pit_b_224,1
pit_b_distilled_224,1
mobilevitv2_175,1
mobilevitv2_175_384_in22ft1k,1
mobilevitv2_175_in22ft1k,1
mobilevitv2_200,1
mobilevitv2_200_384_in22ft1k,1
mobilevitv2_200_in22ft1k,1
mvitv2_base,1
mvitv2_large,1
mobilevit_xxs,1
mobilevitv2_050,1
mobilevitv2_075,1
mobilevitv2_100,1
mobilevitv2_125,1
mobilevitv2_150,1
mobilevitv2_150_384_in22ft1k,1
mobilevitv2_150_in22ft1k,1
mixnet_m,1
mixnet_s,1
mixnet_xl,1
mnasnet_100,1
mnasnet_small,1
mobilenetv3_large_100_miil_in21k,1
mobilevit_s,1
mobilevit_xs,1
regnetx_016,1
regnetx_032,1
regnetx_040,1
regnetx_064,1
regnetx_080,1
regnetx_120,1
regnetx_160,1
regnetx_320,1
pvt_v2_b3,1
pvt_v2_b4,1
regnetv_040,1
regnetv_064,1
regnetx_002,1
regnetx_004,1
regnetx_006,1
regnetx_008,1
poolformer_m48,1
poolformer_s12,1
poolformer_s24,1
poolformer_s36,1
pvt_v2_b0,1
pvt_v2_b1,1
pvt_v2_b2,1
pvt_v2_b2_li,1
pit_s_224,1
pit_s_distilled_224,1
pit_ti_224,1
pit_ti_distilled_224,1
pit_xs_224,1
pit_xs_distilled_224,1
pnasnet5large,1
poolformer_m36,1
repvgg_b1g4,1
repvgg_b2,1
repvgg_b2g4,1
repvgg_b3,1
repvgg_b3g4,1
res2net50_14w_8s,1
res2net50_26w_4s,1
res2net50_26w_6s,1
regnetz_c16_evos,1
regnetz_d8,1
regnetz_d8_evos,1
regnetz_d32,1
regnetz_e8,1
repvgg_a2,1
repvgg_b0,1
repvgg_b1,1
regnety_080,1
regnety_120,1
regnety_160,1
regnety_320,1
regnetz_040,1
regnetz_040h,1
regnetz_b16,1
regnetz_c16,1
regnety_002,1
regnety_004,1
regnety_006,1
regnety_008,1
regnety_016,1
regnety_032,1
regnety_040,1
regnety_064,1
resnet50,1
resnet61q,1
resnet101,1
resnet152,1
resnetrs50,1
resnetv2_50d_evos,1
resnetv2_101x1_bitm,1
resnetv2_152x4_bitm,1
resnest26d,1
resnest50d,1
resnest50d_1s4x24d,1
resnest50d_4s2x40d,1
resnest101e,1
resnest200e,1
resnest269e,1
resnet32ts,1
resmlp_24_224_dino,1
resmlp_24_distilled_224,1
resmlp_36_224,1
resmlp_36_distilled_224,1
resmlp_big_24_224,1
resmlp_big_24_224_in22ft1k,1
resmlp_big_24_distilled_224,1
resnest14d,1
res2net50_26w_8s,1
res2net50_48w_2s,1
res2net101_26w_4s,1
res2next50,1
resmlp_12_224,1
resmlp_12_224_dino,1
resmlp_12_distilled_224,1
resmlp_24_224,1
seresnext26ts,1
seresnext50_32x4d,1
seresnext101_32x8d,1
seresnext101d_32x8d,1
seresnextaa101d_32x8d,1
skresnet18,1
skresnet34,1
skresnext50_32x4d,1
sequencer2d_l,1
sequencer2d_m,1
sequencer2d_s,1
seresnet33ts,1
seresnet50,1
seresnet152d,1
seresnext26d_32x4d,1
seresnext26t_32x4d,1
rexnet_200,1
sebotnet33ts_256,1
sehalonet33ts,1
selecsls42b,1
selecsls60,1
selecsls60b,1
semnasnet_075,1
semnasnet_100,1
resnext26ts,1
resnext50_32x4d,1
resnext50d_32x4d,1
resnext101_32x8d,1
resnext101_64x4d,1
rexnet_100,1
rexnet_130,1
rexnet_150,1
swinv2_base_window16_256,1
swinv2_cr_small_224,1
swinv2_cr_small_ns_224,1
swinv2_cr_tiny_ns_224,1
swinv2_large_window12_192_22k,1
swinv2_large_window12to16_192to256_22kft1k,1
swinv2_large_window12to24_192to384_22kft1k,1
swinv2_small_window8_256,1
swin_s3_small_224,1
swin_s3_tiny_224,1
swin_small_patch4_window7_224,1
swin_tiny_patch4_window7_224,1
swinv2_base_window8_256,1
swinv2_base_window12_192_22k,1
swinv2_base_window12to16_192to256_22kft1k,1
swinv2_base_window12to24_192to384_22kft1k,1
swin_base_patch4_window7_224_in22k,1
swin_base_patch4_window12_384,1
swin_base_patch4_window12_384_in22k,1
swin_large_patch4_window7_224,1
swin_large_patch4_window7_224_in22k,1
swin_large_patch4_window12_384,1
swin_large_patch4_window12_384_in22k,1
swin_s3_base_224,1
spnasnet_100,1
ssl_resnet18,1
ssl_resnet50,1
ssl_resnext50_32x4d,1
ssl_resnext101_32x4d,1
ssl_resnext101_32x8d,1
ssl_resnext101_32x16d,1
swin_base_patch4_window7_224,1
tnt_s_patch16_224,1
tresnet_l,1
tresnet_l_448,1
tresnet_m,1
tresnet_m_448,1
tresnet_m_miil_in21k,1
tresnet_v2_l,1
tresnet_xl,1
tf_mixnet_l,1
tf_mixnet_m,1
tf_mixnet_s,1
tinynet_a,1
tinynet_b,1
tinynet_c,1
tinynet_d,1
tinynet_e,1
swsl_resnext101_32x16d,1
tf_efficientnet_b2_ap,1
tf_efficientnet_b5,1
tf_efficientnet_b7_ns,1
tf_efficientnet_es,1
tf_efficientnetv2_b0,1
tf_efficientnetv2_m_in21ft1k,1
tf_inception_v3,1
swinv2_small_window16_256,1
swinv2_tiny_window8_256,1
swinv2_tiny_window16_256,1
swsl_resnet18,1
swsl_resnet50,1
swsl_resnext50_32x4d,1
swsl_resnext101_32x4d,1
swsl_resnext101_32x8d,1
vit_base_patch16_384,1
vit_base_patch16_rpn_224,1
vit_base_patch32_224,1
vit_base_patch32_224_clip_laion2b,1
vit_base_patch32_224_in21k,1
vit_base_patch32_384,1
vit_base_r50_s16_224_in21k,1
vit_base_r50_s16_384,1
vit_base_patch8_224,1
vit_base_patch8_224_dino,1
vit_base_patch8_224_in21k,1
vit_base_patch16_224,1
vit_base_patch16_224_dino,1
vit_base_patch16_224_in21k,1
vit_base_patch16_224_miil,1
vit_base_patch16_224_miil_in21k,1
twins_pcpvt_small,1
twins_svt_base,1
twins_svt_large,1
twins_svt_small,1
vgg16,1
vgg19,1
vgg19_bn,1
visformer_small,1
tresnet_xl_448,1
tv_resnet34,1
tv_resnet50,1
tv_resnet101,1
tv_resnet152,1
tv_resnext50_32x4d,1
twins_pcpvt_base,1
twins_pcpvt_large,1
vit_small_patch32_224_in21k,1
vit_small_patch32_384,1
vit_small_r26_s32_224,1
vit_small_r26_s32_224_in21k,1
vit_small_r26_s32_384,1
vit_srelpos_medium_patch16_224,1
vit_srelpos_small_patch16_224,1
vit_tiny_patch16_224,1
vit_relpos_medium_patch16_rpn_224,1
vit_relpos_small_patch16_224,1
vit_small_patch8_224_dino,1
vit_small_patch16_224,1
vit_small_patch16_224_dino,1
vit_small_patch16_224_in21k,1
vit_small_patch16_384,1
vit_small_patch32_224,1
vit_large_r50_s32_224,1
vit_large_r50_s32_224_in21k,1
vit_large_r50_s32_384,1
vit_relpos_base_patch16_224,1
vit_relpos_base_patch16_clsgap_224,1
vit_relpos_base_patch32_plus_rpn_256,1
vit_relpos_medium_patch16_224,1
vit_relpos_medium_patch16_cls_224,1
vit_huge_patch14_224_clip_laion2b,1
vit_huge_patch14_224_in21k,1
vit_large_patch14_224_clip_laion2b,1
vit_large_patch16_224,1
vit_large_patch16_224_in21k,1
vit_large_patch16_384,1
vit_large_patch32_224_in21k,1
vit_large_patch32_384,1
xcit_tiny_12_p16_224_dist,1
xcit_tiny_12_p16_384_dist,1
xcit_tiny_24_p8_224,1
xcit_tiny_24_p8_224_dist,1
xcit_tiny_24_p8_384_dist,1
xcit_tiny_24_p16_224,1
xcit_tiny_24_p16_224_dist,1
MobilenetV3small,1
xcit_small_24_p8_224_dist,1
xcit_small_24_p8_384_dist,1
xcit_small_24_p16_224,1
xcit_small_24_p16_224_dist,1
xcit_tiny_12_p8_224,1
xcit_tiny_12_p8_224_dist,1
xcit_tiny_12_p8_384_dist,1
xcit_tiny_12_p16_224,1
xcit_nano_12_p16_384_dist,1
xcit_small_12_p8_224,1
xcit_small_12_p8_224_dist,1
xcit_small_12_p8_384_dist,1
xcit_small_12_p16_224,1
xcit_small_12_p16_224_dist,1
xcit_small_12_p16_384_dist,1
xcit_small_24_p8_224,1
xcit_medium_24_p8_384_dist,1
xcit_medium_24_p16_224,1
xcit_medium_24_p16_384_dist,1
xcit_nano_12_p8_224,1
xcit_nano_12_p8_224_dist,1
xcit_nano_12_p8_384_dist,1
xcit_nano_12_p16_224,1
xcit_nano_12_p16_224_dist,1
regnetx016,1
regnetx032,1
regnetx040,1
regnetx064,1
regnetx080,1
regnetx120,1
regnetx160,1
regnetx320,1
mobilenet,1
mobilenet_v2,1
NASNet_large,1
NASNet_mobile,1
regnetx002,1
regnetx004,1
regnetx006,1
regnetx008,1
efficientnetb7,1
efficientnetv2-b0,1
efficientnetv2-b1,1
efficientnetv2-b2,1
efficientnetv2-b3,1
efficientnetv2-l,1
efficientnetv2-m,1
efficientnetv2-s,1
convnext_xlarge,1
efficientnetb0,1
efficientnetb1,1
efficientnetb2,1
efficientnetb3,1
efficientnetb4,1
efficientnetb5,1
efficientnetb6,1
