"SbjID","PercentageCorrect","Trial0","Trial1","Trial2","Trial3","Trial4","Trial5","Trial6","Trial7","Trial8","Trial9","Trial10","Trial11","Trial12","Trial13","Trial14","Trial15","Trial16","Trial17","Trial18","Trial19","Trial20","Trial21","Trial22","Trial23","Trial24","Trial25","Trial26","Trial27","Trial28","Trial29","Trial30","Trial31","Trial32","Trial33","Trial34","Trial35","Trial36","Trial37","Trial38","Trial39","Trial40","Trial41","Trial42","Trial43","Trial44","Trial45","Trial46","Trial47","Trial48","Trial49","Trial50"
"adv_inception_v3",41.1764705882353,1,1,0,0,1,1,1,0,0,1,1,1,0,0,1,0,0,1,0,0,0,1,1,0,1,0,0,0,1,0,0,1,1,0,0,0,0,0,0,0,0,0,0,0,1,1,1,1,0,1,0
"bat_resnext26ts",54.9019607843137,1,1,0,1,1,1,0,1,1,1,1,1,0,0,1,1,1,0,1,1,0,1,1,0,0,0,1,0,0,0,0,1,1,0,0,0,0,1,0,0,1,1,0,0,1,0,1,1,1,0,1
"beit_base_patch16_224",60.7843137254902,1,1,1,1,1,0,1,1,1,1,1,1,1,1,0,0,0,1,1,1,1,0,1,0,1,1,1,0,1,1,1,1,1,1,0,0,0,1,0,0,1,1,1,0,0,0,0,0,0,0,0
"beit_base_patch16_224_in22k",74.5098039215686,1,1,1,1,1,1,1,1,1,1,1,1,1,1,0,1,1,1,1,1,1,1,1,1,1,1,1,1,1,1,1,0,0,0,1,1,1,1,0,0,1,0,1,0,0,1,0,0,0,0,1
"beit_base_patch16_384",76.4705882352941,1,1,1,1,1,1,1,1,1,1,1,1,0,1,1,1,1,1,1,1,0,0,1,1,1,1,1,1,1,1,1,1,1,1,1,1,0,0,0,0,1,1,1,1,0,1,0,1,0,0,0
"beit_large_patch16_224",70.5882352941177,1,1,1,1,1,1,1,1,1,1,1,1,1,1,0,0,0,1,1,1,1,1,1,1,1,1,1,0,0,1,1,0,1,1,1,1,1,1,0,0,0,1,0,1,0,1,0,1,0,0,0
"beit_large_patch16_224_in22k",70.5882352941177,1,1,1,1,1,1,1,1,1,1,1,1,1,1,1,1,0,1,1,0,1,1,0,1,1,1,1,1,1,1,0,0,1,1,1,1,0,0,0,0,1,1,0,1,0,1,0,1,0,0,0
"beitv2_base_patch16_224",58.8235294117647,1,1,1,1,1,0,1,1,1,1,1,1,0,1,0,0,0,0,1,0,0,1,1,0,0,1,1,1,1,1,1,0,1,0,1,0,1,1,0,1,0,0,1,1,0,0,1,1,0,0,0
"beitv2_base_patch16_224_in22k",66.6666666666667,1,1,1,1,1,1,1,1,1,1,1,1,1,1,0,0,0,1,1,1,1,1,1,0,1,1,1,0,1,1,1,0,1,0,1,1,1,0,1,1,0,1,0,0,0,0,0,0,0,0,1
"beitv2_large_patch16_224",76.4705882352941,1,1,1,1,1,0,1,1,1,1,1,1,0,1,0,1,1,0,1,1,1,1,1,1,1,1,1,0,0,1,1,1,1,1,1,0,1,1,0,1,0,1,1,0,0,1,1,1,0,1,1
"beitv2_large_patch16_224_in22k",84.3137254901961,1,1,1,1,1,1,1,1,1,1,1,1,1,1,1,1,1,1,1,1,1,1,1,1,1,1,1,0,0,1,1,1,1,1,0,1,1,0,1,0,0,1,1,1,0,1,0,1,1,1,1
"botnet26t_256",43.1372549019608,1,1,0,1,0,0,0,1,1,1,1,1,1,1,1,1,0,0,1,1,1,1,0,0,0,0,0,0,0,0,0,0,0,1,0,1,1,0,0,0,0,0,1,1,0,0,0,1,0,0,0
"cait_s24_224",74.5098039215686,1,1,1,1,1,0,1,1,1,1,1,1,0,1,1,1,0,1,1,1,0,1,1,0,1,0,1,1,1,1,1,1,1,1,1,1,1,1,0,1,0,1,0,0,1,0,1,1,1,0,0
"cait_xxs24_224",58.8235294117647,1,1,0,1,1,1,1,1,1,1,1,1,1,1,1,1,0,1,1,1,1,0,1,1,1,1,1,0,1,1,1,0,0,1,0,1,1,0,0,0,0,0,0,0,0,0,0,0,0,0,0
"cait_xxs24_384",70.5882352941177,1,1,0,1,1,1,1,1,1,1,1,0,1,1,1,1,0,1,1,1,1,1,1,0,1,1,1,1,1,0,1,0,1,0,1,1,0,0,1,1,0,1,0,1,1,0,1,1,0,0,0
"cait_xxs36_224",62.7450980392157,1,1,0,1,1,1,1,1,1,1,1,1,1,1,1,1,0,0,1,1,1,0,1,0,0,1,1,0,0,1,0,0,0,0,0,1,1,0,1,1,0,1,1,1,1,0,0,1,1,0,0
"coat_lite_mini",68.6274509803922,1,1,0,1,1,1,1,1,1,1,1,1,1,1,1,1,0,1,1,1,1,1,1,1,0,1,1,1,1,1,1,0,1,0,0,1,0,1,1,0,0,0,0,0,1,0,0,1,0,1,0
"coat_lite_small",72.5490196078431,1,1,1,1,1,1,1,1,1,1,1,0,0,1,0,1,1,0,1,1,0,1,1,1,1,0,1,1,1,1,1,1,1,0,1,0,1,1,1,0,0,0,1,0,0,0,1,1,1,1,1
"coat_lite_tiny",58.8235294117647,1,1,0,1,1,0,1,1,1,1,1,1,0,1,1,1,0,1,1,0,1,1,1,0,1,1,1,1,0,1,0,0,0,0,1,0,0,1,0,0,0,0,0,1,0,0,0,1,1,1,1
"coat_mini",60.7843137254902,0,1,1,1,1,1,1,1,1,1,1,1,0,1,1,1,1,1,1,1,0,1,1,1,0,1,1,1,0,1,0,0,1,0,0,0,0,0,0,0,0,0,0,1,0,1,0,1,1,1,0
"coat_tiny",58.8235294117647,1,1,0,1,1,1,1,1,1,1,0,1,1,1,1,1,1,1,1,1,0,0,1,1,1,0,1,1,0,1,1,0,0,0,0,0,1,1,0,0,0,0,0,0,0,1,1,0,0,0,1
"coatnet_0_rw_224",60.7843137254902,1,1,1,0,1,0,1,1,1,1,1,1,1,1,1,1,0,1,1,1,1,1,0,0,1,1,1,0,1,1,1,0,1,0,1,0,0,1,0,0,0,1,0,0,0,1,0,0,1,0,0
"coatnet_1_rw_224",43.1372549019608,1,1,1,1,1,0,1,1,1,1,1,0,1,0,1,1,0,1,1,1,0,0,0,0,1,1,0,0,0,0,1,0,0,0,0,0,0,1,0,0,0,0,0,0,0,0,0,0,0,1,1
"coatnet_bn_0_rw_224",54.9019607843137,1,1,0,1,1,1,1,1,1,0,0,1,0,1,0,1,0,1,1,1,0,1,1,0,0,1,0,1,0,0,0,0,1,1,0,1,1,0,0,0,1,0,1,1,1,0,1,0,0,0,1
"coatnet_nano_rw_224",50.9803921568627,1,1,0,0,1,0,0,1,1,1,1,1,1,0,1,1,1,1,1,0,0,1,1,0,0,1,1,0,0,0,0,0,0,0,0,0,1,0,1,0,1,0,1,0,1,1,0,1,0,0,1
"coatnet_rmlp_1_rw_224",35.2941176470588,1,1,1,1,1,0,1,0,1,0,0,0,1,0,0,1,0,0,1,0,0,0,0,1,1,1,1,0,0,1,0,1,0,0,0,0,0,0,0,0,0,1,0,0,0,0,0,1,0,0,0
"coatnet_rmlp_nano_rw_224",54.9019607843137,1,1,1,0,0,0,0,1,1,1,0,1,1,1,1,1,0,1,1,0,0,1,1,0,1,1,0,0,0,1,1,1,0,1,0,1,0,0,0,0,0,1,0,1,1,1,0,0,1,0,1
"convit_base",68.6274509803922,1,1,1,0,1,1,1,1,1,1,1,0,1,1,1,1,0,1,1,1,1,0,1,1,1,1,1,1,0,0,0,1,1,0,1,1,1,1,0,0,1,0,1,1,0,1,0,0,1,0,0
"convit_small",49.0196078431373,1,1,1,1,0,1,1,1,1,1,1,1,0,0,0,1,0,1,1,0,0,0,1,1,1,1,1,1,1,1,0,0,0,0,0,1,1,0,0,0,0,0,0,0,0,0,0,0,0,1,0
"convit_tiny",49.0196078431373,1,1,0,1,1,0,0,1,1,1,1,1,0,1,0,1,1,1,1,0,1,0,1,0,0,1,1,1,1,1,0,0,0,0,0,0,0,0,0,1,0,0,1,0,0,0,0,0,0,1,1
"convmixer_1024_20_ks9_p14",49.0196078431373,1,1,1,1,1,1,0,1,1,0,1,0,1,1,0,1,0,1,0,0,0,1,0,1,0,0,0,0,1,0,0,1,0,0,0,1,1,0,0,0,1,0,0,0,0,1,1,1,0,1,1
"convmixer_1536_20",56.8627450980392,0,0,0,0,1,1,1,1,1,1,1,0,1,0,1,0,1,1,1,1,0,1,1,0,0,1,1,0,1,1,0,1,1,1,1,1,1,0,1,0,0,1,1,0,0,0,0,1,0,0,0
"convmixer_768_32",45.0980392156863,1,1,0,0,0,0,1,1,0,0,1,0,1,1,1,0,1,1,1,0,0,1,0,0,0,0,1,0,1,1,0,1,1,0,1,1,1,1,0,0,0,1,0,0,0,0,0,1,0,0,0
"convnext_atto_ols",52.9411764705882,1,1,0,1,1,1,1,1,1,1,1,1,1,0,0,1,0,1,1,1,0,0,1,1,1,0,0,0,0,0,0,1,0,0,1,1,1,0,1,0,0,0,0,1,0,1,0,0,0,1,0
"convnext_base_384_in22ft1k",74.5098039215686,1,1,0,1,1,1,1,1,1,1,1,1,0,1,1,1,0,0,1,1,1,1,1,1,1,1,1,0,0,1,1,1,1,1,1,1,1,1,0,1,0,1,1,0,1,0,0,1,0,0,1
"convnext_base_in22k",74.5098039215686,1,1,1,1,1,1,1,1,1,1,1,1,1,1,1,1,1,1,1,1,1,1,1,0,1,1,1,1,1,1,1,1,0,1,0,1,1,0,0,0,0,0,1,0,0,1,1,1,0,0,0
"convnext_femto_ols",49.0196078431373,1,1,0,1,1,1,1,1,1,1,1,1,1,1,0,1,0,1,1,0,0,1,1,0,1,1,1,0,0,0,0,0,0,0,1,0,0,0,0,0,0,0,0,0,1,1,0,1,0,0,0
"convnext_large_in22k",78.4313725490196,1,1,1,1,1,1,1,1,1,1,1,1,1,1,1,1,1,1,1,0,1,1,1,0,0,1,1,0,1,1,1,1,0,1,1,1,1,1,1,0,0,0,1,0,1,0,0,1,1,1,1
"convnext_nano_ols",62.7450980392157,1,1,1,1,1,1,1,1,1,1,1,0,1,1,1,1,1,1,1,1,1,1,1,1,1,1,1,0,0,0,1,0,0,0,0,0,1,1,0,0,0,1,0,0,1,0,0,1,0,0,0
"convnext_pico_ols",54.9019607843137,1,1,1,1,1,0,1,1,1,1,1,0,0,1,1,1,1,1,1,0,0,1,1,0,1,1,1,1,1,0,0,0,1,0,0,0,1,0,0,1,0,0,0,0,0,0,0,0,0,1,1
"convnext_small_384_in22ft1k",76.4705882352941,1,1,1,1,1,1,1,1,1,1,1,1,1,1,0,1,1,1,1,1,1,1,1,0,1,1,1,0,1,1,0,1,0,1,0,1,1,1,0,0,0,1,1,1,0,1,0,1,0,1,1
"convnext_small_in22k",64.7058823529412,1,1,1,0,1,1,1,1,1,1,1,1,1,1,0,0,0,1,1,1,0,1,0,0,1,1,1,0,1,1,1,1,1,0,1,1,1,0,0,0,0,1,1,0,0,0,1,1,0,0,1
"convnext_tiny_384_in22ft1k",66.6666666666667,1,1,1,1,1,1,1,1,1,1,1,1,1,1,1,0,0,1,0,0,1,1,1,0,0,1,1,0,1,1,0,1,1,0,0,1,1,1,0,0,1,1,1,1,0,1,1,0,0,0,0
"convnext_tiny_in22ft1k",62.7450980392157,1,1,1,1,1,1,1,1,1,1,1,1,1,1,0,0,0,0,1,1,0,1,1,1,1,1,1,0,1,1,0,0,0,1,1,1,1,1,0,0,1,0,1,1,0,0,0,0,0,0,0
"crossvit_15_240",43.1372549019608,0,1,1,1,0,1,1,1,1,1,0,0,1,1,1,1,0,1,1,0,1,0,1,0,0,0,1,0,0,1,0,0,0,1,0,0,0,0,1,0,0,0,0,0,1,0,0,0,1,0,0
"crossvit_15_dagger_240",58.8235294117647,1,1,1,1,1,1,1,1,1,1,1,0,1,1,1,1,0,1,1,0,0,1,1,1,1,1,1,0,0,1,1,0,0,1,0,0,1,0,0,0,0,0,0,1,0,0,1,0,0,0,1
"crossvit_15_dagger_408",54.9019607843137,1,1,1,1,1,1,1,1,1,1,1,0,1,1,0,1,0,1,1,0,0,0,1,1,1,1,1,1,0,1,0,0,0,0,0,0,1,1,0,0,0,0,0,1,1,0,1,0,0,0,0
"crossvit_18_240",54.9019607843137,1,1,1,1,1,1,1,1,1,1,1,0,0,1,0,1,0,0,1,1,1,0,1,0,0,1,1,1,0,1,0,0,0,0,0,0,0,0,0,1,1,0,0,0,0,0,1,1,1,1,1
"crossvit_18_dagger_240",58.8235294117647,1,1,1,1,1,1,1,1,1,1,1,1,1,1,0,1,1,0,1,1,1,0,1,1,1,0,1,0,0,1,0,1,0,1,1,0,1,0,0,0,0,0,0,0,0,0,0,1,0,1,0
"crossvit_18_dagger_408",58.8235294117647,1,1,1,1,1,1,1,1,1,1,1,1,0,1,1,1,1,1,1,0,1,0,1,0,0,1,1,1,1,1,0,0,0,0,1,0,0,0,0,0,0,0,0,0,1,0,0,1,1,1,0
"crossvit_9_240",62.7450980392157,1,1,1,1,1,1,1,1,1,0,1,1,0,1,1,0,1,1,1,1,1,0,1,0,1,1,1,1,1,1,1,0,0,0,1,0,0,0,1,0,0,1,0,0,1,0,1,0,1,0,0
"crossvit_9_dagger_240",60.7843137254902,1,1,0,1,1,1,1,1,1,1,1,1,0,0,1,1,1,1,1,0,0,0,1,1,1,1,1,0,0,1,1,1,0,0,1,0,1,0,0,0,1,0,0,0,0,0,1,0,1,1,1
"crossvit_base_240",66.6666666666667,1,1,1,1,1,1,1,1,1,1,1,1,1,1,0,1,1,1,1,0,1,1,1,1,1,1,1,1,0,1,0,1,0,0,0,1,1,0,1,0,0,0,0,0,0,0,1,0,0,1,1
"crossvit_small_240",58.8235294117647,1,1,1,1,1,1,1,1,1,1,1,1,1,1,1,1,1,1,1,1,1,0,0,1,1,1,1,0,0,1,0,1,0,0,1,0,0,0,0,0,0,0,0,0,0,0,0,1,1,0,0
"crossvit_tiny_240",50.9803921568627,1,1,1,1,1,1,1,0,1,1,1,0,1,1,1,0,0,1,1,1,1,1,0,0,0,1,1,0,0,0,0,0,1,0,0,0,0,1,0,1,0,0,0,0,1,0,1,0,0,1,0
"cs3darknet_focus_l",43.1372549019608,1,1,0,0,0,0,1,0,0,0,0,1,1,0,0,0,1,1,1,1,1,0,0,0,0,0,1,1,0,1,0,1,0,1,1,0,0,1,1,1,0,0,0,0,1,0,0,1,0,0,1
"cs3darknet_focus_m",49.0196078431373,1,1,0,1,1,0,0,1,1,1,1,0,0,0,1,0,1,1,0,0,1,1,0,1,1,0,1,0,0,1,0,0,0,1,0,1,1,1,0,0,0,0,0,1,1,1,0,0,0,1,0
"cs3darknet_l",43.1372549019608,0,1,1,1,1,1,1,1,0,1,1,0,0,0,1,1,0,0,0,0,0,1,1,0,1,0,0,0,0,0,0,0,1,1,1,1,1,0,0,0,0,0,0,0,0,0,1,0,1,0,1
"cs3darknet_m",52.9411764705882,0,1,1,1,1,0,0,1,1,1,1,1,0,1,1,1,0,1,0,0,0,1,1,0,0,1,1,0,0,1,1,0,0,0,0,1,0,1,1,0,1,0,1,1,0,1,0,0,0,0,1
"cs3darknet_x",39.2156862745098,1,1,0,0,1,1,1,0,1,1,0,0,0,0,0,1,0,0,0,0,0,1,0,0,0,0,0,0,0,1,0,1,0,1,1,1,1,0,1,0,0,0,1,0,1,0,1,1,0,0,0
"cs3edgenet_x",33.3333333333333,1,1,0,0,1,0,0,1,0,1,1,1,0,0,0,0,0,1,1,0,0,0,1,0,1,0,0,1,0,0,0,0,0,0,1,0,0,1,0,0,0,0,0,0,1,1,0,0,0,0,1
"cs3se_edgenet_x",54.9019607843137,1,1,1,0,0,1,1,0,1,1,0,1,0,0,1,0,1,0,1,0,1,1,1,0,1,1,0,1,0,0,0,1,0,0,1,1,0,1,0,1,1,1,1,0,1,0,0,1,1,0,0
"cs3sedarknet_l",52.9411764705882,0,1,0,0,1,1,0,1,1,1,1,1,0,1,1,0,1,1,1,0,1,1,1,1,0,1,0,1,0,1,1,1,0,1,0,0,0,0,0,1,0,0,0,0,1,1,0,0,0,1,0
"cs3sedarknet_x",37.2549019607843,1,0,0,1,1,1,1,0,1,1,0,1,0,0,0,0,1,0,1,0,0,1,0,1,1,0,0,0,0,0,0,0,0,0,0,0,0,0,1,0,1,0,0,1,0,0,1,1,0,0,1
"cspdarknet53",52.9411764705882,1,1,0,1,0,1,1,1,1,0,1,1,1,0,1,1,1,0,1,0,1,1,1,1,0,0,1,0,1,0,0,0,0,0,1,0,1,0,1,0,0,0,0,1,0,0,0,1,1,1,0
"cspresnet50",50.9803921568627,1,1,0,1,0,1,1,0,0,0,1,1,0,1,1,1,1,0,1,1,0,1,1,0,0,1,0,0,0,1,1,0,1,0,1,0,0,0,0,1,1,0,1,0,0,0,1,1,0,0,1
"cspresnext50",54.9019607843137,1,1,0,1,1,1,1,1,1,0,0,0,1,1,1,1,1,0,1,1,1,1,1,0,0,0,0,0,0,1,1,0,0,1,1,0,0,1,1,0,0,1,1,0,1,0,0,0,0,1,0
"darknet53",47.0588235294118,1,1,0,1,0,0,0,1,1,1,0,0,1,1,0,1,1,1,0,0,1,0,1,0,0,1,0,0,1,1,0,1,0,0,1,0,1,0,0,1,0,0,0,1,0,0,1,1,0,0,1
"darknetaa53",47.0588235294118,1,0,0,0,0,1,1,1,0,1,0,0,1,1,1,0,1,0,1,0,1,0,1,0,1,0,1,0,0,0,1,1,0,1,0,0,1,0,1,0,1,0,0,0,1,1,0,1,0,1,0
"deit_base_distilled_patch16_224",58.8235294117647,1,1,1,1,1,1,1,1,1,1,1,1,0,1,1,1,0,1,1,0,1,1,1,1,1,1,1,0,0,0,0,0,0,0,1,0,0,1,0,0,0,0,0,0,0,1,0,0,1,1,1
"deit_base_distilled_patch16_384",66.6666666666667,1,1,1,1,1,1,1,1,1,1,1,1,1,1,0,1,0,1,1,1,0,1,1,1,1,1,1,1,1,1,1,1,0,0,0,0,0,0,1,1,0,1,0,0,0,0,0,1,1,0,0
"deit_base_patch16_224",47.0588235294118,1,1,1,1,1,1,1,1,1,1,1,0,0,1,1,1,0,0,1,1,0,0,0,1,0,1,1,0,0,1,0,0,0,0,0,0,1,0,1,0,0,1,0,0,0,0,0,0,1,0,0
"deit_base_patch16_384",64.7058823529412,1,1,0,1,0,1,1,1,1,1,1,1,1,1,1,1,1,1,1,0,0,1,1,0,1,1,1,1,1,1,1,1,0,0,1,1,1,0,0,0,0,1,0,0,1,0,0,0,0,1,0
"deit_small_distilled_patch16_224",60.7843137254902,1,1,1,1,0,0,1,1,1,0,1,0,1,1,1,1,1,1,1,1,0,1,1,1,1,1,1,0,0,1,0,1,0,0,1,1,0,1,0,0,0,0,0,0,0,1,0,1,1,1,0
"deit_small_patch16_224",52.9411764705882,1,1,0,0,1,1,1,1,1,1,1,1,0,1,0,1,1,0,1,0,1,0,1,1,1,1,1,0,1,1,0,0,0,1,0,0,0,0,1,1,0,1,0,0,0,0,0,1,0,0,0
"deit_tiny_distilled_patch16_224",50.9803921568627,1,1,0,1,1,1,1,1,1,0,1,1,0,0,1,1,1,1,1,0,0,0,1,0,1,1,1,1,0,0,0,0,0,1,1,0,0,0,1,0,0,0,0,0,1,0,0,0,0,1,1
"deit_tiny_patch16_224",52.9411764705882,1,1,1,1,1,0,1,1,1,1,1,1,1,0,1,1,0,1,1,0,0,0,1,1,1,1,0,0,0,1,0,0,1,0,0,1,0,0,0,1,1,0,1,1,0,0,0,0,0,0,0
"deit3_base_patch16_224",66.6666666666667,1,1,1,0,1,1,1,1,1,1,1,1,1,1,1,1,0,1,1,0,1,1,1,1,1,0,1,1,1,1,1,0,0,1,1,1,0,0,0,0,0,0,0,0,1,0,1,1,0,1,0
"deit3_base_patch16_224_in21ft1k",70.5882352941177,1,1,1,1,1,1,1,1,1,1,1,1,0,1,0,0,0,1,1,1,1,1,0,1,1,1,1,0,1,1,1,0,0,1,1,1,0,0,1,0,1,0,1,0,1,1,1,1,0,1,0
"deit3_base_patch16_384",68.6274509803922,1,1,1,1,1,1,1,1,1,1,1,1,0,1,1,0,1,1,1,0,1,1,1,1,1,0,1,0,1,1,0,1,1,0,0,0,1,1,0,1,1,1,0,0,1,0,0,0,1,0,1
"deit3_base_patch16_384_in21ft1k",66.6666666666667,1,1,1,1,1,0,1,1,1,1,1,1,0,1,1,1,1,1,1,1,0,1,0,0,1,1,1,0,0,1,1,1,1,0,1,1,0,1,1,1,0,0,1,0,0,1,0,1,0,0,0
"deit3_huge_patch14_224",68.6274509803922,1,1,1,1,1,1,1,1,1,1,1,1,0,1,0,1,0,1,1,1,1,0,1,1,1,1,1,0,0,1,0,1,0,0,1,1,1,0,0,1,0,1,0,0,1,1,1,1,0,1,0
"deit3_huge_patch14_224_in21ft1k",62.7450980392157,1,1,1,1,1,1,1,1,1,1,1,1,0,1,1,1,1,0,1,1,0,1,1,1,1,0,1,0,1,1,0,1,1,0,1,1,1,0,0,0,1,0,0,0,0,0,0,0,0,0,1
"deit3_large_patch16_224",66.6666666666667,1,1,0,1,1,1,1,1,1,1,1,1,1,1,0,1,0,1,1,1,1,1,1,1,1,1,1,0,1,1,1,1,0,0,0,0,1,0,0,1,0,0,0,0,1,1,0,1,1,0,0
"deit3_large_patch16_224_in21ft1k",70.5882352941177,1,1,1,1,1,1,1,1,1,1,1,1,1,1,1,1,1,1,1,1,1,1,0,1,1,1,1,0,1,1,0,1,1,1,1,0,0,0,0,0,1,1,0,0,0,0,0,0,0,1,1
"deit3_medium_patch16_224",60.7843137254902,1,1,1,1,1,0,1,1,1,1,1,1,0,1,0,1,0,1,1,1,0,0,1,1,0,1,1,1,1,0,0,1,0,0,0,1,1,0,0,1,1,0,0,0,0,0,1,1,1,1,0
"deit3_small_patch16_224",52.9411764705882,1,1,0,0,0,1,1,0,1,1,1,0,1,1,0,1,1,1,1,1,0,1,1,0,0,1,1,1,0,1,1,1,0,0,0,0,1,0,0,1,0,0,1,1,0,0,0,0,1,0,0
"deit3_small_patch16_224_in21ft1k",45.0980392156863,1,1,1,1,0,0,1,1,1,1,1,1,0,1,0,0,0,1,1,0,0,0,1,1,0,1,1,0,0,1,0,0,0,0,1,0,0,0,0,1,0,1,0,0,0,1,0,1,0,0,0
"deit3_small_patch16_384",66.6666666666667,1,1,1,1,1,1,1,0,1,1,1,1,1,1,0,1,0,1,0,0,0,1,1,1,0,1,1,1,1,1,1,0,1,1,0,0,1,0,0,1,1,1,1,1,0,1,0,1,0,0,0
"deit3_small_patch16_384_in21ft1k",60.7843137254902,1,1,1,1,0,1,1,1,1,1,1,1,0,1,0,1,0,1,1,1,0,1,1,1,1,1,1,0,0,1,0,1,1,0,1,1,0,0,0,1,0,1,1,0,0,0,0,0,0,1,0
"dla102",49.0196078431373,1,1,1,1,1,0,1,1,1,0,1,1,0,1,1,0,1,0,0,0,1,1,0,0,0,0,0,1,0,1,0,1,0,1,0,0,1,0,1,1,1,0,0,1,0,0,0,0,0,0,1
"dla102x",43.1372549019608,1,1,0,1,1,1,1,0,1,1,1,0,0,0,1,0,0,0,0,0,0,1,1,0,1,1,1,0,1,1,0,0,0,0,0,0,0,0,1,0,0,0,0,0,1,1,1,1,0,0,0
"dla102x2",43.1372549019608,1,1,1,1,1,1,1,1,1,1,0,0,0,1,1,1,0,0,0,0,1,0,0,0,0,0,0,1,0,0,0,0,1,0,0,0,0,0,1,1,0,0,1,0,1,0,0,1,0,0,1
"dla169",50.9803921568627,1,1,0,1,1,0,1,1,1,1,1,1,0,0,1,0,0,1,1,0,1,1,1,0,1,0,1,0,0,1,1,0,0,0,0,1,1,0,0,0,0,0,0,0,1,0,1,1,0,0,1
"dla34",47.0588235294118,1,1,1,1,1,1,1,1,1,1,1,0,0,0,1,0,1,1,1,0,1,0,0,0,1,0,0,0,0,0,0,0,1,0,0,1,1,0,0,0,0,0,0,1,1,0,1,0,0,0,1
"dla46_c",47.0588235294118,1,1,0,1,1,0,0,1,1,1,1,0,0,1,1,0,0,1,1,0,0,1,0,0,0,1,0,0,0,0,1,0,1,0,1,0,0,1,0,0,1,1,1,1,0,0,1,1,0,0,0
"dla46x_c",49.0196078431373,0,1,0,1,1,1,0,0,1,1,0,1,0,0,1,1,0,1,1,1,0,1,1,0,1,1,0,0,0,0,0,1,1,0,1,0,0,1,0,0,0,0,0,0,1,0,0,1,1,1,1
"dla60",52.9411764705882,1,1,1,1,1,0,1,1,1,1,1,0,1,1,1,1,1,1,0,0,0,1,1,0,1,0,1,0,0,1,0,0,0,1,0,1,1,1,0,0,0,0,0,1,0,0,1,0,0,0,0
"dla60_res2net",43.1372549019608,1,1,0,0,1,0,1,0,1,0,1,1,0,1,1,0,1,1,1,0,0,0,0,1,0,1,0,1,0,0,0,0,0,1,0,1,0,1,0,1,0,0,1,0,0,0,1,1,0,0,0
"dla60_res2next",45.0980392156863,1,0,0,1,1,0,1,1,1,0,1,1,0,1,0,1,1,1,0,0,1,1,1,0,1,0,0,0,0,0,1,0,0,1,0,0,1,0,1,0,0,1,0,0,0,0,1,1,0,0,0
"dla60x",43.1372549019608,1,1,0,0,1,0,1,1,0,1,1,1,0,0,1,1,0,1,1,0,0,0,1,0,1,0,1,0,0,0,1,0,1,0,0,1,0,0,0,0,0,1,1,0,0,0,0,1,0,1,0
"dla60x_c",50.9803921568627,0,1,0,1,1,1,1,0,1,1,0,1,0,0,1,1,0,1,0,0,0,1,1,0,1,1,0,0,0,1,0,0,1,1,1,1,1,0,1,0,0,1,0,1,0,0,1,1,0,0,0
"dm_nfnet_f0",70.5882352941177,1,1,1,1,1,1,1,1,1,1,1,1,1,1,1,1,0,1,1,0,1,1,1,1,1,1,1,0,0,0,1,1,1,1,1,0,0,1,0,0,1,0,1,0,1,1,1,0,0,0,0
"dm_nfnet_f1",60.7843137254902,1,1,1,1,1,1,1,1,1,1,1,0,1,1,0,0,1,1,1,1,1,1,1,1,1,1,1,0,0,1,0,0,1,0,0,1,1,1,0,0,0,0,0,0,0,0,0,0,0,1,1
"dm_nfnet_f2",60.7843137254902,1,1,1,1,1,1,1,1,1,1,1,1,1,1,0,1,0,1,1,1,1,1,1,1,1,1,1,0,1,0,1,0,1,1,0,0,1,0,0,0,0,0,0,1,0,0,0,0,0,0,0
"dm_nfnet_f3",74.5098039215686,1,1,1,1,1,1,1,1,1,1,1,0,1,1,1,1,1,1,1,1,1,1,1,1,1,1,1,0,1,0,1,0,1,0,1,1,1,0,0,0,1,1,1,1,1,1,0,0,0,0,0
"dpn107",62.7450980392157,1,1,0,1,1,1,1,1,1,1,1,1,0,0,1,1,1,1,1,0,1,0,0,1,0,1,1,0,0,0,1,1,1,0,0,1,1,0,0,0,1,0,0,1,1,1,1,1,0,0,1
"dpn131",58.8235294117647,1,1,0,1,0,1,1,1,1,1,1,0,1,1,0,0,1,1,1,0,1,0,0,1,1,1,1,0,0,1,0,1,1,0,0,1,1,1,0,0,0,0,1,0,1,1,0,1,0,1,0
"dpn68",52.9411764705882,1,1,0,0,1,0,1,1,1,1,1,0,1,1,1,1,0,0,1,0,0,1,1,1,1,0,1,0,0,0,1,0,1,1,0,0,1,1,0,0,0,0,0,0,1,1,0,1,0,0,1
"dpn68b",49.0196078431373,1,1,0,1,1,0,1,1,0,1,1,1,0,1,1,1,0,0,0,1,0,0,1,0,1,1,0,0,0,1,0,0,0,0,1,1,0,1,0,1,0,0,0,0,1,1,1,1,0,0,0
"dpn92",49.0196078431373,1,1,1,1,1,1,1,1,1,1,0,1,0,1,1,0,0,1,1,0,0,1,1,0,1,1,1,0,0,1,0,0,1,0,0,0,1,0,0,0,0,0,0,0,0,1,0,1,0,0,0
"dpn98",52.9411764705882,1,1,0,0,1,1,1,1,1,1,1,0,1,1,1,0,1,1,1,0,0,0,0,0,1,1,1,0,0,1,0,1,1,1,0,1,1,0,0,0,0,0,1,0,1,0,1,0,0,0,0
"eca_botnext26ts_256",33.3333333333333,0,1,0,1,0,0,0,1,0,0,1,1,1,0,0,0,0,0,0,1,0,0,1,1,1,0,0,1,1,0,1,1,0,0,1,0,0,0,0,0,0,0,0,0,1,0,0,0,0,1,0
"eca_halonext26ts",23.5294117647059,0,0,0,0,0,0,0,0,0,1,0,0,0,0,1,1,1,1,1,0,0,0,0,0,0,1,1,0,1,0,1,0,0,0,1,0,0,1,0,0,0,0,0,0,0,0,0,0,0,0,0
"eca_nfnet_l0",68.6274509803922,1,1,0,1,1,1,1,1,1,1,1,0,1,1,1,1,0,0,1,1,1,1,1,1,1,1,1,1,1,1,0,1,1,0,1,1,1,1,0,0,1,0,0,0,1,0,0,0,0,0,1
"eca_nfnet_l1",74.5098039215686,1,1,1,1,1,1,1,1,1,1,1,1,1,1,0,1,1,0,1,0,1,1,0,0,1,0,1,1,1,1,1,1,1,0,1,1,1,0,1,0,1,1,0,0,1,1,1,1,0,0,1
"eca_nfnet_l2",78.4313725490196,1,1,1,1,1,1,1,1,1,1,1,1,1,1,1,1,0,1,1,1,0,1,1,0,1,1,1,1,1,1,1,1,1,0,0,1,1,0,1,1,1,1,1,1,1,0,1,0,0,0,0
"eca_resnet33ts",45.0980392156863,1,1,1,1,1,0,0,1,1,1,0,1,1,1,1,0,1,0,1,0,1,1,1,0,1,0,1,1,0,0,0,0,0,1,0,1,0,0,0,0,0,0,0,0,1,0,0,0,0,0,0
"eca_resnext26ts",58.8235294117647,1,1,1,1,1,0,1,1,1,1,1,1,0,1,1,1,1,1,1,0,1,1,1,1,0,0,0,0,1,1,1,1,0,0,1,0,0,0,1,0,0,0,0,1,0,1,1,0,0,0,0
"ecaresnet101d",50.9803921568627,1,1,1,1,1,0,1,1,0,0,1,0,1,0,1,1,1,0,1,1,1,1,1,0,1,0,1,0,0,0,1,0,1,0,1,0,0,0,0,1,1,1,0,0,0,0,0,1,0,0,0
"ecaresnet101d_pruned",54.9019607843137,1,1,0,1,1,1,1,1,1,1,1,1,1,0,1,1,1,1,1,1,1,0,1,1,1,0,1,1,0,0,0,0,1,0,0,0,0,0,0,0,0,0,0,1,1,1,0,0,0,0,0
"ecaresnet269d",54.9019607843137,0,1,1,0,0,0,1,1,0,1,0,1,1,0,1,0,1,1,1,1,1,1,0,0,0,1,1,0,1,0,1,1,1,1,1,1,0,1,0,1,0,0,0,0,0,1,1,1,0,0,0
"ecaresnet26t",58.8235294117647,1,1,0,1,1,1,1,1,1,1,1,1,0,0,0,0,1,1,1,0,0,1,0,1,1,1,1,0,0,0,0,1,1,0,1,1,1,1,1,0,0,1,1,0,1,0,1,0,0,0,0
"ecaresnet50d",29.4117647058824,1,1,0,1,0,0,1,0,0,0,0,0,0,1,1,0,0,0,0,0,0,1,1,0,0,1,1,0,0,1,0,0,0,0,0,0,0,0,1,1,0,0,1,0,1,0,0,0,0,0,0
"ecaresnet50d_pruned",62.7450980392157,1,1,0,1,1,1,1,1,1,1,1,1,1,1,1,1,0,1,1,0,0,1,1,1,1,1,1,0,1,0,0,0,1,1,1,0,1,1,0,1,0,0,0,0,0,0,0,0,1,1,0
"ecaresnet50t",50.9803921568627,1,0,0,1,1,1,1,0,1,1,1,1,1,1,1,1,1,1,1,0,0,1,1,1,0,1,0,1,0,0,0,0,1,1,0,0,0,1,1,0,0,0,1,0,0,0,0,0,0,0,0
"ecaresnetlight",45.0980392156863,1,1,0,0,1,0,0,1,1,1,0,1,0,1,1,1,1,0,0,0,1,0,0,1,0,1,1,1,0,1,0,0,0,0,1,0,1,0,1,0,1,1,0,1,0,0,0,0,0,0,0
"edgenext_base",76.4705882352941,1,1,0,1,1,1,1,1,1,1,1,1,0,1,0,1,1,1,1,1,0,1,1,0,1,1,1,0,1,1,1,1,1,1,1,1,1,1,1,1,0,1,0,1,0,0,1,1,0,1,0
"edgenext_small",70.5882352941177,1,1,1,1,1,0,1,1,1,1,1,1,1,1,1,1,1,1,1,1,1,1,1,1,1,1,1,1,1,1,0,0,0,0,1,1,0,1,0,0,0,0,0,1,1,0,0,0,0,1,1
"edgenext_small_rw",58.8235294117647,1,1,1,1,1,1,1,1,1,1,1,1,1,1,1,1,0,1,1,0,1,1,1,0,0,1,1,1,1,1,1,0,0,0,0,0,0,0,0,0,0,0,0,0,1,0,0,0,1,1,0
"edgenext_x_small",52.9411764705882,1,1,0,1,1,1,1,1,1,1,1,1,1,0,0,1,0,1,1,0,0,1,1,1,1,1,1,0,0,0,1,0,0,1,0,0,0,0,0,1,0,0,0,1,0,1,0,0,0,1,0
"edgenext_xx_small",52.9411764705882,1,1,0,1,0,0,1,1,1,0,1,1,0,0,0,1,0,1,1,0,1,0,0,1,0,1,1,1,1,1,1,0,0,0,0,0,1,0,0,1,0,1,0,1,1,0,1,0,1,1,0
"efficientformer_l1",62.7450980392157,1,1,1,1,1,1,1,1,1,1,1,1,1,1,1,1,0,1,1,0,0,1,1,1,0,0,1,0,0,0,1,0,0,1,0,1,1,1,1,0,1,0,0,1,0,0,1,1,0,0,0
"efficientformer_l3",50.9803921568627,1,1,0,1,1,0,1,1,1,1,1,1,1,0,0,1,0,1,0,0,0,0,1,0,0,1,1,1,0,0,1,1,1,1,0,1,0,0,0,0,0,0,0,0,1,0,0,1,1,0,1
"efficientformer_l7",68.6274509803922,1,1,0,0,1,1,1,1,1,1,1,1,1,1,1,1,0,1,1,1,1,1,1,1,1,1,1,0,1,0,1,0,1,0,1,0,1,0,1,0,0,1,0,1,1,1,0,1,0,0,0
"efficientnet_b4",58.8235294117647,1,0,0,0,1,1,1,1,1,1,1,1,0,0,1,1,1,1,1,0,0,0,1,0,1,1,1,0,0,1,0,1,1,1,0,0,1,1,1,0,0,1,1,1,1,0,1,0,0,0,0
"efficientnetv2_rw_s",54.9019607843137,1,0,0,0,1,0,1,1,0,0,0,1,1,0,1,0,0,1,1,1,1,1,1,0,0,0,0,1,0,1,1,0,0,1,1,1,1,0,0,1,1,1,1,0,1,0,1,1,0,0,1
"ens_adv_inception_resnet_v2",64.7058823529412,1,1,0,1,1,1,1,1,0,1,1,1,0,1,1,1,0,1,1,0,0,0,1,1,1,0,0,0,0,1,1,1,1,1,1,1,1,0,0,1,1,0,0,1,1,1,0,1,0,1,0
"ese_vovnet19b_dw",56.8627450980392,1,1,0,0,1,1,1,1,1,1,0,1,0,1,1,1,1,0,0,0,1,1,1,1,0,0,1,0,1,1,0,0,0,1,0,1,0,0,1,1,0,0,1,0,0,1,1,1,0,0,1
"ese_vovnet39b",39.2156862745098,1,1,0,1,1,0,1,0,1,0,0,0,0,1,1,1,0,0,1,0,1,1,1,0,1,0,0,0,0,1,0,1,0,0,0,0,0,1,0,0,0,0,0,0,1,0,0,1,0,0,1
"fbnetc_100",33.3333333333333,1,1,0,0,0,0,0,0,0,0,0,1,0,0,1,0,1,0,1,0,0,0,0,1,0,1,1,0,1,0,0,0,1,0,1,0,1,0,0,0,1,0,0,0,1,1,0,0,1,0,0
"fbnetv3_b",31.3725490196078,0,1,0,0,1,0,0,1,0,0,0,0,0,0,0,0,1,0,1,0,0,1,0,0,0,0,1,1,0,0,0,0,1,0,0,0,1,1,0,1,0,1,1,1,0,1,0,0,0,0,0
"fbnetv3_d",41.1764705882353,1,1,0,1,0,0,1,0,1,0,0,1,1,1,0,1,0,0,1,1,0,0,0,0,1,0,1,0,0,0,0,1,1,1,0,1,1,0,0,0,0,0,0,0,1,0,0,0,1,1,0
"fbnetv3_g",37.2549019607843,0,1,0,0,1,1,0,1,0,0,0,1,0,1,1,1,0,0,0,1,0,1,0,0,0,0,1,0,0,1,0,1,0,0,0,1,0,1,0,0,0,1,0,0,0,0,0,1,0,1,1
"gc_efficientnetv2_rw_t",50.9803921568627,0,0,1,0,1,0,1,1,1,1,0,0,0,1,1,1,0,1,1,0,0,0,1,0,0,1,1,0,0,0,0,1,1,1,1,1,0,0,1,0,1,0,1,0,0,0,1,0,1,1,1
"gcresnet33ts",54.9019607843137,1,0,0,1,1,1,1,1,1,1,1,1,0,0,0,1,1,1,1,0,0,0,1,0,1,1,1,1,0,1,1,1,0,0,1,0,0,1,0,0,0,0,1,0,0,0,1,0,0,1,1
"gcresnet50t",49.0196078431373,0,1,0,1,1,1,1,1,1,0,1,1,1,0,0,1,0,0,1,1,1,1,1,1,0,1,0,0,0,0,0,0,1,1,0,0,0,0,1,1,0,0,1,1,0,0,0,1,0,0,0
"gcresnext26ts",35.2941176470588,0,1,0,1,1,1,0,0,1,1,1,1,0,1,0,1,0,1,0,0,1,1,0,0,1,0,0,0,0,0,0,1,0,0,0,0,0,0,1,0,0,0,0,0,0,0,1,1,0,0,0
"gcresnext50ts",54.9019607843137,0,0,1,1,1,1,1,1,1,1,0,0,1,1,1,1,1,1,1,1,1,1,1,0,0,0,1,0,1,0,1,1,0,0,1,0,0,1,0,1,1,0,0,0,0,0,0,0,0,0,1
"gcvit_base",62.7450980392157,1,1,1,1,1,1,1,1,1,1,1,1,0,1,0,0,0,1,1,1,1,1,1,1,1,1,1,0,1,1,0,0,0,0,0,1,0,0,1,0,0,1,1,0,1,0,0,1,1,0,0
"gcvit_small",70.5882352941177,1,1,1,1,1,1,1,1,1,1,1,1,0,1,0,1,0,1,1,0,1,1,1,0,1,1,1,1,1,0,0,1,1,1,0,1,1,0,0,0,1,0,1,0,0,1,0,1,1,1,1
"gcvit_tiny",70.5882352941177,1,1,0,1,1,1,1,1,1,1,1,1,1,1,0,1,1,1,1,1,0,1,0,1,1,1,1,1,1,1,1,1,0,1,1,1,1,1,1,0,0,0,0,0,1,0,0,0,0,1,0
"gcvit_xtiny",70.5882352941177,1,1,1,1,1,1,1,1,1,1,1,0,1,1,1,1,1,1,1,1,0,0,1,1,1,1,1,1,0,1,0,0,0,1,1,1,1,1,0,0,0,1,1,0,1,0,1,0,0,1,0
"gcvit_xxtiny",76.4705882352941,1,1,1,1,1,1,1,1,1,1,1,1,1,1,1,0,1,1,1,1,1,0,1,1,1,1,1,0,1,1,1,1,1,0,0,1,1,0,1,0,0,1,1,0,0,1,1,1,0,1,0
"gernet_l",50.9803921568627,0,1,0,0,0,0,1,1,1,1,1,0,1,1,0,1,1,0,1,1,0,1,1,1,0,0,1,1,1,1,0,0,0,0,0,1,0,0,1,0,1,0,0,1,1,1,0,0,0,0,1
"gernet_m",56.8627450980392,1,1,1,1,1,1,1,1,1,1,1,1,0,1,1,0,1,0,1,0,1,1,0,0,0,0,1,0,0,1,1,0,1,0,0,1,1,0,1,0,0,0,1,1,1,0,0,1,0,0,0
"gernet_s",56.8627450980392,1,1,1,1,1,1,1,1,1,1,1,1,1,1,1,1,0,1,0,0,1,1,1,0,0,1,1,0,0,0,0,0,0,0,0,1,0,0,0,1,1,0,1,0,1,0,1,1,0,0,0
"ghostnet_100",52.9411764705882,1,1,0,1,1,0,1,1,0,1,1,0,1,1,1,0,0,0,0,0,0,1,1,1,1,1,1,1,1,0,0,0,1,0,0,0,1,0,0,0,1,0,0,1,0,1,1,1,0,1,0
"gluon_inception_v3",54.9019607843137,1,1,0,0,1,0,1,0,1,1,1,1,1,1,1,0,1,1,0,0,0,1,1,1,1,1,1,0,0,1,0,1,0,0,1,0,1,0,0,1,0,0,1,1,0,1,0,0,0,1,0
"gluon_resnet101_v1b",52.9411764705882,1,1,0,0,1,0,1,1,0,1,1,1,0,1,1,0,0,1,1,0,0,1,1,1,0,1,1,0,1,0,1,0,1,1,1,0,1,0,0,0,0,0,1,1,1,0,0,0,0,0,1
"gluon_resnet101_v1c",54.9019607843137,1,1,0,0,1,1,1,1,1,0,1,1,1,1,1,0,0,0,1,0,1,1,1,1,1,1,0,0,0,1,0,0,0,1,0,0,1,0,1,0,1,1,1,0,0,0,1,0,0,0,1
"gluon_resnet101_v1d",41.1764705882353,1,1,0,1,1,0,1,1,1,1,1,0,0,1,0,0,0,0,0,0,1,1,0,0,0,1,1,0,0,1,0,1,1,0,0,1,0,0,1,0,0,0,0,0,0,0,0,1,0,0,1
"gluon_resnet101_v1s",52.9411764705882,1,1,0,1,1,1,1,1,1,1,0,1,1,0,1,1,1,0,1,0,1,0,0,0,1,0,0,1,0,0,0,0,1,0,1,1,0,1,0,0,0,0,1,0,1,0,1,0,0,1,1
"gluon_resnet152_v1b",39.2156862745098,0,1,0,1,0,1,1,1,1,0,1,1,0,1,1,0,1,1,0,0,0,1,1,0,1,1,0,0,1,0,0,0,0,0,0,0,1,0,0,0,0,1,0,0,0,0,0,1,0,0,0
"gluon_resnet152_v1c",49.0196078431373,0,1,1,1,0,1,1,0,1,0,1,1,0,0,0,1,1,1,0,0,0,1,1,0,1,1,0,0,0,1,0,1,1,1,1,0,1,0,1,0,0,1,0,1,1,0,0,0,0,0,0
"gluon_resnet152_v1d",50.9803921568627,1,1,0,1,1,0,1,1,1,0,1,1,0,1,0,1,0,0,0,1,0,1,1,0,1,1,1,1,0,0,0,0,1,0,0,0,0,1,1,0,0,0,1,0,0,1,1,0,0,1,1
"gluon_resnet152_v1s",43.1372549019608,1,1,0,0,1,0,1,0,1,0,1,0,1,0,1,1,0,1,0,0,0,1,0,1,1,1,0,0,1,0,0,1,0,0,0,1,0,1,1,0,0,0,1,0,0,0,1,1,0,0,0
"gluon_resnet18_v1b",58.8235294117647,1,1,1,1,1,0,1,1,0,1,1,1,0,1,1,1,0,0,0,0,0,1,1,0,0,1,1,1,0,1,0,0,1,1,1,1,1,1,0,0,1,0,0,1,1,0,1,1,0,0,0
"gluon_resnet34_v1b",45.0980392156863,1,1,0,1,0,1,1,1,1,1,0,1,0,1,0,1,1,1,1,0,0,1,1,0,1,0,0,1,0,0,0,0,1,0,0,0,0,0,0,0,1,1,0,0,0,1,1,0,0,0,0
"gluon_resnet50_v1b",37.2549019607843,1,1,0,1,0,0,1,0,1,0,1,0,0,0,1,1,1,1,1,0,0,1,0,1,1,0,0,1,0,0,0,1,0,0,1,0,0,0,0,1,0,0,0,1,0,0,0,0,0,0,0
"gluon_resnet50_v1c",45.0980392156863,1,1,0,0,0,0,0,1,0,1,1,1,0,0,1,0,1,0,1,0,0,1,1,0,0,1,0,0,0,1,0,1,1,1,0,0,1,0,1,1,0,0,1,1,0,1,0,1,0,0,0
"gluon_resnet50_v1d",50.9803921568627,1,1,0,1,1,1,1,1,1,1,1,0,1,1,0,1,0,1,0,1,0,1,0,0,0,1,1,0,0,1,0,1,1,0,1,0,0,0,1,0,0,0,1,0,0,1,0,0,0,1,0
"gluon_resnet50_v1s",50.9803921568627,1,1,0,0,1,1,0,1,0,1,0,1,0,0,1,1,1,0,0,1,0,1,1,0,1,0,0,1,1,0,0,1,1,0,0,0,0,0,0,1,1,1,1,0,1,0,1,0,0,1,1
"gluon_resnext101_32x4d",47.0588235294118,1,1,0,1,1,0,1,1,0,1,0,0,0,1,0,0,0,1,1,0,1,0,1,0,0,0,1,0,0,0,0,1,1,1,0,0,1,1,0,0,1,0,1,0,0,1,1,1,0,1,0
"gluon_resnext101_64x4d",41.1764705882353,0,1,0,0,1,0,1,1,0,0,0,1,0,1,1,1,1,1,0,0,0,1,0,0,0,0,1,0,0,0,0,1,0,1,0,1,0,1,1,0,0,1,0,0,1,0,1,1,0,0,0
"gluon_resnext50_32x4d",49.0196078431373,1,1,0,1,1,0,0,0,1,1,1,0,0,1,0,1,1,1,1,0,1,0,1,0,0,0,1,0,0,1,1,1,1,0,1,1,0,0,1,0,0,1,1,0,1,0,0,0,0,0,0
"gluon_senet154",45.0980392156863,1,1,0,1,0,0,1,1,1,1,1,1,0,1,1,0,0,1,0,1,0,0,0,0,0,1,0,0,1,1,1,0,1,0,0,0,1,0,1,0,0,0,0,1,0,0,0,1,0,0,1
"gluon_seresnext101_32x4d",50.9803921568627,0,1,0,1,1,1,1,1,1,1,1,0,0,1,1,1,0,1,1,0,1,1,0,0,0,0,1,0,0,1,0,0,1,0,0,1,0,1,1,1,0,0,0,0,1,1,0,0,0,0,1
"gluon_seresnext101_64x4d",37.2549019607843,1,1,0,0,1,0,0,0,1,1,1,1,0,1,1,0,0,0,1,1,1,0,1,0,0,0,0,0,0,1,1,0,1,1,0,0,0,0,0,0,0,0,0,0,1,0,0,0,0,1,0
"gluon_seresnext50_32x4d",25.4901960784314,0,1,0,1,0,0,1,0,0,1,0,0,0,1,0,1,1,1,0,0,1,0,1,1,0,0,0,0,0,0,0,0,0,0,0,0,0,0,1,0,0,0,0,0,0,0,0,0,0,0,1
"gluon_xception65",52.9411764705882,1,1,1,1,1,0,1,1,0,1,1,1,0,1,1,0,1,0,1,0,0,0,1,0,0,1,0,0,0,0,0,1,1,0,0,1,1,1,0,1,0,0,1,1,1,0,0,1,0,1,0
"gmixer_24_224",52.9411764705882,1,1,0,1,1,1,1,1,1,1,1,1,0,0,0,1,0,1,1,1,1,1,1,0,1,1,1,0,1,0,0,0,0,0,0,0,0,0,1,0,0,0,0,0,0,0,1,1,0,1,1
"gmlp_s16_224",56.8627450980392,1,1,0,1,1,1,1,1,1,0,1,0,1,1,0,1,1,0,1,0,0,1,1,1,1,1,1,1,0,0,0,0,0,0,1,1,0,0,0,1,0,0,1,0,1,1,0,0,1,1,0
"halo2botnet50ts_256",45.0980392156863,0,1,0,0,0,0,1,1,0,1,0,0,0,1,1,1,0,1,1,0,0,1,1,0,1,0,0,0,1,0,0,1,0,1,0,0,1,0,0,0,0,0,0,1,1,0,1,1,1,1,1
"halonet26t",47.0588235294118,1,1,1,1,1,0,1,1,1,0,1,1,1,1,1,1,0,1,1,0,1,0,0,0,0,1,0,0,0,0,0,0,0,1,0,0,1,0,0,0,0,0,1,0,0,0,1,1,0,1,0
"halonet50ts",47.0588235294118,0,1,0,1,0,0,0,1,0,1,0,1,1,1,1,0,1,1,1,0,1,0,1,0,0,0,0,0,0,0,1,0,1,1,0,1,1,0,0,1,0,0,1,1,0,1,1,0,1,0,0
"haloregnetz_b",41.1764705882353,1,0,0,1,0,0,1,1,0,0,0,0,1,1,1,0,0,1,0,1,0,0,0,0,0,0,0,0,0,1,1,1,0,0,0,1,1,1,0,0,0,1,1,1,1,0,1,0,0,0,1
"hardcorenas_a",49.0196078431373,0,1,1,1,1,1,1,1,1,1,0,1,0,1,0,0,1,1,1,0,0,0,1,0,1,0,1,0,0,0,0,1,1,0,1,0,1,0,0,0,0,0,0,1,1,1,0,1,0,0,0
"hardcorenas_b",47.0588235294118,0,1,0,1,1,1,1,0,1,1,0,1,0,0,0,1,0,1,1,1,0,1,1,0,1,0,1,0,0,0,0,1,1,0,1,0,0,1,0,0,0,0,1,0,1,0,1,1,0,0,0
"hardcorenas_c",52.9411764705882,0,1,0,1,1,1,1,1,1,0,0,1,0,0,1,1,0,1,1,1,0,1,0,0,1,0,1,1,0,0,0,1,1,1,1,1,0,1,0,1,1,0,1,0,0,0,0,1,0,0,0
"hardcorenas_d",47.0588235294118,0,0,0,0,1,1,1,1,0,1,1,1,0,1,1,1,1,1,0,0,0,1,1,1,0,1,1,0,0,0,0,0,0,1,1,0,1,1,1,1,0,0,0,0,0,0,1,0,0,0,0
"hardcorenas_e",41.1764705882353,1,1,0,0,1,0,1,1,1,1,1,1,0,1,1,1,1,1,0,0,0,1,1,0,0,0,0,0,0,0,1,0,0,1,1,0,0,1,0,0,0,0,0,0,0,0,1,0,0,0,0
"hardcorenas_f",43.1372549019608,1,1,0,0,1,0,1,0,1,1,1,1,0,0,0,1,1,1,1,0,0,0,1,0,1,0,0,0,0,0,1,0,0,0,1,0,0,1,0,1,0,1,1,0,1,0,1,0,0,0,0
"hrnet_w18",56.8627450980392,1,1,0,1,1,0,1,1,1,1,0,1,0,1,1,1,0,1,1,0,1,1,1,0,1,1,0,0,0,0,0,1,1,1,0,1,1,0,0,0,1,0,0,0,1,1,0,1,0,1,0
"hrnet_w18_small",52.9411764705882,1,1,0,1,1,1,1,1,1,1,1,0,1,0,0,1,0,1,0,1,1,0,1,0,1,1,0,0,0,0,0,1,1,1,0,0,1,0,1,0,1,0,1,1,0,0,0,1,0,0,0
"hrnet_w18_small_v2",52.9411764705882,1,1,0,1,1,0,1,1,1,1,1,1,0,1,1,1,0,1,1,1,1,1,1,0,1,1,0,0,0,0,0,1,0,1,1,1,1,0,0,0,0,0,0,0,0,0,0,0,0,1,0
"hrnet_w30",58.8235294117647,1,1,0,1,1,1,1,1,1,1,0,1,0,1,1,1,0,1,0,1,1,0,1,0,0,0,1,1,0,0,0,1,0,0,0,1,1,0,0,1,1,0,1,1,1,1,1,1,0,0,0
"hrnet_w32",58.8235294117647,1,1,1,1,1,1,1,1,0,1,1,1,1,0,1,1,0,1,1,0,0,0,1,0,1,0,1,1,0,0,0,0,1,1,1,1,0,0,1,1,1,0,0,0,1,0,1,0,1,0,0
"hrnet_w40",50.9803921568627,1,1,0,1,1,0,1,1,1,1,1,1,0,0,0,1,0,0,1,0,0,1,1,0,0,1,0,0,0,0,1,1,1,1,0,0,1,1,0,1,0,0,0,0,1,1,0,0,0,1,1
"hrnet_w44",47.0588235294118,1,1,1,1,1,0,1,1,1,1,1,0,0,1,0,1,0,1,1,1,1,1,0,0,0,0,1,1,0,0,0,0,1,0,1,0,1,0,0,0,0,0,0,0,1,0,1,0,0,0,0
"hrnet_w48",43.1372549019608,1,1,1,0,1,0,1,1,1,1,0,1,0,0,1,1,0,0,1,0,1,1,0,1,0,0,0,0,0,0,0,0,0,0,1,0,1,0,1,0,0,0,0,0,1,1,0,1,0,0,1
"hrnet_w64",60.7843137254902,1,1,1,0,1,0,1,1,1,1,1,0,0,1,1,0,1,1,1,1,0,1,0,1,0,0,1,1,1,1,1,1,0,1,0,0,0,1,1,0,0,1,0,0,1,1,0,1,0,0,1
"ig_resnext101_32x16d",43.1372549019608,1,1,0,0,1,1,1,1,1,0,1,1,1,1,0,0,0,0,1,1,0,1,0,0,1,1,1,0,0,0,0,0,0,0,0,1,0,0,0,0,0,0,1,0,1,0,0,0,1,0,1
"ig_resnext101_32x32d",56.8627450980392,1,1,0,1,1,1,1,1,1,1,0,1,0,1,1,1,0,0,1,1,0,1,1,1,1,0,1,0,0,0,1,0,0,0,0,0,1,0,0,0,1,0,1,1,1,0,1,1,0,0,1
"ig_resnext101_32x8d",56.8627450980392,1,1,0,1,0,1,1,1,1,0,0,1,0,1,1,0,0,1,1,1,1,1,0,1,1,0,1,0,0,0,0,0,0,0,0,1,1,1,0,0,1,0,1,1,1,1,1,0,0,1,1
"inception_resnet_v2",39.2156862745098,1,1,0,0,1,1,0,0,0,0,1,1,0,0,0,0,1,1,0,0,1,0,0,1,0,0,0,1,1,1,1,1,0,0,1,0,1,1,0,0,0,0,0,1,0,0,0,0,1,0,0
"inception_v3",31.3725490196078,0,1,0,1,1,0,0,0,0,0,0,1,1,1,0,0,1,0,0,0,0,0,0,0,1,1,1,0,1,0,0,1,0,0,0,0,0,0,0,0,0,0,1,0,1,0,0,0,1,0,1
"inception_v4",41.1764705882353,1,1,1,1,1,0,1,1,1,0,1,1,0,0,1,1,0,1,0,0,1,1,0,0,0,0,0,0,0,0,0,0,1,1,0,0,1,0,0,0,0,0,1,0,1,1,0,0,0,0,0
"jx_nest_base",58.8235294117647,1,1,0,1,1,0,1,0,1,0,1,1,1,1,0,1,0,0,1,1,1,1,0,1,0,1,1,0,0,1,0,0,0,1,1,1,0,1,0,1,1,0,1,0,1,1,0,0,1,0,1
"jx_nest_small",31.3725490196078,0,1,0,0,0,0,0,1,0,0,1,0,0,1,1,1,1,1,0,0,0,0,1,1,1,0,0,0,0,0,0,0,1,1,0,1,0,1,0,0,0,0,0,0,0,0,0,0,0,0,1
"jx_nest_tiny",45.0980392156863,0,0,1,0,0,1,0,1,1,0,0,0,1,1,1,1,1,1,1,0,1,1,0,1,1,0,0,1,1,0,0,0,0,0,0,0,0,0,0,0,1,1,0,1,0,1,0,0,1,1,0
"lambda_resnet26rpt_256",39.2156862745098,1,0,0,1,0,0,0,1,0,0,1,1,0,0,0,1,1,1,1,0,0,1,1,0,0,1,0,1,1,0,0,0,0,0,1,1,0,1,1,0,0,0,0,0,1,1,0,0,0,0,0
"lambda_resnet26t",47.0588235294118,0,0,0,1,0,1,0,0,1,1,0,0,0,1,1,0,0,1,1,1,1,0,1,0,0,0,0,0,0,1,1,1,1,0,1,1,1,1,1,0,0,0,0,1,0,0,1,1,0,0,1
"lambda_resnet50ts",41.1764705882353,1,1,0,1,0,1,1,1,0,0,0,1,0,1,0,1,0,1,1,0,0,0,0,0,0,0,1,1,0,1,0,0,1,1,1,0,1,0,0,1,0,0,0,1,0,0,1,0,0,0,0
"lamhalobotnet50ts_256",50.9803921568627,1,1,1,1,1,1,0,1,1,1,1,1,1,1,1,1,0,0,0,1,0,1,0,0,0,0,0,0,1,1,1,1,1,1,0,1,0,0,1,0,0,0,0,0,0,0,0,0,0,1,0
"lcnet_050",39.2156862745098,1,1,0,1,1,0,1,1,1,0,1,1,0,0,1,0,0,1,0,1,0,0,1,0,1,1,0,0,0,0,0,0,0,0,0,0,1,0,0,1,1,0,0,0,0,0,1,0,0,0,1
"lcnet_075",37.2549019607843,1,1,0,1,1,0,1,1,0,1,1,1,0,0,0,1,1,1,0,0,0,0,0,0,0,0,0,0,0,0,0,1,1,0,0,1,1,1,0,0,0,0,0,0,0,0,1,1,0,0,0
"lcnet_100",50.9803921568627,1,1,0,1,1,0,1,1,1,1,1,0,0,0,0,0,0,1,1,1,0,0,1,0,1,1,0,0,0,1,0,1,1,1,0,0,1,0,1,0,0,1,0,0,0,1,1,0,0,1,1
"legacy_senet154",43.1372549019608,0,1,0,1,1,1,1,0,1,0,0,1,0,0,0,0,1,0,0,1,1,0,1,0,0,1,1,0,0,1,1,0,1,0,1,0,0,0,1,1,0,0,0,0,0,0,0,1,0,1,1
"legacy_seresnet101",39.2156862745098,1,0,0,0,1,1,0,1,1,0,1,0,0,0,1,1,1,0,0,1,0,1,1,0,0,0,0,0,0,0,1,1,0,1,0,1,0,1,0,0,0,1,0,0,1,0,0,1,0,0,0
"legacy_seresnet152",49.0196078431373,1,1,1,0,1,0,1,0,1,0,1,0,1,1,0,0,1,1,1,0,1,0,1,0,1,1,1,0,1,0,0,0,1,0,0,0,0,0,1,0,0,0,0,0,1,1,0,1,1,1,0
"legacy_seresnet18",54.9019607843137,1,1,0,1,1,1,1,1,1,0,1,1,0,1,1,1,1,1,1,0,1,1,0,0,0,1,0,0,0,1,0,1,1,0,0,0,0,0,1,0,0,0,1,0,1,0,1,0,1,0,1
"legacy_seresnet34",43.1372549019608,1,0,1,0,1,0,0,1,1,0,1,1,0,0,0,0,0,0,1,0,1,0,1,1,0,0,0,0,1,0,1,0,1,1,1,1,0,0,0,0,1,0,0,0,1,1,0,0,1,0,1
"legacy_seresnet50",43.1372549019608,1,1,1,0,1,1,0,1,0,1,1,1,0,0,0,0,1,0,0,0,0,1,1,0,0,0,1,0,1,0,0,0,1,1,0,1,0,1,0,0,0,0,1,0,1,0,0,1,0,0,1
"legacy_seresnext101_32x4d",27.4509803921569,1,0,1,0,1,0,1,1,1,0,0,0,0,0,0,0,0,0,0,1,0,1,0,0,0,0,0,0,0,0,1,0,0,0,1,1,1,0,0,0,0,0,0,0,0,0,1,0,0,1,0
"legacy_seresnext26_32x4d",58.8235294117647,0,1,0,1,1,1,1,1,1,0,1,1,0,0,1,0,1,1,1,1,1,1,1,0,1,1,0,0,1,1,0,0,1,1,1,0,1,0,0,1,0,0,1,1,1,0,0,1,0,0,0
"legacy_seresnext50_32x4d",33.3333333333333,1,1,0,1,1,0,0,1,1,1,0,1,0,0,0,1,1,0,1,0,0,0,1,0,0,0,0,0,0,0,0,0,1,0,0,0,0,0,1,0,0,0,0,0,1,0,0,0,0,1,1
"levit_128",31.3725490196078,0,0,0,0,1,1,0,0,0,1,1,1,0,0,0,1,1,0,0,1,0,1,0,0,0,0,1,0,0,0,0,0,1,0,1,1,0,0,0,0,0,0,0,0,1,0,0,1,0,0,1
"levit_128s",39.2156862745098,0,0,1,0,0,1,1,1,0,1,1,0,1,0,1,0,0,0,0,0,0,1,0,0,0,0,1,0,1,0,0,1,1,1,0,1,1,1,0,0,0,0,1,0,0,0,1,0,0,0,1
"levit_192",27.4509803921569,1,0,0,0,0,0,0,0,0,0,0,1,0,1,0,0,1,1,1,1,0,0,0,1,0,1,0,0,0,1,1,0,0,0,0,0,0,0,0,0,1,1,0,1,0,0,0,0,0,0,0
"levit_256",41.1764705882353,0,1,0,0,0,1,0,1,0,0,1,0,0,0,0,0,1,0,0,0,0,1,0,0,0,0,1,1,0,1,0,1,1,1,1,0,0,1,1,0,0,0,0,1,1,0,1,1,1,0,1
"levit_384",47.0588235294118,1,1,0,0,1,1,1,1,1,1,0,1,0,1,1,0,1,1,1,0,0,0,1,1,0,0,0,0,1,1,1,0,0,0,0,1,0,1,0,1,0,0,0,0,0,0,1,0,1,0,0
"maxvit_nano_rw_256",54.9019607843137,1,1,1,1,1,0,1,1,1,1,1,1,0,1,1,1,0,0,0,0,0,1,1,0,0,0,1,0,1,0,1,0,1,1,0,0,0,0,0,1,0,1,0,0,1,0,1,1,0,1,1
"maxvit_rmlp_nano_rw_256",52.9411764705882,0,1,0,1,1,1,1,1,1,1,1,1,0,1,1,1,1,1,1,1,1,0,0,1,0,1,0,0,1,0,0,0,1,0,1,1,0,1,0,1,0,0,0,0,0,0,0,0,1,0,0
"maxvit_rmlp_pico_rw_256",54.9019607843137,1,1,0,1,0,1,1,1,1,1,0,1,1,0,1,1,0,1,1,0,1,0,1,1,0,1,1,1,1,1,0,0,0,0,0,1,0,1,0,0,1,0,0,1,0,1,0,1,0,0,0
"maxvit_rmlp_tiny_rw_256",49.0196078431373,1,1,1,1,1,0,1,1,1,1,1,1,0,0,1,1,0,1,1,0,0,0,1,0,1,1,1,0,0,1,0,0,1,0,0,1,0,0,0,0,0,0,1,1,1,0,0,0,0,0,0
"maxvit_tiny_rw_224",58.8235294117647,1,1,0,0,1,0,1,1,1,0,1,0,0,1,1,1,1,1,1,1,0,0,0,1,0,1,0,0,1,1,1,1,1,1,0,1,0,0,0,1,1,1,0,1,1,1,0,0,1,0,0
"mixer_b16_224",62.7450980392157,1,1,1,1,1,1,1,1,1,1,1,1,1,0,0,0,1,1,0,0,0,1,1,1,1,1,1,1,1,1,1,1,0,1,0,1,1,0,0,0,0,0,0,0,1,0,1,1,0,0,0
"mixer_b16_224_in21k",64.7058823529412,1,1,1,1,1,1,1,1,1,1,1,1,1,1,1,0,0,1,1,0,1,1,1,1,1,1,1,1,1,0,0,0,1,0,1,1,1,0,0,1,0,0,0,0,1,0,0,0,0,1,0
"mixer_b16_224_miil",52.9411764705882,1,1,0,1,1,1,1,1,1,1,1,0,0,1,1,1,0,0,1,0,1,1,1,1,1,0,1,1,1,0,0,0,0,1,0,0,1,0,0,0,0,0,0,0,0,0,1,0,0,1,1
"mixer_b16_224_miil_in21k",80.3921568627451,1,1,0,1,1,1,1,1,1,1,1,1,1,1,1,1,0,1,1,1,0,1,1,1,1,1,1,1,1,1,1,1,1,0,1,1,1,0,0,1,1,1,1,1,0,1,1,1,0,0,0
"mixer_l16_224",54.9019607843137,1,1,0,1,1,1,1,1,1,1,1,0,0,1,1,0,1,1,1,0,0,1,1,1,1,0,1,1,1,0,0,0,0,1,1,0,1,0,0,0,0,0,1,1,0,0,0,0,1,0,0
"mixer_l16_224_in21k",62.7450980392157,1,0,1,1,1,0,1,1,1,1,1,1,1,1,0,1,0,0,1,1,0,0,1,1,1,1,1,1,0,1,1,1,0,1,1,1,0,1,0,0,0,1,1,0,0,0,0,1,0,1,0
"mixnet_l",47.0588235294118,1,1,0,1,1,1,0,1,1,1,1,1,0,1,1,0,0,1,0,0,1,0,0,0,0,1,0,0,1,0,0,0,1,0,1,0,1,1,1,0,0,0,0,1,1,0,0,1,0,0,0
"mixnet_m",47.0588235294118,1,1,1,1,1,1,1,1,1,0,1,1,0,1,0,0,0,1,1,0,1,0,1,0,0,0,1,0,0,0,0,0,0,1,1,0,0,0,1,0,0,1,0,0,1,0,1,1,0,0,0
"mixnet_s",52.9411764705882,1,1,0,1,1,0,1,0,1,0,1,1,0,1,1,1,0,1,1,1,0,0,0,0,1,0,1,1,0,1,0,0,1,0,1,0,1,1,0,0,0,1,1,0,0,0,1,1,1,0,0
"mixnet_xl",52.9411764705882,1,0,0,1,1,1,1,1,1,1,0,1,0,1,1,0,0,1,1,1,0,0,1,0,1,1,1,0,1,1,1,0,0,0,0,1,1,0,0,1,0,1,1,0,1,0,0,0,0,0,0
"mnasnet_100",47.0588235294118,1,1,0,1,0,1,1,1,1,0,1,0,0,0,0,1,0,1,1,0,1,0,1,1,1,0,1,0,0,0,0,0,1,0,1,0,1,0,0,0,0,1,1,0,1,0,0,0,1,0,1
"mnasnet_small",43.1372549019608,1,1,0,1,1,1,0,1,1,0,1,1,0,0,0,0,0,0,1,1,0,1,0,1,1,0,0,0,0,0,0,0,0,1,1,1,1,0,0,0,0,1,1,1,0,0,1,0,0,0,0
"mobilenetv3_large_100_miil_in21k",33.3333333333333,1,1,0,1,0,1,1,1,1,0,1,0,0,0,1,1,0,0,1,0,0,1,0,0,0,0,0,0,0,1,0,0,0,0,0,0,1,0,0,0,0,0,0,1,0,0,1,0,0,1,0
"mobilevit_s",41.1764705882353,1,1,1,1,0,0,1,1,0,1,1,1,1,0,1,0,0,0,1,0,0,0,0,0,0,0,1,0,1,1,0,0,1,0,1,0,1,0,0,0,0,0,0,0,1,0,0,1,0,0,1
"mobilevit_xs",52.9411764705882,1,0,0,1,1,1,1,1,1,1,1,1,0,0,1,1,0,0,1,1,0,1,1,0,0,0,1,1,1,0,1,0,1,0,1,0,1,0,0,0,0,0,1,0,1,0,1,1,0,0,0
"mobilevit_xxs",54.9019607843137,1,1,0,1,1,1,1,0,1,1,1,1,0,0,1,1,1,1,0,0,1,1,1,0,1,0,0,0,1,1,1,1,0,0,0,0,0,1,1,0,0,0,0,0,1,1,1,0,0,0,1
"mobilevitv2_050",47.0588235294118,1,1,0,1,1,0,1,1,1,1,0,1,1,0,1,0,1,0,1,0,0,1,0,0,1,0,0,0,0,0,1,0,0,1,0,0,1,1,1,0,0,0,1,1,1,0,1,0,0,0,0
"mobilevitv2_075",54.9019607843137,1,0,1,1,1,0,1,1,1,0,1,1,0,0,1,1,0,1,1,1,1,0,1,1,1,0,0,0,0,0,1,0,1,1,0,1,1,1,1,0,1,1,0,0,1,0,0,0,0,0,0
"mobilevitv2_100",49.0196078431373,0,1,0,1,1,1,1,0,1,1,1,1,0,1,1,0,0,1,1,1,0,1,1,0,0,1,1,0,0,1,0,1,1,1,0,1,0,0,0,0,0,0,0,0,1,1,0,0,0,0,0
"mobilevitv2_125",54.9019607843137,1,1,1,1,1,0,1,1,1,1,1,1,1,0,1,1,0,1,1,0,0,1,1,1,1,1,0,0,0,0,0,0,0,0,0,1,1,0,1,0,0,0,0,0,0,1,1,1,1,0,0
"mobilevitv2_150",45.0980392156863,1,1,0,0,1,1,1,1,1,1,1,1,0,0,1,1,0,0,0,1,0,1,1,0,0,1,1,0,0,0,0,0,1,0,0,1,0,1,0,0,1,0,1,0,1,0,0,0,0,0,0
"mobilevitv2_150_384_in22ft1k",49.0196078431373,0,1,0,1,1,1,0,1,1,1,0,1,1,0,0,1,0,1,1,1,1,1,0,0,1,0,0,0,0,0,0,0,1,1,0,1,0,1,0,0,0,0,1,0,1,0,1,1,0,1,0
"mobilevitv2_150_in22ft1k",45.0980392156863,1,1,0,1,1,0,1,1,0,1,1,1,1,1,1,1,0,1,1,1,0,0,0,0,1,0,0,0,0,0,0,0,1,1,0,0,0,0,0,0,0,0,0,0,1,0,1,1,0,0,1
"mobilevitv2_175",60.7843137254902,0,1,1,1,1,1,1,1,1,1,1,1,0,1,1,1,1,1,1,0,0,1,1,0,0,1,0,0,0,0,1,0,1,1,0,1,1,1,1,0,1,0,0,0,1,0,0,1,0,0,1
"mobilevitv2_175_384_in22ft1k",49.0196078431373,1,1,1,1,1,1,1,1,1,1,1,1,0,1,0,0,1,1,1,0,0,0,1,1,1,0,1,0,0,0,0,0,0,0,0,1,1,0,0,0,1,0,1,0,1,0,0,0,0,0,0
"mobilevitv2_175_in22ft1k",50.9803921568627,1,1,1,1,1,1,0,1,1,1,0,1,0,1,1,1,0,1,1,0,0,1,1,0,0,0,1,0,0,0,0,1,0,0,0,1,1,0,1,1,0,0,0,0,1,0,1,1,0,0,0
"mobilevitv2_200",49.0196078431373,1,1,0,1,1,1,1,1,0,1,1,1,0,0,1,1,0,0,1,0,0,0,1,0,1,0,0,0,0,0,0,1,1,1,0,1,1,0,0,1,0,0,0,1,1,1,0,1,0,0,0
"mobilevitv2_200_384_in22ft1k",60.7843137254902,1,1,0,1,1,1,1,1,1,1,1,1,1,0,1,1,0,1,1,1,0,1,1,1,1,1,0,0,1,0,0,1,1,1,1,1,1,0,0,0,0,0,0,0,0,0,0,1,0,1,0
"mobilevitv2_200_in22ft1k",52.9411764705882,1,1,0,1,1,1,1,1,1,0,1,1,1,0,1,1,0,1,1,1,0,0,1,0,1,0,0,0,0,0,1,1,1,1,1,0,1,0,0,0,0,0,0,0,1,0,1,1,0,0,0
"mvitv2_base",62.7450980392157,1,1,1,1,1,0,1,1,1,1,1,1,0,1,1,1,0,1,1,0,1,0,0,1,1,1,1,0,0,0,0,0,1,1,1,0,1,1,0,0,1,0,1,0,0,0,1,1,1,1,0
"mvitv2_large",78.4313725490196,1,1,1,1,1,1,1,1,1,1,1,0,1,1,1,1,1,1,1,1,0,1,0,1,1,1,1,0,1,1,0,1,1,0,1,1,1,0,1,0,1,1,1,0,0,0,1,1,1,1,1
"mvitv2_small",60.7843137254902,1,1,1,1,1,0,1,1,1,1,1,1,1,1,0,1,1,1,1,1,0,1,1,1,1,1,1,0,1,1,0,1,0,0,0,1,0,0,0,0,1,0,0,0,0,0,1,0,1,0,0
"mvitv2_tiny",72.5490196078431,1,1,1,1,1,1,1,1,1,1,1,1,1,1,1,1,0,1,1,1,0,1,1,1,0,1,1,0,0,1,0,1,1,0,0,1,1,1,1,0,0,1,0,1,1,0,0,1,0,1,1
"nf_regnet_b1",62.7450980392157,1,1,1,1,1,1,1,1,1,1,1,1,1,1,0,1,0,1,1,1,0,1,1,1,0,1,1,0,1,0,1,1,1,1,0,0,0,0,0,0,0,0,0,0,1,0,1,0,1,1,0
"nf_resnet50",58.8235294117647,1,1,1,1,1,1,1,1,1,1,1,1,1,1,0,1,1,1,1,0,0,1,1,1,1,1,1,1,1,0,0,0,0,1,0,0,0,1,0,0,0,0,0,0,1,0,0,0,0,1,0
"nfnet_l0",76.4705882352941,1,1,1,1,1,1,1,1,1,1,1,1,1,1,1,1,0,1,1,1,0,1,1,1,1,1,1,1,1,1,0,1,1,1,0,1,1,1,0,0,0,0,1,0,1,0,1,0,1,0,1
"pit_b_224",58.8235294117647,1,1,1,1,1,1,1,1,1,1,1,1,1,1,0,0,0,1,1,0,0,1,1,1,1,1,1,0,0,1,0,0,0,0,1,0,1,0,0,1,0,0,0,0,1,0,1,1,0,1,0
"pit_b_distilled_224",62.7450980392157,1,1,1,1,1,1,1,1,1,1,1,1,1,1,0,1,1,1,1,1,1,0,1,1,1,1,1,0,1,1,0,1,0,0,0,1,0,0,0,0,0,0,0,0,1,0,1,0,0,1,0
"pit_s_224",68.6274509803922,1,1,0,1,1,1,1,1,1,1,1,1,1,1,0,1,0,1,1,0,0,1,1,1,1,1,1,1,1,1,1,1,1,1,1,0,0,1,0,1,1,1,0,0,0,0,0,0,1,0,0
"pit_s_distilled_224",64.7058823529412,1,1,0,1,1,1,1,1,1,1,1,1,0,1,1,1,0,0,1,1,0,1,1,0,1,1,1,1,1,1,1,0,1,0,0,0,1,1,1,0,0,1,0,0,1,0,0,1,0,1,0
"pit_ti_224",68.6274509803922,1,1,0,1,1,1,1,1,1,1,1,1,0,1,1,1,1,0,1,0,0,0,1,1,1,1,1,1,0,1,1,0,1,1,1,1,0,1,1,0,0,0,0,0,0,1,1,0,1,1,1
"pit_ti_distilled_224",56.8627450980392,1,1,0,1,1,1,1,1,1,1,1,1,1,1,1,1,0,1,1,0,0,1,1,0,1,1,1,1,0,0,0,0,1,0,0,1,1,0,0,0,0,0,1,0,0,0,1,0,0,1,0
"pit_xs_224",64.7058823529412,1,1,1,1,1,1,1,1,1,1,1,0,0,1,1,1,0,1,1,1,0,1,1,1,1,1,1,1,1,1,1,0,0,0,0,0,1,0,0,1,0,1,0,0,0,0,1,0,1,1,0
"pit_xs_distilled_224",56.8627450980392,1,1,1,1,1,1,1,1,1,1,1,0,1,1,0,1,0,0,1,1,0,0,1,1,1,1,1,1,1,0,0,0,1,1,0,0,0,0,1,0,0,0,0,0,1,0,1,0,0,1,0
"poolformer_m36",56.8627450980392,1,1,1,1,1,1,1,1,1,1,1,1,1,1,0,1,1,1,1,0,1,1,0,1,1,0,1,1,0,1,0,0,0,1,0,0,1,1,0,0,0,0,0,0,0,0,0,0,1,0,0
"poolformer_m48",56.8627450980392,1,1,1,1,1,0,1,1,1,1,1,1,1,1,0,0,0,1,1,0,0,1,1,0,1,1,1,0,1,0,0,0,1,0,0,1,0,0,0,0,0,0,1,0,1,1,1,1,0,1,0
"poolformer_s12",60.7843137254902,1,1,1,1,1,1,1,1,1,1,1,1,0,0,1,1,0,1,1,1,0,1,1,1,0,1,1,0,1,1,0,0,1,0,0,1,0,0,0,1,0,0,0,0,1,0,1,0,1,1,0
"poolformer_s24",70.5882352941177,1,1,0,1,1,1,1,1,1,1,1,1,1,1,1,0,0,0,1,1,1,1,1,1,1,1,1,1,0,1,0,0,1,1,1,0,0,1,0,1,0,0,0,1,1,1,1,0,1,1,0
"poolformer_s36",72.5490196078431,1,1,0,1,1,0,1,1,1,1,1,1,0,1,1,0,0,1,1,1,1,1,1,1,1,1,1,0,0,0,1,0,1,0,1,1,1,1,1,0,0,1,1,1,1,1,0,0,1,1,1
"pvt_v2_b0",68.6274509803922,1,1,1,0,1,0,1,1,1,1,1,1,1,1,1,1,1,1,1,0,1,0,1,1,0,1,1,0,1,0,1,1,1,0,1,0,1,1,0,0,0,0,0,1,1,1,1,1,1,0,0
"pvt_v2_b1",62.7450980392157,1,1,0,1,1,1,1,1,1,1,1,1,1,1,0,0,1,1,1,0,0,1,1,1,1,1,1,1,1,1,0,1,1,0,1,1,0,1,0,0,1,0,0,0,0,0,0,0,0,1,0
"pvt_v2_b2",70.5882352941177,1,1,1,1,1,1,1,1,1,1,1,0,1,1,0,0,0,1,1,1,1,1,0,1,1,1,1,1,0,0,1,1,1,0,1,0,0,0,0,1,1,0,1,1,1,0,1,1,0,1,1
"pvt_v2_b2_li",64.7058823529412,1,1,0,1,1,1,1,1,1,1,1,1,0,1,1,1,0,1,1,1,1,1,1,1,1,1,1,0,1,0,0,0,1,0,0,0,1,1,0,1,0,0,1,0,1,1,0,1,0,0,0
"pvt_v2_b3",58.8235294117647,1,1,1,1,1,1,1,1,1,1,1,1,1,1,0,0,1,0,1,1,0,1,1,1,1,1,1,0,0,1,0,0,0,1,0,0,1,0,0,0,1,0,0,1,0,0,0,1,1,0,0
"pvt_v2_b4",70.5882352941177,1,1,0,1,1,1,1,1,1,1,1,1,1,1,0,1,0,1,1,1,0,1,1,1,1,1,1,0,1,1,1,1,0,0,0,1,0,0,1,0,1,1,1,1,1,0,1,0,1,0,0
"regnetv_040",47.0588235294118,0,1,0,1,1,0,1,1,0,0,1,1,1,0,0,0,0,0,0,0,0,1,1,1,0,0,1,1,0,0,0,1,1,1,0,1,1,0,1,0,0,0,0,0,1,1,1,1,0,0,1
"regnetv_064",41.1764705882353,0,1,1,1,0,0,1,1,0,1,1,1,0,0,0,1,1,1,0,0,0,1,1,0,0,0,0,0,0,0,0,1,1,0,0,1,1,0,0,0,0,0,0,0,0,0,1,0,1,1,1
"regnetx_002",49.0196078431373,1,1,0,1,0,1,1,1,0,1,1,1,1,0,0,1,1,1,0,1,0,1,1,0,1,0,1,1,0,0,0,0,0,1,0,1,0,0,0,0,0,0,1,0,1,0,1,0,0,0,1
"regnetx_004",56.8627450980392,1,1,0,1,1,1,1,1,1,1,1,1,1,0,0,1,0,1,1,0,0,1,0,0,1,1,1,0,0,0,0,1,1,1,0,1,1,0,0,0,1,0,1,1,1,1,0,0,0,0,0
"regnetx_006",58.8235294117647,1,1,0,1,1,0,1,1,1,1,1,1,1,0,1,0,0,0,1,0,1,1,1,0,1,0,1,0,1,1,0,0,1,1,0,0,1,1,1,0,0,0,1,1,1,0,1,0,0,0,1
"regnetx_008",49.0196078431373,1,1,0,1,1,1,1,1,1,1,1,0,0,1,0,1,0,1,1,0,1,0,1,0,1,1,0,0,0,0,0,1,1,0,0,1,0,0,0,1,1,0,0,0,0,1,0,1,0,0,0
"regnetx_016",47.0588235294118,1,1,0,1,1,1,1,1,0,0,1,1,0,1,0,1,0,1,0,0,1,0,1,0,1,1,0,1,0,1,0,0,1,0,0,0,0,0,1,1,0,0,0,0,0,0,1,1,0,0,1
"regnetx_032",56.8627450980392,1,1,1,1,1,1,1,1,1,1,1,0,1,0,0,1,1,1,1,0,1,1,1,0,1,0,1,1,0,0,0,1,1,1,1,0,0,0,0,1,1,0,0,0,0,0,0,1,0,0,0
"regnetx_040",39.2156862745098,1,1,1,0,1,1,1,1,1,1,1,0,0,1,1,1,0,1,0,0,1,1,0,0,0,0,1,0,0,1,0,0,0,0,0,1,0,0,0,1,0,0,0,0,0,0,0,0,0,0,0
"regnetx_064",50.9803921568627,1,1,0,1,1,0,1,1,1,0,1,1,1,1,0,0,0,1,1,0,1,1,0,0,1,1,0,1,0,0,0,1,1,1,0,0,1,0,0,0,0,0,1,1,1,0,0,0,0,0,1
"regnetx_080",60.7843137254902,1,1,0,1,1,1,1,1,1,1,1,1,0,1,1,1,0,1,0,0,1,1,1,1,1,0,1,0,1,1,0,0,1,1,1,0,0,0,1,0,1,0,1,0,0,0,1,0,0,1,0
"regnetx_120",43.1372549019608,1,1,0,1,1,1,1,1,0,1,1,1,1,1,1,0,0,0,1,0,0,1,1,1,0,1,0,0,0,0,0,0,0,1,0,0,0,0,0,0,1,0,0,0,1,0,1,0,0,0,0
"regnetx_160",54.9019607843137,1,1,0,0,1,0,1,1,1,1,1,1,0,1,1,1,1,0,1,0,1,1,0,1,0,1,1,0,0,0,1,1,1,0,1,0,1,1,0,1,0,0,0,1,0,0,1,0,0,0,0
"regnetx_320",56.8627450980392,1,1,0,1,1,0,1,1,1,1,1,1,0,1,0,0,0,1,0,1,1,0,1,1,1,0,1,0,0,1,0,1,1,0,0,0,0,0,0,1,0,0,1,0,1,1,1,1,0,1,1
"regnety_002",47.0588235294118,1,1,1,1,0,1,1,0,1,1,1,1,0,0,0,0,1,1,1,0,0,0,1,1,0,0,0,0,1,0,0,1,1,1,0,0,1,0,0,0,1,0,0,1,1,0,0,1,0,0,0
"regnety_004",54.9019607843137,1,1,1,1,1,1,0,1,1,0,0,0,0,0,1,0,0,1,1,1,0,1,0,1,0,1,1,0,0,0,0,1,1,1,1,1,1,0,0,1,1,0,1,0,1,1,1,0,0,0,0
"regnety_006",37.2549019607843,1,1,1,1,1,1,0,0,1,0,1,0,0,0,1,0,1,1,1,0,0,0,0,0,0,1,0,1,0,0,0,0,0,0,0,0,1,1,0,0,0,0,1,0,0,0,0,1,0,0,1
"regnety_008",52.9411764705882,1,1,1,1,1,1,1,1,1,1,1,1,0,1,1,1,0,1,0,1,0,0,1,0,0,0,1,0,1,0,0,0,0,0,1,1,1,1,1,0,0,0,0,0,1,1,0,0,0,0,0
"regnety_016",47.0588235294118,1,1,0,0,1,0,0,0,0,0,1,1,1,1,1,0,0,1,0,0,1,1,0,1,1,0,0,1,0,0,1,0,1,1,1,1,1,1,0,0,0,0,0,1,0,0,1,1,0,0,0
"regnety_032",39.2156862745098,1,1,0,0,1,1,1,1,1,0,1,0,0,1,0,1,1,0,1,0,0,1,1,0,0,0,1,0,0,0,0,0,0,0,0,0,1,0,0,1,0,0,0,1,0,0,1,1,0,0,0
"regnety_040",35.2941176470588,1,0,1,0,1,1,1,1,1,1,1,1,0,0,0,1,0,1,0,0,0,1,1,0,0,0,0,0,0,0,0,0,0,0,0,0,0,1,0,0,0,0,0,0,0,0,0,1,1,1,0
"regnety_064",41.1764705882353,1,0,0,0,0,1,1,0,1,1,0,0,1,1,0,0,0,0,0,0,0,0,1,0,1,0,1,0,0,1,1,0,1,1,0,1,0,0,1,0,0,1,0,0,1,0,0,1,0,1,1
"regnety_080",43.1372549019608,1,1,0,0,1,0,1,1,1,0,0,1,0,0,0,0,1,1,1,1,0,0,1,1,1,1,0,0,1,0,0,1,0,0,0,1,0,1,0,1,0,0,0,0,1,0,0,0,1,0,0
"regnety_120",41.1764705882353,0,1,1,1,1,0,1,1,1,1,0,0,1,0,0,0,0,1,1,0,1,0,1,1,0,0,1,0,0,0,0,0,1,1,0,0,0,0,0,1,0,0,1,0,0,0,0,1,0,1,0
"regnety_160",50.9803921568627,0,1,0,0,1,0,1,1,1,1,0,1,1,1,0,1,1,1,1,0,1,1,1,0,0,0,0,0,1,1,1,1,0,1,0,1,0,0,1,0,0,0,0,0,0,0,1,0,1,0,1
"regnety_320",50.9803921568627,1,1,0,1,0,0,1,1,1,1,0,0,1,0,1,1,0,0,1,0,0,1,1,1,0,0,1,0,1,0,0,0,1,0,0,0,1,1,0,0,1,0,1,1,1,1,1,1,0,0,0
"regnetz_040",47.0588235294118,1,1,0,0,0,1,1,0,1,0,1,1,0,1,0,1,0,0,0,1,1,1,1,0,0,0,0,1,1,1,0,1,1,0,0,0,1,1,0,1,0,0,1,1,0,0,0,0,1,0,0
"regnetz_040h",64.7058823529412,0,1,1,1,1,1,1,1,1,1,0,1,1,1,0,1,0,1,1,1,1,1,1,0,1,0,1,0,0,1,0,1,1,1,1,0,1,0,0,1,0,1,0,0,1,0,1,1,0,1,0
"regnetz_b16",39.2156862745098,0,1,0,1,1,0,0,1,0,1,0,1,0,1,0,0,0,0,0,1,1,1,1,0,0,1,0,0,0,0,0,1,0,0,1,1,0,0,0,1,0,1,1,0,0,1,0,0,1,0,0
"regnetz_c16",58.8235294117647,1,1,0,1,1,0,1,1,1,0,1,1,1,0,1,1,1,1,1,1,0,1,1,1,0,1,1,0,0,0,0,0,0,0,0,1,0,0,1,1,0,1,1,0,1,1,1,0,0,1,0
"regnetz_c16_evos",66.6666666666667,1,1,1,1,1,1,1,1,1,1,1,1,1,1,0,0,0,1,1,1,0,1,1,0,1,1,1,1,1,0,0,0,0,1,0,1,1,1,0,0,0,0,1,1,0,1,0,0,1,1,1
"regnetz_d32",47.0588235294118,0,1,0,1,0,1,1,1,1,1,1,1,1,0,0,1,1,1,1,1,0,0,1,0,0,1,0,0,0,0,0,1,0,1,1,1,0,0,0,1,0,0,0,1,0,0,0,0,0,0,1
"regnetz_d8",35.2941176470588,1,0,1,0,0,0,1,1,1,1,1,0,0,1,1,1,0,0,1,0,0,0,0,0,0,1,0,0,0,1,0,1,0,0,0,1,0,0,1,0,0,0,0,0,0,0,0,1,0,0,1
"regnetz_d8_evos",66.6666666666667,1,1,1,1,1,1,1,1,1,1,1,1,1,1,1,1,1,1,1,0,0,1,1,1,1,1,1,0,1,1,1,0,0,1,0,0,1,0,0,0,0,0,1,0,0,0,0,0,1,1,1
"regnetz_e8",29.4117647058824,0,1,0,1,1,0,1,0,1,0,0,1,0,1,0,1,1,0,0,0,1,0,0,0,0,0,1,0,0,0,0,0,0,0,0,0,0,0,1,0,0,0,1,0,0,0,0,1,0,1,0
"repvgg_a2",58.8235294117647,1,1,0,1,1,0,1,1,1,1,1,0,1,1,1,0,1,0,1,1,0,1,1,1,0,0,1,0,0,1,1,1,1,1,0,0,0,0,1,0,1,1,0,0,0,1,0,1,0,1,0
"repvgg_b0",60.7843137254902,1,1,1,1,1,1,1,1,1,0,1,0,1,0,1,1,1,0,1,1,0,1,1,0,0,1,1,0,0,1,1,0,0,1,0,1,1,1,1,0,0,0,1,0,1,0,1,1,0,0,0
"repvgg_b1",62.7450980392157,1,1,0,0,1,0,1,1,1,1,1,1,0,1,1,0,0,1,1,0,0,0,1,0,1,0,1,1,0,1,1,1,1,1,1,1,1,1,1,0,0,1,0,1,0,0,1,1,0,0,1
"repvgg_b1g4",64.7058823529412,1,1,0,1,1,1,1,1,1,0,1,1,1,1,0,1,1,1,1,0,0,0,1,0,0,0,1,1,1,1,1,1,0,1,1,1,1,0,1,1,1,0,0,1,1,0,1,0,0,0,0
"repvgg_b2",60.7843137254902,1,1,1,1,1,0,1,1,1,1,1,1,1,1,0,0,1,0,1,1,0,1,1,0,1,0,1,1,0,1,1,0,1,1,0,0,1,0,0,1,1,0,0,0,1,0,1,1,0,0,0
"repvgg_b2g4",47.0588235294118,1,1,0,1,1,1,1,1,1,1,1,0,0,1,1,1,0,1,1,0,0,1,0,1,0,1,1,0,0,0,0,1,1,1,0,0,1,0,0,0,0,0,0,0,0,0,0,0,0,0,1
"repvgg_b3",49.0196078431373,1,1,0,1,1,1,1,1,0,0,1,1,0,0,1,0,0,1,0,0,0,1,1,1,1,1,1,0,0,0,0,0,1,0,0,0,1,0,1,0,1,0,0,1,1,1,0,1,0,0,0
"repvgg_b3g4",58.8235294117647,1,1,1,1,0,1,1,0,1,1,1,1,0,1,1,0,0,1,1,0,1,1,1,0,1,1,1,0,0,1,1,1,1,0,0,0,0,0,0,1,0,0,1,0,1,1,1,1,0,0,0
"res2net101_26w_4s",29.4117647058824,1,1,0,1,1,1,1,0,0,0,0,0,0,1,0,0,0,0,1,0,0,1,1,0,0,1,0,0,0,0,0,0,0,0,0,0,0,0,0,0,1,0,1,1,0,0,0,0,0,0,1
"res2net50_14w_8s",47.0588235294118,1,1,0,1,0,1,0,0,1,0,0,1,0,0,0,1,1,1,1,1,1,1,1,0,1,1,0,0,1,0,1,0,1,0,1,0,0,0,0,0,0,0,0,0,0,1,1,0,1,1,0
"res2net50_26w_4s",45.0980392156863,1,1,0,0,0,1,1,1,1,1,1,1,0,0,1,0,1,1,1,0,0,0,0,1,0,1,1,1,0,0,1,0,1,0,0,0,0,0,1,0,0,0,0,0,1,0,1,0,0,1,0
"res2net50_26w_6s",49.0196078431373,1,1,0,0,1,0,1,1,1,1,0,1,1,1,0,0,1,1,1,1,0,0,1,0,0,1,0,0,1,0,0,0,1,1,0,0,1,0,0,0,0,0,0,1,1,1,1,1,0,0,0
"res2net50_26w_8s",43.1372549019608,1,1,0,1,1,0,1,1,1,0,1,1,0,1,0,0,0,1,1,0,0,0,1,1,0,1,0,0,0,1,0,0,0,0,0,0,0,1,0,0,0,1,0,0,0,1,1,1,0,0,1
"res2net50_48w_2s",52.9411764705882,1,1,0,1,1,0,1,1,1,0,1,1,1,0,1,1,0,0,0,0,1,1,1,0,1,0,0,0,1,1,1,0,1,1,0,1,1,0,0,0,0,1,0,1,0,0,0,1,1,0,0
"res2next50",56.8627450980392,1,1,0,1,1,1,1,1,1,1,0,1,1,1,0,1,0,0,1,1,0,1,1,1,1,0,0,0,0,0,0,0,1,0,1,1,1,0,1,1,0,0,1,0,1,0,1,1,0,0,0
"resmlp_12_224",68.6274509803922,1,1,1,1,1,1,1,1,1,1,1,1,1,1,1,1,0,1,1,0,1,1,1,1,1,1,1,1,0,1,0,1,0,0,1,0,0,1,1,0,0,0,1,0,0,1,1,0,0,1,0
"resmlp_12_224_dino",56.8627450980392,1,1,1,1,1,0,1,1,1,1,0,1,1,0,1,0,0,1,1,0,1,0,1,1,0,1,1,1,1,0,0,0,1,1,0,1,0,1,0,0,1,0,1,0,1,0,1,0,0,0,0
"resmlp_12_distilled_224",66.6666666666667,1,1,0,1,1,0,1,1,1,1,1,1,1,1,0,1,1,1,1,0,1,1,1,1,1,0,1,1,0,1,1,0,1,1,0,1,0,0,1,0,0,1,1,0,1,0,0,1,1,0,0
"resmlp_24_224",60.7843137254902,1,1,0,1,1,1,1,1,1,1,1,1,0,1,0,1,1,1,1,1,0,1,1,1,1,1,1,0,0,1,0,0,0,0,0,0,0,0,0,0,0,1,0,0,0,1,1,1,1,1,1
"resmlp_24_224_dino",56.8627450980392,0,1,1,1,1,1,1,1,1,1,0,0,1,1,1,0,0,1,1,0,1,1,1,0,1,1,1,0,1,1,0,1,1,0,0,0,0,0,1,1,1,0,1,0,1,0,0,0,0,0,0
"resmlp_24_distilled_224",45.0980392156863,1,1,0,1,1,1,1,1,1,1,1,1,1,1,0,1,0,1,1,0,0,0,1,0,0,1,1,0,0,0,0,0,0,0,0,0,0,0,1,1,0,0,0,0,0,0,0,0,1,1,0
"resmlp_36_224",62.7450980392157,1,1,1,1,1,1,1,1,1,1,1,1,1,1,1,1,1,1,1,1,1,0,1,1,0,1,1,0,1,0,0,0,1,0,1,0,0,0,1,0,0,0,1,0,0,0,1,0,1,0,0
"resmlp_36_distilled_224",58.8235294117647,1,1,0,1,1,1,1,1,1,1,1,1,1,1,1,1,0,0,1,1,0,1,1,1,1,1,1,0,1,1,0,0,0,0,0,0,0,1,0,1,0,0,0,0,0,1,0,0,1,1,0
"resmlp_big_24_224",52.9411764705882,1,1,1,1,1,0,1,1,1,1,1,1,1,0,1,1,0,1,1,1,0,1,1,1,1,0,1,0,1,0,0,0,0,1,1,0,0,0,0,0,0,0,0,0,0,0,0,0,0,1,1
"resmlp_big_24_224_in22ft1k",72.5490196078431,1,1,1,1,1,1,1,1,1,1,1,1,1,1,1,1,1,1,1,1,0,1,1,1,1,1,1,1,1,1,0,1,0,0,1,0,0,0,1,0,0,1,0,0,0,0,1,1,1,1,0
"resmlp_big_24_distilled_224",70.5882352941177,1,1,1,1,1,0,1,1,1,1,1,1,1,1,0,1,1,1,1,1,1,1,1,1,1,1,1,0,1,1,0,0,1,1,1,0,1,0,0,0,0,0,0,0,0,1,0,1,1,1,1
"resnet32ts",60.7843137254902,1,1,1,1,1,1,1,1,1,1,0,1,1,1,1,1,1,0,1,0,0,1,0,0,0,0,0,0,0,1,0,1,1,1,1,1,1,1,1,0,0,1,0,1,0,0,0,1,0,0,1
"resnet61q",39.2156862745098,0,0,0,1,1,0,0,0,0,0,0,0,0,0,1,1,1,1,0,1,0,1,1,0,0,0,1,1,0,0,1,0,0,0,0,0,0,1,1,0,1,0,1,0,1,0,0,1,0,1,1
"resnetrs50",56.8627450980392,0,0,1,1,0,1,0,1,1,1,1,0,1,0,1,1,1,1,1,1,0,0,1,0,0,1,1,0,0,1,1,0,1,0,1,1,0,1,1,0,1,0,0,0,0,1,0,1,0,1,1
"resnetv2_101x1_bitm",74.5098039215686,1,1,0,1,1,0,1,1,1,1,1,1,1,1,1,0,1,1,1,1,0,1,1,0,1,1,1,0,1,1,1,1,1,1,1,1,1,1,0,1,0,0,1,1,1,0,1,1,0,0,0
"resnetv2_50d_evos",58.8235294117647,1,1,0,1,1,1,1,1,1,1,1,1,0,1,0,1,1,1,1,1,0,1,1,1,0,1,1,0,0,0,0,0,0,0,0,1,1,1,0,0,0,0,0,1,0,1,1,0,1,1,0
"resnext101_32x8d",66.6666666666667,1,1,0,1,1,0,1,1,1,1,1,1,1,1,1,1,0,1,0,0,0,0,1,0,0,1,0,0,1,1,1,0,1,1,1,1,1,0,1,1,1,1,1,1,1,0,1,1,0,0,0
"resnext101_64x4d",43.1372549019608,1,1,0,0,0,0,1,1,1,1,1,1,0,1,1,1,0,0,1,0,0,0,0,0,0,0,0,0,1,0,0,0,0,0,1,1,1,0,0,1,0,0,1,0,1,0,1,0,1,0,1
"resnext26ts",60.7843137254902,1,1,0,1,1,1,1,1,1,1,1,1,0,1,1,1,1,0,1,0,0,0,1,0,1,0,1,0,0,1,1,1,1,1,0,1,1,0,1,0,1,0,0,1,1,0,1,0,0,0,0
"resnext50_32x4d",33.3333333333333,1,0,0,1,0,0,1,1,0,0,0,0,1,0,1,1,0,0,1,1,0,0,1,1,0,1,0,0,0,0,0,0,0,0,0,1,0,0,1,0,0,0,1,0,0,0,1,0,0,1,0
"resnext50d_32x4d",50.9803921568627,1,1,1,1,1,0,1,1,1,1,0,0,0,1,0,0,0,1,0,0,1,1,1,1,1,0,1,0,0,1,0,0,1,0,1,0,1,0,0,0,0,0,1,1,1,0,1,1,0,0,0
"sebotnet33ts_256",27.4509803921569,0,0,0,0,1,1,0,0,1,0,1,0,0,0,0,1,0,1,0,0,1,1,1,0,0,0,0,0,0,0,0,1,0,0,0,0,1,0,0,1,0,0,1,1,0,0,0,0,0,0,0
"sehalonet33ts",29.4117647058824,0,1,0,0,0,0,0,0,1,1,0,0,0,1,0,1,0,1,0,0,0,1,0,1,0,0,0,0,0,0,0,0,1,0,0,1,1,0,0,0,0,0,0,1,1,0,0,0,1,0,1
"selecsls42b",58.8235294117647,1,1,1,1,1,1,0,1,1,0,1,1,0,0,1,1,0,1,1,0,1,1,1,0,1,0,1,0,1,0,0,1,1,1,0,0,1,0,0,0,0,1,0,1,1,0,1,1,0,1,0
"selecsls60",52.9411764705882,1,0,0,0,1,1,0,1,1,1,1,0,1,0,1,0,1,1,1,0,1,1,0,0,0,1,1,1,0,0,1,1,1,1,1,0,0,1,0,0,0,0,1,0,1,0,1,0,0,0,1
"selecsls60b",47.0588235294118,0,1,0,0,0,0,0,0,1,1,1,1,1,0,1,1,1,1,0,0,1,1,1,0,1,1,0,1,0,0,0,0,1,0,1,1,1,0,0,0,0,0,0,0,0,1,0,1,0,1,1
"semnasnet_075",43.1372549019608,1,0,0,1,1,0,1,1,0,0,0,1,1,0,1,1,0,0,0,0,0,1,1,0,1,0,1,0,0,0,0,0,0,1,1,1,1,0,0,1,0,0,0,1,0,0,1,0,0,1,1
"semnasnet_100",45.0980392156863,1,1,0,0,1,0,1,1,1,1,1,1,1,0,1,0,0,1,0,0,1,0,0,0,0,1,0,0,0,1,0,0,1,1,0,0,0,1,0,1,0,0,0,1,0,1,1,0,0,0,1
"sequencer2d_l",45.0980392156863,1,1,0,0,1,1,1,1,1,1,1,0,0,1,1,1,1,1,1,1,1,1,0,1,1,0,1,0,1,0,0,0,0,0,0,0,0,0,0,0,0,0,0,0,0,0,0,0,1,0,0
"sequencer2d_m",72.5490196078431,1,1,1,1,1,1,1,1,1,1,1,1,0,0,0,1,1,1,0,1,0,0,1,1,1,1,1,1,1,0,1,1,1,1,1,0,1,0,0,1,0,1,1,0,1,0,1,1,1,1,0
"sequencer2d_s",50.9803921568627,0,1,0,0,1,0,1,1,1,1,1,0,1,1,0,1,0,0,1,0,1,1,1,1,1,1,1,0,1,1,0,0,0,0,0,1,1,0,0,0,0,0,0,1,0,1,1,0,0,1,0
"seresnet152d",54.9019607843137,1,1,0,1,0,1,1,1,1,1,1,0,1,1,1,1,1,1,1,0,1,1,1,0,0,0,1,0,0,1,0,0,1,0,0,1,0,1,1,0,0,0,1,0,0,1,0,1,0,0,0
"seresnet33ts",52.9411764705882,1,1,0,1,0,0,1,1,1,1,0,1,1,0,1,1,0,1,1,0,1,1,1,1,0,0,0,1,1,0,0,0,1,1,1,0,0,1,0,1,0,0,0,0,1,0,1,0,1,0,0
"seresnet50",60.7843137254902,1,1,0,1,1,0,0,0,1,1,1,1,0,1,1,1,1,1,1,1,0,1,1,0,1,1,1,0,0,1,1,0,1,1,1,0,0,1,0,0,0,0,1,0,1,0,0,1,1,1,0
"seresnext101_32x8d",52.9411764705882,0,1,1,0,0,1,1,0,0,1,0,1,0,1,0,1,0,0,1,1,0,0,1,0,0,0,0,0,1,0,1,1,1,0,1,1,1,1,1,0,1,1,1,0,1,0,1,0,0,1,1
"seresnext101d_32x8d",47.0588235294118,1,1,0,1,1,1,1,1,0,0,0,1,1,1,0,0,0,0,1,0,0,1,1,1,0,0,1,0,0,0,0,1,1,0,1,1,0,1,0,0,0,0,0,0,0,0,1,1,1,1,0
"seresnext26d_32x4d",41.1764705882353,1,1,0,1,0,0,0,1,1,1,1,1,1,1,1,1,0,0,0,0,0,1,1,0,1,0,0,1,0,0,0,0,1,0,1,1,0,0,0,0,0,0,0,0,0,0,0,1,0,0,1
"seresnext26t_32x4d",45.0980392156863,1,1,0,1,0,1,1,1,1,0,1,0,0,0,1,1,0,0,1,0,0,1,1,0,1,1,0,0,0,0,0,1,0,0,0,1,0,0,1,0,0,0,0,1,0,0,1,1,0,1,1
"seresnext26ts",66.6666666666667,1,1,0,1,1,0,1,1,1,1,1,1,0,0,1,1,1,1,1,1,1,1,1,1,1,0,0,0,0,0,1,0,1,0,1,1,1,1,0,1,0,1,0,1,1,1,0,1,0,0,1
"seresnext50_32x4d",45.0980392156863,1,1,0,1,1,1,1,0,1,1,0,1,0,1,1,1,0,1,1,1,0,1,0,0,0,0,0,0,0,0,0,0,1,0,1,0,0,1,0,0,1,0,0,0,0,1,0,0,1,1,0
"seresnextaa101d_32x8d",50.9803921568627,1,1,0,0,0,0,1,1,1,1,1,1,0,1,0,1,0,1,1,1,0,0,1,0,0,0,0,1,1,1,0,0,0,1,0,1,1,0,1,0,0,0,1,1,1,0,0,0,0,1,1
"spnasnet_100",47.0588235294118,1,1,0,1,1,1,1,1,0,1,0,1,0,1,1,0,0,1,1,0,1,0,1,0,1,1,0,0,0,0,1,0,0,1,0,0,0,1,0,0,1,0,0,0,1,0,0,0,0,1,1
"ssl_resnet18",62.7450980392157,1,1,0,1,0,1,1,1,1,1,1,1,0,1,1,1,1,1,1,1,0,0,1,1,0,1,1,0,0,0,1,0,0,1,1,1,1,0,0,0,0,1,1,0,0,1,1,1,0,0,1
"ssl_resnet50",49.0196078431373,1,1,1,1,0,0,1,1,1,0,1,0,1,0,0,0,0,1,1,0,1,1,1,1,1,1,0,0,0,0,0,0,1,1,0,0,1,0,0,0,0,0,1,1,1,1,1,0,0,0,0
"ssl_resnext101_32x16d",62.7450980392157,1,1,1,1,0,1,1,1,1,1,1,1,1,1,1,0,1,1,0,1,1,1,1,0,1,0,0,1,1,0,1,0,1,0,0,0,1,1,0,0,0,0,1,0,0,0,1,0,1,1,1
"ssl_resnext101_32x4d",52.9411764705882,1,1,0,1,1,0,1,1,1,1,1,1,1,1,1,0,0,1,0,0,0,0,1,0,1,0,1,0,1,0,0,1,1,0,0,1,1,1,0,0,0,0,1,0,0,1,1,1,0,0,0
"ssl_resnext101_32x8d",50.9803921568627,1,1,0,0,1,0,1,1,1,1,1,1,1,1,1,1,1,1,0,1,0,1,1,1,0,1,1,0,0,0,0,0,1,0,0,1,1,0,0,0,0,0,0,1,1,0,0,0,0,0,0
"ssl_resnext50_32x4d",54.9019607843137,1,1,0,0,1,1,1,1,1,1,1,1,0,1,1,1,0,1,1,1,1,0,0,1,1,0,1,0,0,0,0,0,1,1,1,0,1,0,0,0,0,0,0,1,0,1,0,1,0,0,1
"swin_base_patch4_window12_384",74.5098039215686,1,1,1,1,1,1,1,1,1,1,1,1,0,1,1,0,0,0,1,1,1,1,1,1,1,1,1,1,1,1,1,1,0,1,1,0,1,1,1,1,0,0,1,0,0,1,1,0,0,1,0
"swin_base_patch4_window12_384_in22k",62.7450980392157,1,1,0,0,1,0,0,0,1,0,1,1,1,0,1,1,1,1,1,0,1,1,1,1,1,0,1,1,1,1,1,0,1,1,0,1,0,0,1,1,1,1,0,1,0,0,1,1,0,0,0
"swin_base_patch4_window7_224",60.7843137254902,1,0,1,0,1,0,0,1,1,1,1,1,1,1,1,1,1,1,0,1,0,1,0,1,0,1,0,0,1,1,0,1,1,0,0,1,0,0,1,0,0,1,0,1,1,1,1,1,0,1,0
"swin_base_patch4_window7_224_in22k",56.8627450980392,0,0,1,1,1,0,1,1,1,1,1,1,1,1,1,0,0,1,1,0,0,1,0,1,1,0,1,0,1,0,0,0,1,1,1,1,1,1,0,0,0,1,0,1,0,1,0,0,0,1,0
"swin_large_patch4_window7_224",45.0980392156863,1,0,0,1,1,0,1,0,1,0,1,1,0,1,0,1,0,0,1,0,1,0,1,0,1,1,1,0,1,0,1,1,0,0,0,1,0,0,0,1,0,0,1,0,0,1,1,0,0,0,0
"swin_large_patch4_window7_224_in22k",66.6666666666667,0,0,1,1,1,0,1,1,1,1,1,0,1,1,1,1,1,1,0,1,1,1,1,1,0,1,1,0,0,1,0,1,1,1,1,1,1,0,0,0,1,0,1,0,1,1,0,1,0,1,0
"swin_s3_base_224",47.0588235294118,0,1,0,1,0,1,1,1,1,1,1,0,0,1,1,1,0,0,1,1,0,0,1,1,1,0,1,0,0,1,0,0,1,1,0,0,0,0,0,0,1,0,0,0,0,0,1,0,0,1,1
"swin_s3_small_224",47.0588235294118,1,0,0,1,1,1,1,1,1,1,0,0,0,1,0,0,1,1,1,0,0,1,1,0,1,0,1,0,0,0,0,0,0,1,0,0,1,0,0,0,0,0,0,1,1,0,1,1,1,1,0
"swin_s3_tiny_224",43.1372549019608,0,1,1,0,1,0,1,1,1,0,1,0,0,0,0,1,1,0,1,1,0,0,1,0,1,0,0,0,0,1,0,0,0,0,0,0,1,1,1,1,1,0,0,1,0,1,0,0,0,0,1
"swin_small_patch4_window7_224",52.9411764705882,1,0,1,1,0,0,1,1,1,1,1,0,1,0,1,1,1,1,0,1,0,1,1,1,1,1,1,0,0,0,0,0,0,0,0,1,0,1,0,0,0,0,0,0,1,1,0,1,1,1,0
"swin_tiny_patch4_window7_224",58.8235294117647,1,1,0,0,1,1,1,1,1,1,1,1,1,1,0,1,0,1,1,0,1,1,1,1,0,1,1,0,0,0,0,1,0,0,1,1,1,0,0,0,1,0,0,0,0,1,0,1,1,0,1
"swinv2_base_window12_192_22k",58.8235294117647,1,0,1,1,1,1,1,1,1,1,1,1,1,1,1,0,0,1,1,1,0,0,1,0,1,1,0,0,0,1,0,1,1,1,0,0,0,0,1,0,0,1,1,1,0,0,1,0,0,1,0
"swinv2_base_window12to16_192to256_22kft1k",52.9411764705882,0,1,0,1,1,1,1,0,1,1,0,0,0,1,1,1,1,0,0,1,1,0,1,0,1,1,1,0,1,0,0,0,0,0,0,1,0,0,1,0,0,1,1,1,0,1,0,0,1,1,1
"swinv2_base_window16_256",52.9411764705882,1,1,1,1,1,0,0,1,1,1,1,0,0,1,0,1,0,1,1,1,0,0,0,1,1,1,1,0,0,1,0,1,1,0,0,0,1,0,1,1,0,0,1,0,0,0,1,0,0,0,1
"swinv2_base_window8_256",58.8235294117647,1,1,1,1,1,1,1,1,1,1,1,1,1,1,1,1,0,0,1,1,1,1,1,1,1,1,1,0,0,0,0,0,0,1,0,1,0,0,0,0,0,0,1,0,0,0,0,1,1,0,0
"swinv2_cr_small_224",56.8627450980392,1,1,1,1,1,1,1,1,1,1,1,0,1,1,1,0,0,1,1,0,1,1,1,1,1,1,1,1,0,0,1,0,0,0,0,0,1,0,0,0,0,0,0,1,0,0,1,1,0,0,0
"swinv2_cr_small_ns_224",66.6666666666667,1,1,0,1,1,1,1,1,1,1,1,1,1,1,0,1,1,0,1,1,0,0,1,1,1,1,1,1,1,0,1,0,0,1,0,0,0,1,0,1,0,1,0,1,1,0,0,1,1,1,0
"swinv2_cr_tiny_ns_224",56.8627450980392,1,1,1,1,1,1,1,1,1,1,1,1,0,1,0,1,0,1,1,1,0,0,1,0,1,1,1,1,1,0,0,0,0,0,1,0,1,0,0,1,1,0,0,0,0,0,1,0,0,1,0
"swinv2_large_window12_192_22k",58.8235294117647,0,1,1,1,1,1,1,1,1,0,0,1,1,1,1,1,1,1,1,1,0,0,1,0,0,0,0,0,1,1,0,1,0,0,0,1,1,0,0,1,0,0,1,0,1,0,1,1,0,1,1
"swinv2_large_window12to16_192to256_22kft1k",52.9411764705882,0,1,1,0,1,0,0,1,1,0,1,0,1,1,1,1,1,1,1,1,1,0,1,1,1,0,0,0,0,1,0,1,0,0,1,0,0,0,1,0,1,1,1,0,0,0,1,1,0,0,0
"swinv2_small_window16_256",58.8235294117647,0,1,1,0,1,1,1,1,1,1,1,1,1,1,1,1,0,1,1,1,0,0,1,1,1,1,1,0,0,0,1,0,0,0,1,0,0,0,0,0,0,1,1,0,0,0,1,1,1,1,0
"swinv2_small_window8_256",45.0980392156863,1,1,0,1,1,1,1,1,1,0,0,1,1,1,0,1,0,1,1,1,0,0,0,1,1,1,0,0,0,1,0,0,1,0,0,0,0,1,0,0,0,0,0,0,1,0,0,0,1,0,0
"swinv2_tiny_window16_256",47.0588235294118,1,1,1,0,1,1,1,0,1,1,0,0,0,0,0,1,1,1,1,1,1,0,0,0,1,0,0,0,0,1,0,0,0,0,0,1,0,0,1,0,0,1,0,1,1,1,1,0,0,1,0
"swinv2_tiny_window8_256",43.1372549019608,1,1,0,1,0,0,1,1,1,1,0,0,0,1,1,1,0,1,1,1,0,1,1,1,1,1,0,0,1,0,0,0,0,0,0,0,0,0,1,0,0,0,0,0,0,0,0,1,0,1,0
"swsl_resnet18",45.0980392156863,1,1,0,0,1,0,1,1,1,1,1,1,0,1,0,1,0,1,1,0,0,1,1,1,0,1,1,0,0,0,0,0,1,1,0,0,1,0,1,0,0,0,0,0,1,0,0,0,0,0,0
"swsl_resnet50",52.9411764705882,1,1,1,1,1,1,1,1,1,0,1,1,1,1,1,1,1,0,1,0,0,1,1,0,0,1,0,0,0,0,0,0,1,0,1,0,1,0,0,1,0,0,0,1,0,0,1,0,1,0,0
"swsl_resnext101_32x16d",54.9019607843137,0,1,1,1,1,1,1,1,1,1,1,1,0,1,1,1,1,0,0,0,0,1,1,1,0,0,1,0,0,0,0,0,1,0,0,0,1,1,0,0,0,0,1,0,1,1,1,1,1,0,0
"swsl_resnext101_32x4d",62.7450980392157,1,1,0,1,1,1,1,1,1,1,1,0,0,1,1,1,1,1,0,1,0,1,1,0,0,1,1,1,0,1,0,1,1,0,1,0,0,0,1,1,1,0,1,0,1,1,1,0,0,0,0
"swsl_resnext101_32x8d",52.9411764705882,1,1,1,1,0,1,1,1,1,1,1,1,0,1,1,1,0,1,1,0,0,1,1,1,0,1,0,0,1,0,0,0,0,0,1,1,1,0,0,0,0,0,0,1,1,0,0,1,0,0,0
"swsl_resnext50_32x4d",56.8627450980392,1,1,1,1,1,0,1,1,1,1,1,1,1,1,0,0,0,1,1,1,0,1,0,1,0,1,0,0,0,1,1,1,0,0,0,1,1,0,1,0,0,1,0,1,1,0,0,1,0,0,0
"tf_efficientnet_b2_ap",60.7843137254902,1,1,0,0,1,1,1,0,1,1,1,1,0,1,1,1,1,1,1,1,1,1,1,0,0,0,1,1,1,1,1,1,0,0,1,1,0,0,1,0,0,0,0,0,1,1,0,1,0,0,0
"tf_efficientnet_es",54.9019607843137,1,1,0,0,1,1,1,1,1,1,1,1,1,0,0,1,0,1,1,0,0,1,0,1,1,0,1,0,0,0,0,0,1,0,1,1,1,1,0,0,0,0,0,0,1,0,1,1,1,1,0
"tf_efficientnetv2_b0",52.9411764705882,1,1,0,1,0,1,1,0,1,1,1,1,1,1,0,0,1,0,0,1,1,0,1,0,0,0,1,0,0,1,0,0,1,0,1,1,0,1,1,1,0,0,0,0,1,1,1,0,0,1,0
"tf_efficientnetv2_m_in21ft1k",49.0196078431373,1,1,0,0,1,1,1,1,0,0,1,1,1,0,1,1,0,0,0,0,0,1,1,0,1,0,1,1,0,1,0,0,1,1,1,0,1,1,0,0,0,0,0,1,0,1,1,0,0,0,0
"tf_inception_v3",39.2156862745098,1,1,0,1,0,0,0,0,1,0,1,1,0,0,0,0,0,0,1,0,0,0,1,0,0,1,0,1,0,0,0,0,1,0,0,0,1,1,0,1,0,0,1,1,0,1,1,0,0,1,1
"tf_mixnet_l",50.9803921568627,1,1,0,1,0,0,0,0,1,1,1,1,0,1,1,1,1,0,1,0,0,1,1,1,0,0,1,0,1,0,0,0,1,0,1,0,0,0,0,1,1,0,0,0,1,0,0,1,1,1,1
"tf_mixnet_m",47.0588235294118,1,1,0,1,1,1,1,1,0,0,1,1,0,1,0,1,1,1,1,1,1,1,0,0,0,0,1,0,0,0,1,0,0,0,0,0,0,0,0,0,0,1,0,0,0,1,1,1,0,1,0
"tf_mixnet_s",47.0588235294118,1,1,0,1,1,1,1,1,1,1,1,1,0,1,1,0,0,0,1,0,0,1,0,1,1,0,0,0,1,0,0,1,0,0,1,0,0,1,0,0,1,1,0,0,0,0,0,1,0,0,0
"tinynet_a",52.9411764705882,1,1,0,1,1,1,1,1,1,1,1,1,0,1,1,1,0,1,1,1,1,1,0,0,0,0,1,1,0,0,0,0,1,0,0,1,0,1,0,0,0,0,0,0,0,0,1,0,0,1,1
"tinynet_b",45.0980392156863,1,1,0,1,1,1,1,0,1,0,1,1,0,0,1,0,1,1,0,0,1,1,1,0,0,1,0,0,0,0,0,0,0,0,1,1,0,0,0,0,0,1,1,0,1,0,1,0,0,1,0
"tinynet_c",62.7450980392157,1,1,0,1,1,0,1,1,1,1,1,1,0,0,1,1,0,1,1,0,0,1,1,0,1,0,1,1,1,0,0,0,1,1,1,1,1,1,0,0,1,0,1,1,1,1,1,0,0,0,0
"tinynet_d",43.1372549019608,1,1,0,1,1,0,1,0,1,1,1,1,0,0,1,0,1,1,1,0,1,0,1,0,1,0,0,0,0,0,1,0,0,0,0,0,1,0,0,0,0,0,1,0,1,0,1,0,0,1,0
"tinynet_e",56.8627450980392,1,1,0,1,0,1,1,1,0,1,1,1,1,0,0,1,0,0,0,1,0,0,1,1,0,1,1,0,0,0,0,0,1,0,0,1,1,1,0,1,1,0,1,0,1,1,1,1,0,1,1
"tnt_s_patch16_224",66.6666666666667,1,1,1,1,1,0,1,1,1,1,1,1,0,1,1,1,1,1,1,1,1,0,1,1,1,1,1,0,1,1,0,1,0,1,1,0,0,0,1,1,0,1,0,0,0,0,0,0,0,1,1
"tv_densenet121",50.9803921568627,1,1,0,0,1,0,1,0,1,1,1,1,0,1,1,1,1,0,1,0,0,1,1,0,1,1,1,0,0,1,0,0,1,1,0,0,1,0,0,0,1,0,0,0,0,0,1,0,0,1,1
"tv_resnet101",60.7843137254902,0,1,0,1,1,1,1,1,1,1,1,1,1,1,0,1,0,0,1,1,0,0,1,0,0,1,1,0,0,1,0,1,1,1,1,0,0,1,0,1,1,0,1,1,1,0,0,1,0,0,1
"tv_resnet152",50.9803921568627,1,1,0,1,1,1,1,1,0,1,1,1,1,1,1,0,0,1,1,0,0,1,1,0,0,1,1,1,1,0,1,0,1,1,0,0,0,0,1,0,0,0,0,0,0,1,0,0,0,0,0
"tv_resnet34",64.7058823529412,1,1,0,1,1,1,1,1,1,1,1,1,0,1,1,0,1,1,0,1,0,1,1,1,1,0,1,0,0,0,0,1,1,0,1,1,1,1,0,0,1,0,1,0,0,1,1,1,0,0,1
"tv_resnet50",56.8627450980392,1,1,1,1,1,0,1,1,1,1,1,0,0,1,1,1,0,1,0,1,1,1,1,0,0,1,1,0,0,1,0,0,0,0,0,0,1,1,0,0,1,0,1,1,1,0,1,1,0,0,0
"tv_resnext50_32x4d",60.7843137254902,1,1,0,1,1,0,1,1,1,1,1,0,1,0,1,1,1,1,0,0,1,0,1,1,1,1,1,0,1,1,0,1,1,0,1,0,1,0,0,1,0,0,0,0,1,1,0,1,0,0,1
"twins_pcpvt_base",56.8627450980392,1,1,1,1,1,1,1,1,1,1,1,0,0,1,0,0,0,1,1,1,1,0,1,0,1,1,1,1,0,0,0,1,0,1,1,0,1,0,1,0,0,0,0,0,1,0,1,0,1,0,0
"twins_pcpvt_large",60.7843137254902,1,1,1,1,1,0,1,1,1,1,1,1,1,1,0,1,0,1,1,1,1,0,1,1,1,1,1,0,0,0,0,0,0,1,1,0,0,0,0,0,1,0,0,1,1,0,0,1,0,1,1
"twins_pcpvt_small",66.6666666666667,1,1,0,1,1,1,1,1,1,1,1,0,0,1,0,1,0,0,1,1,1,1,1,1,1,1,1,1,0,1,1,1,0,0,0,0,1,0,1,1,0,1,0,1,1,1,0,1,1,0,0
"twins_svt_base",68.6274509803922,1,1,1,1,1,1,1,1,1,1,1,1,1,1,1,1,0,1,1,1,1,1,1,1,1,1,1,0,0,1,1,0,0,1,0,1,0,0,1,0,0,1,0,1,0,1,0,1,0,0,0
"twins_svt_large",62.7450980392157,1,1,0,1,1,0,1,1,1,1,1,1,1,1,1,1,1,1,1,1,1,1,1,1,1,1,1,0,0,0,0,1,0,0,1,1,0,1,0,0,0,0,0,0,0,1,0,0,1,1,0
"twins_svt_small",56.8627450980392,1,1,1,1,1,1,1,1,1,1,1,0,1,1,0,1,0,1,1,1,0,0,1,1,1,1,1,1,1,0,0,0,0,0,0,0,0,0,0,1,0,1,0,0,0,1,0,0,1,0,1
"vgg19_bn",43.1372549019608,1,1,0,0,1,0,1,1,1,1,1,1,1,0,1,1,0,1,1,1,1,1,0,0,0,0,0,0,0,0,0,0,0,1,0,1,0,0,0,0,0,0,0,0,0,0,1,1,0,0,1
"visformer_small",60.7843137254902,1,1,1,1,1,1,1,1,1,0,1,1,0,1,1,1,0,1,1,0,0,1,0,1,0,0,1,0,1,0,1,1,0,1,0,1,1,0,1,1,1,0,0,1,1,0,1,0,0,0,0
"vit_base_patch16_224",60.7843137254902,1,1,1,1,1,1,1,1,1,1,1,0,1,1,0,1,0,1,1,1,1,1,1,0,1,1,1,1,0,0,1,0,1,0,0,1,1,0,0,0,0,1,1,1,0,0,0,0,0,0,0
"vit_base_patch16_224_dino",74.5098039215686,1,1,0,1,1,1,1,1,1,1,1,1,1,1,1,1,0,1,1,1,1,1,1,0,1,1,1,0,1,1,1,0,0,0,1,1,1,1,0,0,1,0,1,1,1,1,0,1,0,0,1
"vit_base_patch16_224_miil",72.5490196078431,1,1,1,1,1,1,1,1,1,1,1,1,1,1,1,1,0,1,1,1,1,1,1,1,1,1,1,1,1,1,0,1,1,0,0,1,1,0,0,1,0,0,0,1,0,1,0,0,0,0,1
"vit_base_patch16_224_miil_in21k",62.7450980392157,1,1,1,1,1,0,1,1,1,1,1,1,0,1,0,1,1,1,0,0,1,1,1,0,1,0,1,0,1,0,0,1,1,0,1,1,1,1,0,0,0,1,1,1,1,0,0,1,0,0,0
"vit_base_patch16_224_sam",62.7450980392157,1,1,1,1,1,1,1,1,1,1,1,1,0,1,1,1,0,1,1,1,0,1,1,1,0,1,1,1,0,1,1,0,1,0,0,0,0,0,0,0,0,0,0,0,1,1,0,1,1,1,0
"vit_base_patch16_384",64.7058823529412,1,1,1,1,1,1,1,1,1,1,1,1,1,1,1,1,0,1,1,1,1,1,1,0,1,0,1,1,0,0,0,0,0,1,1,1,1,0,0,0,1,1,0,1,0,0,0,0,0,1,0
"vit_base_patch16_rpn_224",64.7058823529412,1,1,1,1,1,1,1,1,1,1,1,1,0,1,1,1,1,1,1,0,1,1,1,1,1,1,1,0,1,1,0,1,0,0,0,1,0,0,0,0,0,1,0,0,1,0,0,0,1,0,1
"vit_base_patch32_224",70.5882352941177,1,1,1,1,1,1,1,1,1,1,1,0,1,1,1,1,1,0,1,1,1,1,0,1,1,1,1,1,0,0,0,1,1,1,0,0,1,0,0,1,0,1,1,0,1,1,0,1,0,0,1
"vit_base_patch32_224_clip_laion2b",70.5882352941177,1,1,1,1,1,0,1,1,1,1,1,1,1,1,1,1,0,1,1,1,1,0,0,1,0,1,1,1,1,1,1,1,0,1,1,0,0,1,1,1,0,1,1,0,1,1,0,0,0,0,0
"vit_base_patch32_224_in21k",66.6666666666667,1,0,1,1,1,1,1,1,1,1,1,1,1,1,1,1,0,1,0,0,1,1,1,1,1,1,1,1,0,0,0,1,1,1,0,0,1,0,0,0,1,1,1,1,1,1,0,0,0,0,0
"vit_base_patch32_224_sam",62.7450980392157,1,1,1,1,1,1,1,1,1,1,1,0,1,0,1,1,1,1,1,0,1,1,1,0,1,1,1,0,0,0,0,1,0,1,0,0,1,0,0,1,0,1,0,0,1,1,1,0,0,0,1
"vit_base_patch32_384",68.6274509803922,1,1,0,1,1,1,1,1,1,1,1,1,1,0,0,1,0,1,1,1,0,1,1,1,1,1,1,1,0,1,1,1,1,1,0,1,1,0,0,0,0,1,1,0,0,1,1,0,0,1,0
"vit_base_patch8_224",74.5098039215686,1,1,0,1,1,1,1,1,1,1,1,1,0,1,1,1,0,0,1,1,1,1,1,1,1,1,1,0,0,1,1,1,0,1,1,1,1,1,0,0,0,1,0,1,1,1,1,0,1,0,1
"vit_base_patch8_224_dino",78.4313725490196,1,1,1,1,1,1,1,1,1,1,1,1,1,1,1,1,1,1,1,0,1,1,1,1,0,1,1,1,0,1,1,1,1,0,1,0,1,1,1,0,0,1,1,1,0,1,1,1,0,0,0
"vit_base_r50_s16_224_in21k",70.5882352941177,1,1,0,1,1,1,1,1,1,1,1,1,0,1,1,1,1,1,1,0,0,0,1,1,1,1,1,1,1,1,1,1,1,0,1,1,1,0,0,0,1,0,1,1,1,0,0,1,0,0,0
"vit_base_r50_s16_384",76.4705882352941,1,1,1,1,1,1,1,1,1,1,1,0,1,1,1,0,1,1,1,1,0,1,1,1,1,1,1,1,1,1,1,0,1,0,0,0,1,1,0,1,0,1,1,0,1,1,1,1,1,0,0
"vit_huge_patch14_224_clip_laion2b",70.5882352941177,1,1,0,1,1,1,1,1,1,1,1,0,1,1,1,1,1,1,1,1,1,0,1,1,0,0,0,1,0,1,1,0,1,1,1,1,1,0,0,1,1,0,1,1,0,1,0,1,0,0,1
"vit_huge_patch14_224_in21k",56.8627450980392,1,1,0,1,1,1,1,1,1,1,1,1,0,1,1,1,1,0,1,0,0,1,0,1,1,0,1,1,1,0,0,0,1,0,0,1,1,1,0,0,0,1,1,1,0,0,0,0,0,0,0
"vit_large_patch14_224_clip_laion2b",58.8235294117647,1,1,0,1,1,0,1,1,1,0,1,0,1,0,1,0,0,1,1,1,1,1,0,1,0,1,1,1,0,1,1,1,0,0,0,1,1,0,0,1,0,1,1,0,0,0,0,1,0,1,1
"vit_large_patch16_224",78.4313725490196,1,1,1,1,1,1,1,1,1,1,1,1,1,1,1,1,0,1,1,1,1,1,1,1,1,1,1,0,1,1,1,1,1,1,1,1,1,1,0,0,1,0,1,1,0,1,0,0,0,0,0
"vit_large_patch16_224_in21k",70.5882352941177,1,1,1,1,1,1,1,1,1,1,1,1,1,1,1,0,1,1,1,1,0,0,1,1,1,1,1,1,1,1,1,1,1,0,0,1,1,0,0,0,1,0,1,0,1,1,0,0,0,0,0
"vit_large_patch32_224_in21k",47.0588235294118,1,1,1,1,1,1,1,1,1,1,1,1,1,0,1,0,0,1,1,1,0,0,0,1,1,0,1,0,1,0,0,0,0,0,0,0,0,0,0,0,1,0,0,1,0,1,0,0,0,0,0
"vit_large_patch32_384",43.1372549019608,1,1,0,1,1,1,1,1,1,1,1,0,0,0,0,1,1,0,0,0,0,0,0,1,0,0,1,1,1,0,1,0,1,0,0,0,0,0,0,0,0,0,1,0,0,1,0,1,0,1,0
"vit_large_r50_s32_224",66.6666666666667,1,1,1,1,1,1,1,1,1,1,1,1,0,1,1,0,1,0,1,1,0,1,1,1,1,1,1,0,0,1,1,0,1,0,1,1,0,1,0,0,0,1,0,1,1,1,0,0,0,1,0
"vit_large_r50_s32_224_in21k",64.7058823529412,1,1,1,1,1,0,1,1,1,1,1,1,0,1,1,1,1,0,1,1,1,0,1,1,1,1,1,0,1,1,1,0,0,0,0,1,1,1,0,1,1,1,0,0,0,0,0,1,0,0,0
"vit_large_r50_s32_384",50.9803921568627,1,1,1,1,1,1,1,1,1,1,1,1,0,1,0,1,1,0,1,1,0,1,1,0,1,1,1,0,0,0,1,0,0,0,0,1,0,0,0,0,0,0,0,0,1,1,0,0,0,0,0
"vit_relpos_base_patch16_224",70.5882352941177,1,1,1,1,1,1,1,1,1,1,1,1,1,1,1,1,0,0,1,1,1,1,1,0,1,1,1,0,1,1,0,0,0,0,1,0,1,1,1,1,0,0,1,0,1,0,0,1,0,1,1
"vit_relpos_base_patch16_clsgap_224",62.7450980392157,1,1,1,1,1,0,1,1,1,1,1,1,1,1,1,1,1,1,1,1,1,0,1,0,1,1,1,1,0,1,1,0,0,0,1,0,0,1,1,0,0,1,0,0,1,0,0,0,0,0,0
"vit_relpos_base_patch32_plus_rpn_256",62.7450980392157,1,1,0,1,1,1,1,1,1,1,1,1,1,1,1,1,0,1,1,0,1,0,1,1,1,0,1,0,0,0,0,0,1,1,0,1,0,1,1,0,0,0,0,0,1,1,1,0,1,1,0
"vit_relpos_medium_patch16_224",70.5882352941177,1,1,1,1,1,1,1,1,1,1,1,1,1,1,0,1,0,1,1,1,1,1,1,0,1,0,1,1,0,1,1,0,0,1,0,0,0,0,1,0,0,1,0,0,1,1,1,1,1,1,1
"vit_relpos_medium_patch16_cls_224",54.9019607843137,1,1,1,1,1,0,1,1,1,1,1,1,1,1,0,1,1,1,1,1,0,0,1,0,0,1,1,1,0,1,0,1,1,0,0,0,0,0,0,0,1,1,0,0,0,0,0,0,0,1,0
"vit_relpos_medium_patch16_rpn_224",66.6666666666667,1,1,0,1,1,1,1,1,1,1,1,1,0,1,0,1,1,1,1,1,0,0,1,1,1,0,1,0,1,1,1,0,0,0,1,0,1,1,1,1,0,1,1,0,0,1,0,0,0,1,1
"vit_relpos_small_patch16_224",52.9411764705882,0,1,1,1,1,1,1,1,1,1,1,1,0,1,0,1,1,1,1,1,0,1,1,0,0,1,1,0,1,0,0,0,0,1,0,0,0,1,0,0,0,0,0,0,0,1,0,0,0,1,1
"vit_small_patch16_224",74.5098039215686,1,1,1,0,1,1,1,1,1,1,1,1,1,1,1,1,1,1,1,1,1,1,1,1,1,1,1,0,1,1,1,1,0,0,1,1,0,1,0,1,0,1,1,0,1,1,0,0,0,0,0
"vit_small_patch16_224_dino",58.8235294117647,1,1,1,1,1,0,1,1,1,1,1,1,0,1,1,1,0,1,1,0,0,1,0,0,0,1,1,1,0,1,0,1,0,1,1,0,1,0,0,1,1,0,0,1,1,0,0,0,0,1,0
"vit_small_patch16_224_in21k",58.8235294117647,1,1,0,0,1,1,1,1,1,1,1,1,1,1,0,1,0,1,1,0,1,0,1,1,1,1,0,1,0,0,0,0,0,1,0,1,1,1,0,0,1,0,1,1,1,0,1,0,0,0,0
"vit_small_patch16_384",78.4313725490196,1,1,1,1,1,1,1,1,1,1,1,1,1,1,0,1,1,1,1,1,1,1,1,1,1,1,1,1,0,1,1,1,1,1,0,0,1,0,1,0,1,1,0,1,1,0,0,1,0,0,1
"vit_small_patch32_224",66.6666666666667,1,1,1,1,1,0,0,1,1,0,1,1,1,1,1,1,0,1,1,0,0,1,1,1,0,1,1,0,1,1,1,0,1,1,0,0,1,1,1,1,0,1,1,0,1,0,0,1,0,1,0
"vit_small_patch32_224_in21k",70.5882352941177,1,1,1,1,0,1,1,1,1,1,1,1,0,1,1,1,0,1,0,1,0,1,1,1,1,1,1,1,1,1,1,1,0,1,0,1,0,1,1,0,0,1,1,0,0,1,0,0,1,0,1
"vit_small_patch32_384",78.4313725490196,1,1,1,1,1,1,1,1,1,1,1,1,0,1,1,1,1,0,1,0,1,1,1,1,1,1,1,1,1,1,1,1,1,1,1,0,1,1,0,0,1,0,1,1,1,1,1,0,0,0,0
"vit_small_patch8_224_dino",80.3921568627451,1,1,1,1,1,1,1,1,1,1,1,1,1,1,1,1,0,1,1,1,1,1,1,0,1,1,1,1,1,1,1,1,1,1,1,0,1,1,0,0,0,1,1,1,1,0,0,1,0,0,1
"vit_small_r26_s32_224",64.7058823529412,1,1,0,1,1,1,1,1,1,1,1,1,0,1,1,1,1,0,1,0,0,0,1,0,1,1,1,0,1,1,1,0,0,1,0,1,1,1,0,1,0,0,1,0,0,1,0,1,1,1,0
"vit_small_r26_s32_384",64.7058823529412,1,1,0,1,1,1,1,1,1,1,1,0,1,1,0,1,0,1,1,1,0,1,1,0,0,1,1,0,1,1,0,0,1,1,1,1,1,0,1,0,0,0,1,1,0,1,1,0,0,1,0
"vit_srelpos_medium_patch16_224",70.5882352941177,1,1,1,1,1,1,1,1,1,1,1,1,1,1,1,1,1,1,1,0,1,1,1,1,1,1,1,0,1,0,1,0,1,0,1,0,1,1,0,0,0,1,1,0,1,0,1,0,0,0,0
"vit_srelpos_small_patch16_224",70.5882352941177,1,1,1,1,1,1,1,1,1,1,1,1,0,1,1,1,0,1,1,1,1,0,1,1,1,0,1,0,1,1,0,0,1,0,1,1,1,0,0,1,0,0,1,0,1,1,1,0,0,1,1
"vit_tiny_patch16_224",52.9411764705882,1,1,0,1,0,1,1,0,1,0,1,1,0,0,0,1,1,0,1,1,0,0,1,1,0,1,1,0,0,1,1,1,1,0,1,0,0,1,0,1,0,0,1,0,0,0,1,1,0,1,0
"vit_tiny_patch16_224_in21k",43.1372549019608,1,0,0,0,0,1,1,1,1,0,1,1,0,0,0,1,1,1,1,0,1,0,1,1,0,1,1,0,0,0,0,1,0,0,0,0,0,1,0,0,0,1,0,1,1,0,0,1,0,0,0
"vit_tiny_patch16_384",54.9019607843137,1,1,1,1,0,1,0,0,1,0,1,1,0,0,1,1,0,1,0,0,1,1,1,0,1,1,1,1,1,1,1,0,0,0,0,0,0,0,0,0,1,1,1,0,1,0,1,1,1,0,0
"vit_tiny_r_s16_p8_224",47.0588235294118,1,1,1,1,1,1,1,1,0,1,1,1,0,1,0,0,1,0,1,0,0,0,1,1,0,0,1,0,1,0,0,1,1,0,0,0,0,0,0,1,1,0,0,0,0,0,0,0,0,1,1
"vit_tiny_r_s16_p8_224_in21k",50.9803921568627,1,1,1,1,0,1,1,1,1,1,1,1,0,0,0,1,1,0,1,0,0,0,1,0,0,1,1,0,0,1,1,1,1,0,0,1,0,1,0,0,0,0,1,1,1,0,0,0,0,0,0
"vit_tiny_r_s16_p8_384",39.2156862745098,1,1,0,0,1,0,1,1,1,1,1,1,0,0,1,0,0,1,1,1,0,0,1,0,0,1,0,1,0,0,0,0,0,0,0,0,0,0,0,0,0,0,1,0,0,0,0,1,1,1,0
"volo_d1_224",60.7843137254902,1,0,1,1,1,1,1,1,1,0,1,0,0,1,1,1,0,1,1,1,1,0,1,1,0,1,1,0,1,1,0,1,0,1,1,0,1,1,1,0,0,0,0,1,1,0,0,0,1,0,0
"volo_d1_384",49.0196078431373,1,1,1,1,1,0,1,1,1,0,0,1,1,1,1,1,1,0,1,0,1,1,1,0,0,1,1,0,1,0,0,1,0,0,0,0,1,0,0,0,0,1,0,0,0,0,0,0,0,1,0
"volo_d2_224",58.8235294117647,1,1,1,0,1,1,0,1,1,1,1,1,0,1,0,1,1,0,1,0,1,1,0,0,1,0,1,1,1,1,1,1,1,0,1,0,0,0,0,0,1,1,0,1,0,0,1,0,0,0,1
"volo_d2_384",62.7450980392157,1,1,0,1,1,1,1,1,1,1,1,1,0,1,1,1,1,0,1,0,0,1,1,0,0,0,1,1,1,1,0,1,0,0,0,0,1,0,0,1,1,1,1,1,0,1,0,1,0,0,1
"volo_d3_224",60.7843137254902,1,1,1,1,1,1,0,1,1,1,1,0,1,1,0,1,1,1,0,0,0,1,0,1,1,1,1,1,1,0,0,1,0,0,0,0,1,1,0,0,1,0,0,1,1,1,0,1,0,0,1
"volo_d4_224",58.8235294117647,1,1,1,1,1,1,1,1,1,1,1,0,1,0,1,1,1,1,1,0,0,1,0,1,0,1,1,0,1,1,0,0,0,1,0,1,1,1,0,0,0,0,1,1,0,1,0,0,0,0,0
"volo_d5_224",66.6666666666667,1,1,0,1,1,0,1,1,1,1,1,1,1,1,1,1,0,1,1,0,0,1,0,1,1,1,1,1,1,0,0,1,1,1,0,0,1,1,0,1,1,0,1,1,1,1,0,0,0,0,0
"wide_resnet101_2",45.0980392156863,1,1,0,0,1,1,1,1,1,1,1,0,0,0,1,1,0,0,1,0,1,1,0,1,0,1,1,0,1,0,0,0,1,0,0,1,0,0,0,0,1,0,0,0,1,0,1,0,0,0,0
"wide_resnet50_2",37.2549019607843,1,1,1,0,1,1,0,1,1,1,1,0,0,1,1,0,1,0,1,0,0,1,0,0,0,0,0,0,0,1,0,0,0,1,0,0,1,0,1,0,0,0,0,0,0,0,0,0,0,1,0
"xception",29.4117647058824,0,0,1,1,0,1,0,1,0,0,0,1,0,1,0,0,1,0,0,0,1,1,0,0,0,0,0,0,0,0,0,1,0,1,0,0,0,0,0,1,1,1,0,0,1,0,0,0,0,0,0
"xception41",33.3333333333333,0,1,0,0,1,0,1,1,1,0,0,1,0,0,1,0,0,1,0,0,1,0,1,1,1,0,0,0,0,0,0,0,0,0,0,1,0,1,0,0,0,0,0,0,0,0,1,1,0,0,1
"xception41p",35.2941176470588,0,0,1,1,0,0,1,1,1,0,0,0,0,0,0,1,0,1,0,0,1,1,1,1,0,1,0,0,0,1,0,1,0,0,0,0,0,0,0,0,0,0,1,1,0,0,1,0,0,0,1
"xception65",33.3333333333333,0,0,0,0,0,1,1,1,0,0,1,0,1,1,1,1,0,0,1,0,0,0,0,0,1,0,0,1,0,0,1,0,1,0,0,1,0,0,0,0,0,0,0,1,1,1,0,0,0,0,0
"xception65p",49.0196078431373,0,0,0,1,1,0,1,1,1,0,1,0,1,1,1,0,1,1,0,0,1,0,0,0,1,1,1,1,1,0,1,0,0,1,0,1,1,0,1,0,1,0,0,1,0,0,0,1,0,0,0
"xception71",49.0196078431373,1,1,1,1,1,1,1,1,1,1,1,1,0,0,1,1,1,0,0,0,0,0,0,0,0,0,0,1,1,0,0,0,1,0,1,0,0,1,0,0,0,1,0,0,1,1,1,0,1,0,0
"xcit_large_24_p16_224",64.7058823529412,1,1,1,1,1,0,1,1,1,1,1,1,0,1,1,1,1,1,0,1,0,0,1,1,0,1,1,0,1,1,0,0,0,0,0,1,1,1,0,1,0,1,1,0,1,0,1,1,0,0,1
"xcit_large_24_p16_224_dist",76.4705882352941,1,1,1,1,1,1,1,1,1,1,1,1,1,1,1,1,0,1,1,0,1,1,0,1,1,1,1,1,1,1,1,1,0,0,0,1,1,1,1,1,1,0,1,1,0,1,0,1,0,0,0
"xcit_medium_24_p16_224",70.5882352941177,1,1,0,1,1,1,1,1,1,1,1,1,1,1,1,1,1,1,1,0,1,0,1,1,1,1,1,0,1,1,0,0,0,0,0,1,1,1,0,0,1,0,1,1,1,0,1,1,0,0,1
"xcit_medium_24_p16_384_dist",66.6666666666667,1,1,1,1,1,1,1,1,1,1,1,1,1,1,1,1,1,1,1,1,1,0,1,1,1,1,1,0,1,1,0,0,0,0,0,1,1,0,0,0,0,1,1,0,0,1,1,0,0,0,0
"xcit_nano_12_p16_224",49.0196078431373,1,1,0,1,1,0,1,0,1,1,1,0,1,1,1,1,1,0,0,1,0,1,1,0,0,1,1,0,1,0,0,1,0,0,0,0,1,0,1,0,0,1,1,0,0,0,0,0,0,1,0
"xcit_nano_12_p16_224_dist",56.8627450980392,1,1,0,1,1,1,1,0,1,1,1,1,1,1,0,1,0,1,1,0,0,1,1,1,1,0,1,0,0,1,1,0,0,1,1,0,1,0,0,0,0,0,0,0,0,0,1,1,1,1,0
"xcit_nano_12_p16_384_dist",52.9411764705882,1,1,1,1,1,0,1,1,1,1,1,1,1,1,1,0,1,1,1,1,0,1,1,1,0,1,0,0,0,0,0,0,1,1,0,0,0,0,0,0,0,0,0,0,0,0,1,1,0,1,0
"xcit_nano_12_p8_224",56.8627450980392,1,1,0,0,1,0,1,1,1,0,1,1,1,1,1,1,1,1,1,0,1,1,1,0,0,1,1,0,1,1,0,1,0,0,1,0,1,0,0,0,0,0,1,1,1,0,0,0,0,1,0
"xcit_nano_12_p8_224_dist",56.8627450980392,1,1,1,1,1,0,1,1,1,1,1,1,1,1,1,1,1,1,1,1,0,1,0,1,0,0,1,0,0,1,0,0,0,1,1,0,0,0,0,1,1,0,1,1,0,0,0,0,0,0,0
"xcit_nano_12_p8_384_dist",66.6666666666667,1,1,1,1,1,1,1,1,1,1,1,1,0,0,1,0,0,1,1,0,1,0,1,0,0,1,1,1,0,0,1,0,0,1,1,1,1,1,1,1,1,0,0,1,0,1,0,0,1,1,1
"xcit_small_12_p16_224",62.7450980392157,1,1,1,0,1,0,1,1,1,1,1,1,1,1,1,1,1,0,1,0,0,1,1,1,1,1,1,0,0,0,1,1,1,0,0,0,1,0,1,1,1,0,0,0,0,0,0,1,1,0,1
"xcit_small_12_p16_224_dist",68.6274509803922,1,1,0,0,1,1,1,1,1,1,1,1,0,1,1,1,0,1,1,1,1,1,1,1,1,1,1,0,1,1,0,1,1,0,0,0,1,1,1,0,1,0,0,1,1,0,1,1,0,0,0
"xcit_small_12_p16_384_dist",66.6666666666667,1,1,1,1,1,1,1,1,1,1,1,1,1,1,1,1,1,1,1,1,0,1,0,1,1,1,1,0,0,1,0,0,1,0,0,1,1,0,1,1,1,0,1,0,0,0,0,1,0,0,0
"xcit_small_12_p8_224",70.5882352941177,1,1,1,0,1,1,1,1,1,1,1,1,1,1,1,1,1,1,1,0,1,1,1,1,0,1,1,0,1,1,0,1,1,0,1,1,0,1,0,1,0,0,1,1,0,1,0,0,0,1,0
"xcit_small_12_p8_224_dist",68.6274509803922,1,1,1,1,1,1,1,1,1,1,1,1,0,1,1,1,0,1,1,1,0,1,1,1,1,1,1,0,1,1,0,1,1,0,0,1,0,0,1,0,1,1,1,0,1,0,0,0,0,0,1
"xcit_small_24_p16_224",68.6274509803922,1,1,1,1,1,0,1,0,1,1,1,1,1,1,1,1,1,1,0,1,0,1,1,1,1,1,1,0,1,1,0,1,1,1,0,0,1,0,0,0,0,1,1,1,0,1,0,0,0,1,1
"xcit_small_24_p16_224_dist",78.4313725490196,1,1,0,1,1,1,1,1,1,1,1,1,1,1,1,1,0,0,1,1,0,1,1,1,0,1,1,0,0,1,1,1,1,0,1,1,1,1,0,1,1,1,1,1,1,1,0,0,1,1,1
"xcit_small_24_p16_384_dist",62.7450980392157,1,1,1,1,1,1,1,1,1,1,1,1,0,1,1,0,1,1,1,1,0,1,0,1,0,1,1,0,0,1,0,1,1,0,0,0,1,0,0,0,1,1,1,1,1,0,0,0,0,1,0
"xcit_small_24_p8_224",68.6274509803922,1,1,1,1,1,1,1,1,1,1,1,1,1,1,1,1,0,1,1,0,0,1,1,1,0,1,1,0,1,1,0,1,0,1,0,1,0,0,1,1,0,0,1,0,0,1,0,1,1,1,0
"xcit_small_24_p8_224_dist",84.3137254901961,1,1,1,1,1,1,1,1,1,1,1,1,1,1,0,1,1,1,1,1,0,1,1,0,1,1,1,0,1,1,1,1,1,0,1,1,1,1,1,1,1,1,1,1,0,0,1,0,1,1,1
"xcit_tiny_12_p16_224",58.8235294117647,1,1,0,1,1,1,0,1,1,1,1,1,0,1,1,1,0,1,1,1,0,0,0,0,1,1,0,0,1,0,0,1,0,1,1,1,0,1,0,1,1,1,1,0,0,1,1,0,0,0,0
"xcit_tiny_12_p16_224_dist",56.8627450980392,1,1,0,1,1,1,1,1,1,0,1,1,0,1,1,1,0,1,1,1,0,0,1,1,0,1,1,0,1,1,0,1,1,0,0,1,0,0,1,0,1,0,0,0,0,0,1,1,0,0,0
"xcit_tiny_12_p16_384_dist",62.7450980392157,1,1,0,1,1,1,1,1,1,1,1,0,1,1,1,0,0,1,1,1,1,1,1,0,1,1,1,1,0,1,0,0,1,0,1,1,0,1,1,0,0,0,0,1,0,0,0,0,0,1,1
"xcit_tiny_12_p8_224",60.7843137254902,1,1,0,1,1,1,1,1,1,0,1,1,1,0,1,1,1,1,1,1,0,0,1,1,0,0,1,0,1,1,1,1,0,1,0,0,0,1,0,0,0,1,1,0,1,0,1,0,0,0,1
"xcit_tiny_12_p8_224_dist",68.6274509803922,1,1,1,1,1,1,1,1,1,1,1,1,0,1,1,1,1,1,1,1,1,0,1,1,1,1,1,0,0,1,1,1,0,0,1,1,0,0,1,0,0,1,0,1,0,1,0,0,0,0,1
"xcit_tiny_12_p8_384_dist",64.7058823529412,1,1,1,1,1,1,1,1,1,1,1,0,0,1,0,1,1,1,1,1,1,0,1,0,0,1,1,0,1,1,1,1,0,0,0,1,0,0,1,0,0,1,1,0,1,0,1,0,1,1,0
"xcit_tiny_24_p16_224",70.5882352941177,1,1,1,1,1,0,1,1,1,1,1,1,1,0,1,1,1,1,1,1,0,0,1,1,1,0,1,1,0,1,1,1,1,0,0,1,0,1,1,0,0,0,1,1,1,1,0,1,0,1,0
"xcit_tiny_24_p16_224_dist",66.6666666666667,1,1,1,1,1,1,1,1,1,1,1,1,0,1,1,0,1,1,1,1,0,1,1,1,1,1,1,0,1,1,1,0,1,1,0,0,1,0,0,0,1,0,0,0,0,0,0,1,1,0,1
"xcit_tiny_24_p16_384_dist",62.7450980392157,1,1,1,0,1,1,1,1,1,1,1,1,1,1,1,0,1,1,1,1,1,1,1,1,1,1,1,0,1,0,0,1,1,1,0,1,0,1,0,0,0,0,0,0,0,0,0,1,0,0,0
"xcit_tiny_24_p8_224",68.6274509803922,1,1,1,1,1,1,1,1,1,1,1,1,1,0,1,1,0,1,1,1,0,1,1,0,1,1,1,0,0,1,1,1,0,0,1,1,1,1,1,0,0,0,1,1,0,1,0,0,0,0,1
"xcit_tiny_24_p8_224_dist",70.5882352941177,1,1,1,1,1,1,1,1,1,1,1,0,0,1,1,1,1,1,0,1,1,1,1,0,1,1,1,0,0,1,1,1,0,1,0,1,0,1,0,0,1,1,1,1,0,1,0,1,0,1,0
