"SbjID","PercentageCorrect","Trial0","Trial1","Trial2","Trial3","Trial4","Trial5","Trial6","Trial7","Trial8","Trial9","Trial10","Trial11","Trial12","Trial13","Trial14","Trial15","Trial16","Trial17","Trial18","Trial19","Trial20","Trial21","Trial22","Trial23","Trial24","Trial25","Trial26","Trial27","Trial28","Trial29","Trial30","Trial31","Trial32","Trial33","Trial34","Trial35","Trial36","Trial37","Trial38","Trial39","Trial40","Trial41","Trial42","Trial43","Trial44"
"adv_inception_v3",57.7777777777778,0,1,0,0,1,1,1,1,1,1,1,1,0,1,1,0,1,0,1,0,1,0,1,1,1,1,1,0,1,1,0,1,1,1,0,0,0,0,0,1,1,0,0,0,0
"bat_resnext26ts",62.2222222222222,1,1,1,1,0,1,0,1,1,1,1,1,1,1,1,0,1,1,0,0,1,0,1,0,1,1,1,1,1,0,0,0,1,1,1,1,0,1,0,0,0,0,0,1,0
"beit_base_patch16_224",88.8888888888889,1,1,0,1,1,1,1,1,1,1,1,1,1,1,1,0,1,1,0,1,1,0,1,1,1,1,1,1,1,1,1,1,1,1,1,1,1,1,1,1,1,1,1,1,0
"beit_base_patch16_224_in22k",91.1111111111111,1,1,1,1,1,1,1,1,1,1,1,1,1,1,1,1,1,1,1,1,1,0,1,0,1,1,1,1,1,1,1,1,1,1,1,1,1,1,1,1,1,1,0,1,0
"beit_base_patch16_384",88.8888888888889,1,1,1,1,1,1,1,1,1,1,1,1,0,1,1,1,1,1,1,0,1,0,1,1,1,0,1,1,1,1,1,1,1,1,1,1,1,1,1,1,1,1,1,1,0
"beit_large_patch16_224",95.5555555555556,1,1,1,1,1,1,1,1,1,1,1,1,1,1,1,1,1,1,1,1,1,1,1,1,1,1,1,1,1,1,1,1,1,1,1,1,1,1,1,1,1,1,0,1,0
"beit_large_patch16_224_in22k",91.1111111111111,1,1,1,1,1,1,1,1,1,1,1,1,1,1,1,1,1,1,1,1,1,0,1,0,1,1,1,1,1,1,1,1,1,1,1,1,1,1,1,1,1,1,1,0,0
"beitv2_base_patch16_224",84.4444444444444,1,1,1,1,1,1,1,1,1,1,1,1,1,1,1,1,1,1,0,0,1,1,1,0,1,1,1,1,1,1,1,1,1,1,1,1,1,1,1,0,1,0,0,1,0
"beitv2_base_patch16_224_in22k",93.3333333333333,1,1,1,1,1,1,1,1,1,1,1,1,1,1,1,1,1,1,1,1,1,1,1,1,1,1,1,1,1,1,1,1,1,1,1,1,0,1,1,1,1,1,1,0,0
"beitv2_large_patch16_224",91.1111111111111,1,1,1,1,1,1,1,1,1,1,1,1,1,1,1,1,1,1,1,1,1,1,1,1,1,1,1,1,1,1,1,0,1,1,1,1,1,1,1,1,1,0,1,0,0
"beitv2_large_patch16_224_in22k",91.1111111111111,1,1,1,1,1,1,1,1,1,1,1,1,1,1,1,1,1,1,1,1,1,1,1,0,1,1,1,1,1,1,1,0,1,1,1,1,1,1,1,1,1,1,0,0,1
"botnet26t_256",62.2222222222222,1,1,0,1,1,1,0,1,1,1,1,1,1,1,0,1,1,1,0,0,1,0,1,0,1,1,1,0,0,0,0,1,1,0,1,0,0,0,1,0,1,0,1,1,1
"cait_s24_224",86.6666666666667,1,1,1,1,1,1,1,1,1,1,1,1,0,1,1,1,1,1,0,0,1,0,1,0,1,1,1,1,1,1,1,1,1,1,1,1,1,1,1,1,1,0,1,1,1
"cait_xxs24_224",75.5555555555556,1,1,0,1,1,1,0,1,1,1,1,1,1,1,1,0,1,0,1,1,1,1,1,0,1,1,1,0,1,1,1,0,1,1,0,1,1,0,1,1,1,1,0,1,0
"cait_xxs24_384",86.6666666666667,1,1,1,1,1,1,1,0,1,1,1,1,1,1,1,1,1,1,1,1,1,0,1,0,1,1,1,1,1,1,1,1,1,1,1,1,1,0,1,1,1,1,0,0,1
"cait_xxs36_224",82.2222222222222,1,1,1,1,1,1,1,0,1,1,1,1,1,1,1,1,1,1,0,0,1,0,1,0,1,1,1,1,1,1,1,1,1,1,1,1,0,0,1,1,1,1,0,1,1
"coat_lite_mini",86.6666666666667,1,1,0,1,1,1,1,1,1,1,1,1,1,1,1,1,1,1,1,1,0,1,1,1,1,1,1,1,1,1,1,0,1,1,1,1,0,1,1,1,1,0,1,1,0
"coat_lite_small",84.4444444444444,1,1,1,1,1,1,1,1,0,1,1,1,1,1,1,1,1,0,0,1,1,1,1,0,1,1,1,1,1,1,1,1,1,1,1,1,0,1,1,1,1,1,0,1,0
"coat_lite_tiny",82.2222222222222,1,1,0,1,1,1,1,1,1,0,1,1,1,1,1,1,1,1,1,1,0,1,0,0,1,1,1,1,1,1,1,1,1,1,1,1,0,1,1,1,1,1,0,1,0
"coat_mini",64.4444444444444,1,1,1,0,0,1,0,0,0,0,1,1,0,1,1,1,1,1,1,0,1,0,1,0,1,1,1,1,1,1,0,0,1,1,1,1,0,1,1,1,1,0,0,1,0
"coat_tiny",86.6666666666667,1,1,1,1,1,1,1,1,1,1,1,1,1,1,1,1,1,0,1,1,1,0,1,1,0,1,1,1,1,1,1,1,1,0,1,1,1,1,1,1,1,1,1,0,0
"coatnet_0_rw_224",71.1111111111111,1,1,0,1,1,1,1,1,0,1,1,1,0,0,1,0,1,0,0,1,0,1,1,1,1,1,1,0,1,1,1,1,1,1,1,1,1,1,0,1,1,0,1,0,0
"coatnet_1_rw_224",53.3333333333333,1,1,1,0,1,1,0,1,1,0,1,1,0,0,1,1,1,0,0,1,0,0,1,1,1,1,0,0,0,1,1,1,0,0,1,1,1,0,0,1,0,0,0,0,0
"coatnet_bn_0_rw_224",66.6666666666667,1,1,0,1,1,1,0,1,1,1,1,1,0,1,1,0,1,1,0,0,1,1,1,1,1,1,1,1,0,1,0,0,1,1,1,0,1,1,1,0,1,0,0,0,0
"coatnet_nano_rw_224",62.2222222222222,1,1,1,1,1,1,0,0,0,0,1,1,1,0,1,0,1,1,0,1,1,0,0,1,1,1,1,0,0,0,1,1,1,1,1,1,1,1,0,0,1,0,0,0,1
"coatnet_rmlp_1_rw_224",71.1111111111111,1,1,1,1,1,1,0,1,0,1,1,1,0,1,0,1,1,1,0,0,1,1,1,0,0,1,1,1,1,1,1,1,1,1,1,0,1,1,1,0,1,1,0,0,0
"coatnet_rmlp_nano_rw_224",75.5555555555556,1,1,1,1,0,1,1,0,0,1,1,1,1,1,1,1,1,1,0,0,1,1,1,1,1,1,1,0,1,0,1,1,1,1,1,1,1,1,1,0,1,0,0,1,0
"convit_base",82.2222222222222,1,1,1,1,0,1,1,1,1,1,1,1,1,1,1,1,1,1,1,0,1,0,1,1,1,1,1,1,1,1,0,0,1,1,1,1,0,1,1,1,1,1,1,0,0
"convit_small",77.7777777777778,1,1,1,1,1,1,1,0,1,1,1,1,1,1,1,1,1,1,0,0,1,0,1,1,1,1,1,1,1,1,1,1,1,1,0,1,0,0,1,1,1,1,0,0,0
"convit_tiny",68.8888888888889,1,1,1,1,1,1,1,0,1,1,1,1,0,1,1,1,1,0,0,0,1,0,1,0,1,1,1,1,1,1,1,0,1,0,1,1,1,1,1,0,1,0,0,0,0
"convmixer_1024_20_ks9_p14",71.1111111111111,1,1,0,1,0,1,1,0,1,1,1,1,1,1,1,0,1,0,1,1,1,0,1,0,1,1,1,1,1,1,1,0,1,1,1,0,1,1,0,1,1,0,1,0,0
"convmixer_1536_20",64.4444444444444,0,1,0,1,1,1,1,0,0,0,1,1,1,1,1,0,1,1,1,1,1,0,0,0,1,1,1,1,0,1,1,0,1,1,1,1,0,1,1,1,1,0,0,0,0
"convmixer_768_32",42.2222222222222,1,1,0,1,0,1,0,0,0,0,1,0,0,0,1,0,1,1,1,0,0,0,1,0,1,1,1,0,1,1,0,1,1,0,0,1,0,0,0,0,1,0,0,0,0
"convnext_atto_ols",84.4444444444444,1,1,1,1,0,1,1,1,0,1,1,1,1,1,1,0,1,1,1,1,1,1,1,1,1,1,1,1,0,1,1,1,1,1,1,1,1,0,1,1,1,1,0,1,0
"convnext_base_384_in22ft1k",93.3333333333333,1,1,1,1,1,1,1,1,1,1,1,1,1,1,1,1,1,1,1,1,1,1,1,1,1,1,1,1,1,1,1,1,1,1,1,1,0,1,1,1,1,1,0,1,0
"convnext_base_in22k",91.1111111111111,1,1,1,1,1,1,1,1,1,1,1,1,1,0,1,1,1,1,1,1,1,1,1,1,1,1,1,1,1,1,1,0,1,1,1,1,1,1,1,1,1,1,1,0,0
"convnext_femto_ols",80,1,1,1,1,1,1,1,1,1,1,1,1,0,1,1,0,1,1,0,1,1,0,1,1,1,1,1,1,0,1,1,1,1,1,1,1,1,1,1,1,1,0,0,0,0
"convnext_large_in22k",93.3333333333333,1,1,1,1,1,1,1,1,1,1,1,1,1,1,1,1,1,1,1,1,1,1,1,1,1,1,1,1,1,1,1,1,1,1,1,1,1,1,1,1,1,1,0,0,0
"convnext_nano_ols",77.7777777777778,1,1,1,1,1,1,1,1,0,1,1,1,1,1,1,0,1,0,1,0,1,0,1,1,1,1,1,1,1,1,0,1,1,1,1,1,0,1,1,1,1,0,0,0,1
"convnext_pico_ols",88.8888888888889,1,1,1,1,1,1,1,1,1,1,1,1,1,1,1,1,1,1,1,0,0,1,1,1,1,1,1,0,1,1,1,1,1,1,1,1,1,1,1,1,1,0,1,1,0
"convnext_small_384_in22ft1k",93.3333333333333,1,1,1,1,1,1,1,1,1,1,1,1,0,1,1,1,1,1,1,1,1,1,1,1,1,1,1,1,1,1,1,1,1,1,1,1,0,1,1,1,1,1,0,1,1
"convnext_small_in22k",91.1111111111111,1,1,1,1,1,1,1,1,1,1,1,1,1,1,1,1,1,1,1,1,1,1,1,1,1,1,1,1,1,1,1,0,1,1,1,1,1,1,1,1,1,1,0,0,0
"convnext_tiny_384_in22ft1k",82.2222222222222,1,1,1,1,1,1,1,1,1,1,1,1,0,1,1,1,1,1,1,0,1,0,1,1,1,1,1,1,1,1,1,0,1,1,1,1,1,1,1,1,1,0,0,0,0
"convnext_tiny_in22ft1k",88.8888888888889,1,1,1,1,1,1,1,1,1,1,1,1,0,1,1,1,1,0,1,1,0,1,1,1,1,1,1,1,1,1,1,1,1,1,1,1,1,1,1,1,1,1,0,1,0
"crossvit_15_240",84.4444444444444,1,1,1,1,1,1,1,1,1,1,1,1,1,0,1,1,1,1,1,0,1,1,1,1,1,1,1,1,1,1,1,1,1,1,1,1,0,1,1,1,1,0,0,0,0
"crossvit_15_dagger_240",84.4444444444444,1,1,1,1,1,1,1,0,1,1,1,1,1,1,1,1,1,1,0,1,1,0,1,1,1,1,1,1,1,1,1,0,1,1,1,1,0,1,1,1,1,0,1,1,0
"crossvit_15_dagger_408",84.4444444444444,1,1,1,1,1,1,0,1,1,1,1,1,0,0,1,1,1,1,0,0,1,1,1,1,1,1,1,1,1,1,1,1,1,1,1,1,1,1,1,1,1,0,0,1,1
"crossvit_18_240",77.7777777777778,1,1,1,1,0,1,1,0,0,1,1,1,1,1,1,1,0,1,1,1,1,0,1,1,1,1,1,1,1,1,1,1,1,1,1,1,0,1,1,1,0,0,0,1,0
"crossvit_18_dagger_240",82.2222222222222,1,1,1,1,0,1,1,1,1,1,1,1,1,1,1,1,1,1,1,1,1,1,1,0,1,1,1,0,1,1,1,1,1,1,1,1,0,0,1,1,1,0,0,1,0
"crossvit_18_dagger_408",73.3333333333333,1,1,1,1,1,1,0,0,0,1,1,1,0,1,1,0,1,1,1,0,1,0,1,1,1,1,1,1,1,1,0,0,1,1,1,1,0,1,1,1,1,1,1,0,0
"crossvit_9_240",68.8888888888889,1,1,1,1,0,1,1,1,1,0,1,1,1,1,1,0,1,0,1,1,0,0,1,0,0,0,1,1,1,1,1,0,1,1,1,1,1,1,0,1,1,1,0,0,0
"crossvit_9_dagger_240",80,1,1,1,1,1,1,0,1,1,1,1,1,1,1,1,1,1,0,1,1,1,0,1,0,1,0,1,1,1,1,1,1,0,1,1,1,1,1,1,1,1,0,1,0,0
"crossvit_base_240",84.4444444444444,1,1,1,1,1,1,1,1,1,1,1,1,1,1,1,1,1,1,1,0,1,1,1,0,1,1,1,1,1,1,0,1,1,1,1,1,0,1,1,1,1,0,0,1,0
"crossvit_small_240",86.6666666666667,1,1,1,1,1,1,1,1,1,1,1,1,1,1,1,1,1,1,1,1,1,0,1,1,1,0,1,1,1,1,0,0,1,1,1,1,1,1,1,1,1,0,1,1,0
"crossvit_tiny_240",77.7777777777778,1,1,0,1,1,1,1,1,1,1,1,1,1,1,1,0,1,0,1,1,1,0,1,1,0,1,1,0,1,1,1,1,1,1,1,1,1,1,1,1,1,0,0,0,0
"cs3darknet_focus_l",60,1,1,0,1,0,1,1,1,0,1,1,1,0,0,0,0,0,1,0,0,1,1,1,1,1,1,1,1,0,1,1,0,1,1,1,1,1,1,0,0,1,0,0,0,0
"cs3darknet_focus_m",53.3333333333333,1,0,0,1,0,1,1,1,0,0,1,1,0,1,1,0,1,1,1,0,1,1,0,1,1,0,1,0,0,1,0,1,1,1,1,1,0,1,0,0,0,0,0,0,0
"cs3darknet_l",53.3333333333333,1,1,0,1,0,0,1,0,0,0,1,1,1,0,0,0,0,0,1,0,1,1,1,0,1,0,1,1,1,1,1,1,1,0,0,1,0,1,0,0,1,1,1,0,0
"cs3darknet_m",62.2222222222222,1,1,1,1,0,1,0,0,0,1,1,1,1,1,1,0,1,1,0,0,1,1,1,1,1,0,1,0,1,0,1,1,1,0,0,1,1,1,0,0,0,0,0,1,1
"cs3darknet_x",53.3333333333333,0,1,1,0,0,1,1,1,1,0,1,1,1,1,0,1,1,1,1,0,1,1,0,1,0,1,0,0,0,1,0,0,0,1,1,0,1,0,0,0,1,0,0,1,0
"cs3edgenet_x",64.4444444444444,0,1,1,1,1,1,1,1,1,0,1,1,0,1,1,1,1,0,0,0,1,1,0,1,1,1,1,0,1,0,1,0,1,1,1,0,0,1,0,0,0,0,1,1,1
"cs3se_edgenet_x",60,1,1,0,1,1,0,1,1,0,1,1,1,1,1,0,0,1,0,1,0,1,0,0,1,0,1,0,1,1,1,1,0,1,1,1,1,1,1,0,0,0,0,1,0,0
"cs3sedarknet_l",51.1111111111111,1,1,0,0,1,1,0,0,1,1,1,1,1,0,1,1,1,1,0,0,0,0,0,0,1,0,1,0,1,1,0,0,1,1,1,0,1,1,1,0,0,0,0,0,0
"cs3sedarknet_x",53.3333333333333,1,0,1,1,1,0,1,0,0,1,1,1,0,0,1,1,1,0,0,0,1,0,0,1,0,1,1,0,1,1,1,0,1,1,0,0,1,1,1,0,1,0,0,0,0
"cspdarknet53",75.5555555555556,1,1,1,0,1,1,0,1,1,1,1,1,1,1,1,0,1,1,1,1,1,1,1,1,1,1,1,1,0,1,0,0,1,1,1,1,0,0,0,0,1,1,1,1,0
"cspresnet50",62.2222222222222,1,1,0,1,1,0,0,1,0,0,1,0,0,1,1,1,1,0,0,1,1,0,1,1,1,1,1,1,1,0,0,1,1,0,0,1,1,1,1,1,1,0,1,0,0
"cspresnext50",55.5555555555556,1,1,0,1,0,0,0,0,0,1,1,1,1,0,1,1,1,1,0,0,0,1,0,1,1,1,1,0,1,1,1,1,0,1,1,1,0,0,0,0,1,1,0,0,0
"darknet53",55.5555555555556,1,0,0,1,1,0,1,0,0,0,1,0,0,0,1,1,1,1,1,0,0,1,1,1,1,1,1,1,0,1,1,0,1,0,1,1,1,0,0,1,0,0,0,1,0
"darknetaa53",57.7777777777778,1,1,1,1,0,0,0,1,1,1,1,0,1,0,1,0,1,1,0,0,1,1,1,0,1,1,1,1,0,1,1,0,0,0,1,0,1,0,1,0,1,0,0,1,0
"deit3_base_patch16_224",77.7777777777778,1,1,0,1,1,1,0,1,1,0,1,1,0,1,1,1,0,1,1,1,1,0,1,1,1,1,1,1,1,1,1,1,1,1,1,1,0,1,1,1,1,0,0,1,0
"deit3_base_patch16_224_in21ft1k",73.3333333333333,1,1,1,1,1,1,1,1,0,1,1,1,0,0,1,1,1,1,1,1,1,0,1,1,1,1,1,1,0,1,0,1,0,0,1,1,1,1,1,1,0,1,0,0,0
"deit3_base_patch16_384",84.4444444444444,1,1,1,1,1,1,1,0,1,1,1,1,1,1,1,1,1,1,1,0,1,1,1,1,1,1,1,1,1,1,1,0,1,1,1,1,1,1,1,0,1,0,1,0,0
"deit3_base_patch16_384_in21ft1k",82.2222222222222,1,1,1,1,1,1,1,1,1,1,1,1,0,1,1,1,1,0,1,1,1,0,1,1,1,1,1,1,0,1,0,0,1,1,1,1,1,1,1,1,0,1,1,1,0
"deit3_huge_patch14_224",75.5555555555556,1,1,1,1,1,1,1,1,1,0,1,1,0,1,1,1,1,1,1,0,1,1,1,0,1,1,1,1,1,1,1,0,1,1,0,1,0,1,1,1,1,0,0,0,0
"deit3_huge_patch14_224_in21ft1k",86.6666666666667,1,1,1,1,1,1,1,1,1,1,1,1,1,1,1,1,1,1,1,1,0,1,1,0,1,1,1,1,1,1,1,1,1,1,1,1,1,1,1,1,1,0,0,0,0
"deit3_large_patch16_224",73.3333333333333,1,1,1,1,1,1,0,0,1,0,1,1,1,0,1,1,1,1,1,1,1,1,1,0,1,1,1,1,1,1,1,1,1,1,0,1,0,0,1,0,1,0,0,1,0
"deit3_large_patch16_224_in21ft1k",80,0,1,1,1,1,1,1,1,0,1,1,1,0,1,1,1,0,1,0,1,1,1,1,0,1,1,1,1,1,1,1,0,1,1,1,1,1,1,1,1,1,1,0,1,0
"deit3_medium_patch16_224",80,1,1,1,1,0,1,0,1,1,0,1,1,1,1,1,1,1,0,0,1,1,1,1,0,1,1,1,1,1,1,1,1,1,1,1,1,1,1,1,1,1,0,1,0,0
"deit3_small_patch16_224",68.8888888888889,1,0,1,0,0,1,0,0,0,0,1,1,1,1,1,1,1,1,1,1,1,0,0,0,1,1,1,1,1,1,1,0,1,0,1,1,1,1,1,1,1,1,0,0,1
"deit3_small_patch16_224_in21ft1k",71.1111111111111,1,1,1,1,1,1,0,1,0,1,1,1,0,0,1,1,1,1,0,1,1,0,1,1,1,1,1,1,1,1,0,0,1,1,1,1,0,1,0,1,1,0,1,0,0
"deit3_small_patch16_384",82.2222222222222,1,1,1,1,1,1,1,1,1,1,1,1,1,1,1,1,1,1,0,1,1,0,1,1,1,1,1,1,1,1,0,1,1,1,0,1,0,1,1,1,1,1,0,0,0
"deit3_small_patch16_384_in21ft1k",75.5555555555556,1,1,1,1,1,1,0,1,1,0,1,1,0,1,1,1,1,1,0,0,1,0,1,1,1,1,1,1,1,1,0,0,1,1,1,1,1,1,1,1,0,1,1,0,0
"deit_base_distilled_patch16_224",84.4444444444444,1,1,1,1,1,1,1,1,1,0,1,1,0,1,1,1,1,0,0,1,1,1,1,1,1,1,1,1,1,1,1,1,1,1,1,1,1,1,1,1,1,0,0,1,0
"deit_base_distilled_patch16_384",84.4444444444444,1,1,1,1,1,1,1,1,1,1,1,1,1,1,1,0,1,1,1,0,1,1,1,0,1,0,1,1,1,1,1,1,1,1,1,1,1,1,1,1,1,0,1,0,0
"deit_base_patch16_224",75.5555555555556,1,1,1,1,1,1,1,1,1,0,1,1,1,0,1,0,0,1,1,1,1,0,1,1,1,1,1,1,1,1,1,0,1,0,1,1,0,1,1,1,1,0,0,1,0
"deit_base_patch16_384",93.3333333333333,1,1,1,1,1,1,1,1,1,1,1,1,1,1,1,1,1,1,1,1,1,1,1,1,1,1,1,1,1,1,1,1,1,1,1,1,1,1,1,0,1,0,1,1,0
"deit_small_distilled_patch16_224",84.4444444444444,1,1,1,1,1,1,1,1,1,1,1,1,0,1,1,1,1,0,0,0,1,1,1,0,1,1,1,1,1,1,1,1,1,1,1,1,1,1,1,1,1,0,1,1,0
"deit_small_patch16_224",84.4444444444444,1,1,1,1,0,1,1,1,1,1,1,1,1,1,1,1,1,1,1,0,1,1,1,0,1,1,1,1,1,1,1,1,1,1,1,1,0,1,1,1,1,0,0,1,0
"deit_tiny_distilled_patch16_224",82.2222222222222,1,1,1,1,1,1,0,0,1,1,1,1,1,0,1,1,1,1,0,1,0,0,1,1,1,1,1,1,1,1,1,1,1,1,1,1,1,1,1,1,1,0,0,1,1
"deit_tiny_patch16_224",71.1111111111111,1,1,0,1,1,1,1,0,1,0,1,1,1,1,1,1,0,1,1,1,0,1,1,0,1,1,1,1,0,1,1,0,1,1,1,1,0,0,0,1,1,0,0,1,1
"dla102",64.4444444444444,1,1,0,1,0,1,0,1,1,1,1,1,0,0,1,0,1,0,1,1,1,1,1,1,1,1,1,0,0,1,0,1,1,1,1,0,1,0,1,0,1,0,1,0,0
"dla102x",68.8888888888889,1,1,0,1,0,1,1,1,0,1,1,1,0,0,0,0,1,1,1,1,1,1,1,1,1,1,1,1,0,1,0,1,1,1,1,0,0,1,1,1,0,0,0,1,1
"dla102x2",77.7777777777778,1,0,0,1,1,1,1,1,1,1,1,1,1,1,1,0,1,1,1,1,1,1,1,1,1,1,1,1,1,1,0,0,1,1,1,1,0,1,0,1,1,0,0,1,0
"dla169",71.1111111111111,1,0,0,1,0,1,1,1,1,1,1,1,1,0,1,0,1,1,1,0,1,1,1,1,1,1,1,1,1,1,1,1,1,1,1,0,1,0,1,1,0,0,0,0,0
"dla34",62.2222222222222,1,1,0,1,0,1,1,0,0,1,1,1,1,0,0,0,1,1,1,0,1,1,1,1,1,1,1,0,1,1,1,1,1,0,1,0,0,1,0,1,1,0,0,0,0
"dla46_c",66.6666666666667,1,1,1,1,0,1,1,0,0,1,1,1,0,1,1,0,1,1,1,0,1,0,1,1,1,1,1,1,1,1,0,1,1,0,1,1,0,0,1,0,1,0,0,1,0
"dla46x_c",57.7777777777778,1,1,0,1,0,1,0,1,1,0,1,1,0,0,0,0,1,0,1,1,1,1,1,1,1,1,1,1,0,1,0,1,0,0,1,0,1,1,0,0,1,0,0,0,1
"dla60",73.3333333333333,1,1,0,1,1,1,0,0,0,1,1,1,1,0,1,0,1,1,1,1,1,0,1,1,1,1,1,1,1,1,0,1,1,1,1,1,1,1,1,0,0,1,0,1,0
"dla60_res2net",55.5555555555556,1,1,0,1,1,0,0,1,0,1,1,1,1,1,1,0,1,0,0,0,1,1,1,1,1,0,1,0,0,1,0,0,1,1,1,0,1,0,1,1,0,0,0,0,0
"dla60_res2next",53.3333333333333,1,1,0,1,1,0,0,0,0,1,1,1,0,0,1,1,1,1,0,1,1,0,0,0,1,1,0,0,1,1,0,0,1,0,1,1,1,0,0,1,0,0,0,1,1
"dla60x",62.2222222222222,1,1,0,1,0,1,0,1,1,1,1,1,0,0,0,0,1,0,1,1,1,1,1,0,0,0,1,1,1,1,0,0,1,1,1,0,1,0,1,1,1,0,0,1,1
"dla60x_c",55.5555555555556,1,1,0,1,0,0,0,0,1,0,1,1,1,0,1,0,0,0,1,0,1,0,1,1,1,1,1,1,0,1,1,0,1,0,1,1,0,1,1,0,1,0,0,1,0
"dm_nfnet_f0",86.6666666666667,1,1,1,1,1,1,1,1,1,1,1,1,0,1,1,1,1,1,0,1,1,0,1,1,1,1,1,1,1,1,1,0,1,1,1,1,1,1,1,1,1,1,0,1,0
"dm_nfnet_f1",82.2222222222222,1,1,1,1,1,1,1,1,0,1,1,1,0,1,1,1,1,1,1,0,0,1,1,1,1,1,1,1,1,1,1,1,1,1,1,1,0,0,1,1,1,1,0,1,0
"dm_nfnet_f2",71.1111111111111,1,1,1,0,1,1,1,1,0,0,1,1,0,0,1,1,0,1,0,1,0,0,1,0,1,1,1,1,1,1,1,0,1,1,1,1,0,1,1,1,1,1,0,1,1
"dm_nfnet_f3",82.2222222222222,1,1,1,1,0,1,0,1,1,0,1,1,0,1,1,1,1,0,1,1,1,1,1,1,1,1,1,1,1,1,1,0,1,1,1,1,0,1,1,1,1,1,1,1,0
"dpn107",68.8888888888889,1,1,1,1,0,1,0,0,0,1,1,1,0,1,1,1,1,0,1,1,1,0,1,0,1,1,1,1,0,1,1,0,1,1,1,1,1,1,0,1,1,1,0,0,0
"dpn131",68.8888888888889,1,1,1,0,1,1,1,1,0,0,1,1,0,1,1,0,1,1,1,1,1,0,1,1,1,1,1,1,1,1,1,0,1,0,1,0,0,1,1,1,1,0,0,0,0
"dpn68",66.6666666666667,1,1,0,1,1,1,0,1,0,1,1,1,0,1,1,0,1,1,0,0,1,1,1,0,1,0,1,0,1,1,0,0,1,1,1,1,1,1,1,1,1,0,0,1,0
"dpn68b",64.4444444444444,1,1,1,1,1,0,1,1,1,1,1,1,0,1,1,1,1,1,0,0,1,1,1,0,1,1,1,0,0,1,1,0,1,1,0,1,1,0,0,0,1,0,0,0,0
"dpn92",68.8888888888889,1,1,0,1,0,1,1,1,1,1,1,1,0,1,1,0,1,1,0,1,1,0,1,0,1,1,1,1,1,0,0,1,1,1,1,1,1,1,1,0,1,0,0,0,0
"dpn98",64.4444444444444,1,1,0,1,0,1,1,0,0,1,1,1,1,0,1,0,1,1,1,1,1,0,1,1,1,1,1,0,1,1,1,1,1,0,1,1,0,0,0,1,1,0,0,0,0
"eca_botnext26ts_256",46.6666666666667,1,0,1,1,1,0,1,1,0,0,1,1,0,1,0,0,0,1,1,0,0,0,0,0,1,1,0,1,0,0,0,1,0,1,1,1,1,0,0,0,0,1,0,0,1
"eca_halonext26ts",53.3333333333333,1,1,1,1,0,1,1,1,0,1,1,1,1,0,1,1,0,0,1,0,1,1,0,0,0,1,1,0,1,0,0,0,1,1,1,0,1,0,0,0,1,0,0,0,0
"eca_nfnet_l0",86.6666666666667,1,1,1,1,1,1,1,1,1,1,1,1,1,1,1,0,1,0,0,1,1,1,1,1,1,1,1,1,1,1,1,0,1,1,1,1,1,1,1,1,1,1,1,0,0
"eca_nfnet_l1",88.8888888888889,1,1,1,1,1,1,1,1,1,1,1,1,0,1,1,1,1,1,0,1,0,1,1,1,1,1,1,1,1,1,1,1,1,1,1,1,1,1,1,1,1,1,1,0,0
"eca_nfnet_l2",86.6666666666667,1,1,1,1,1,1,1,1,1,1,1,1,1,1,1,1,1,0,1,1,1,0,1,1,1,1,1,1,1,1,1,1,1,1,1,1,0,1,1,1,1,0,0,1,0
"eca_resnet33ts",73.3333333333333,1,1,1,1,1,0,1,0,1,1,1,1,1,1,1,0,1,0,1,1,1,0,1,1,1,1,1,1,1,1,0,1,1,1,1,1,1,1,0,0,1,0,0,0,0
"eca_resnext26ts",55.5555555555556,1,1,1,1,1,1,0,1,0,1,1,1,1,0,1,0,0,1,0,0,1,0,0,1,1,1,0,1,1,0,0,1,1,1,1,0,0,1,0,0,1,0,0,0,0
"ecaresnet101d",68.8888888888889,1,1,1,0,1,1,0,0,0,1,1,1,1,1,1,0,1,0,0,0,1,0,1,1,1,1,1,1,1,1,1,0,1,1,1,1,1,1,1,0,0,0,1,1,0
"ecaresnet101d_pruned",77.7777777777778,1,1,1,1,1,1,0,0,1,1,1,1,1,1,1,0,1,1,1,0,1,0,1,1,1,1,1,1,1,1,1,0,1,1,1,1,0,1,1,1,1,0,0,1,0
"ecaresnet269d",48.8888888888889,1,1,0,1,1,1,0,1,0,1,1,1,0,1,0,0,0,1,0,0,1,0,1,0,1,1,1,1,0,0,0,0,1,1,0,0,1,0,1,0,1,0,0,0,0
"ecaresnet26t",66.6666666666667,1,1,1,1,0,1,1,1,1,1,1,1,1,1,1,0,1,1,1,0,1,0,0,1,1,1,0,1,1,1,1,0,1,1,1,0,0,1,0,0,1,0,0,0,0
"ecaresnet50d",48.8888888888889,1,0,0,0,0,0,1,0,1,0,1,0,0,0,1,0,1,1,1,0,1,0,1,1,1,1,1,1,1,0,0,0,1,1,1,1,0,1,0,0,0,0,0,1,0
"ecaresnet50d_pruned",77.7777777777778,1,1,1,1,1,1,1,1,0,1,1,1,1,0,1,0,1,1,1,1,1,0,1,1,1,1,1,0,1,1,0,0,1,1,1,1,1,0,1,1,1,1,0,1,0
"ecaresnet50t",57.7777777777778,1,1,0,0,0,0,1,0,1,1,1,1,0,1,1,0,1,1,1,0,1,0,0,1,1,0,1,0,1,1,1,0,1,1,1,1,0,0,1,0,1,1,0,0,0
"ecaresnetlight",53.3333333333333,0,1,1,0,0,1,1,0,1,1,0,1,1,1,1,0,1,1,1,0,1,1,0,1,0,0,1,0,0,1,1,0,1,0,1,0,0,1,0,0,1,0,0,1,0
"edgenext_base",91.1111111111111,1,1,1,1,1,1,1,0,1,1,1,1,1,1,1,1,1,1,1,0,1,0,1,1,1,1,1,1,1,1,1,1,1,1,1,1,1,1,1,1,1,1,1,1,0
"edgenext_small",84.4444444444444,1,1,1,1,1,1,1,0,0,1,1,1,1,1,1,1,1,0,1,1,1,1,1,1,1,1,1,1,1,1,1,1,1,1,1,1,0,1,1,1,1,1,0,0,0
"edgenext_small_rw",88.8888888888889,1,1,1,1,1,1,1,0,0,1,1,1,1,1,1,1,1,0,1,1,0,1,1,1,1,1,1,1,1,1,1,1,1,1,1,1,1,1,1,1,1,1,0,1,1
"edgenext_x_small",68.8888888888889,1,1,1,0,0,1,1,1,0,1,1,1,1,0,1,0,1,0,1,1,0,1,1,0,1,1,1,1,1,1,1,1,1,1,1,1,0,0,0,1,1,1,0,0,0
"edgenext_xx_small",66.6666666666667,1,1,1,0,0,1,1,0,1,1,1,1,1,0,1,1,1,0,0,1,0,0,1,0,1,1,1,1,1,1,0,1,1,1,1,1,1,1,0,1,0,1,0,0,0
"efficientformer_l1",68.8888888888889,1,1,0,1,1,1,1,0,0,1,1,1,1,1,1,1,1,1,1,1,1,0,1,1,1,1,1,0,1,0,0,0,1,0,1,0,1,1,0,1,1,0,1,0,0
"efficientformer_l3",73.3333333333333,1,1,1,1,1,1,0,1,1,1,1,1,0,1,1,1,1,1,1,0,1,0,0,0,1,1,1,1,1,1,1,1,1,1,1,1,1,1,0,0,1,0,0,0,0
"efficientformer_l7",77.7777777777778,1,1,1,1,1,1,1,1,1,1,1,1,0,1,1,0,1,1,1,0,1,0,1,0,1,1,1,1,1,1,1,1,1,1,1,1,1,0,1,1,1,0,0,0,0
"efficientnet_b4",55.5555555555556,1,1,0,1,1,1,1,1,0,0,1,1,1,1,1,1,0,0,1,0,0,0,1,1,1,0,1,1,0,1,1,0,1,0,1,0,1,1,0,0,0,0,0,0,0
"efficientnetv2_rw_s",60,1,0,0,1,0,0,1,1,1,1,1,1,1,1,1,0,0,1,0,0,1,0,1,1,1,0,1,1,0,1,1,0,1,1,1,0,0,1,1,0,1,0,0,1,0
"ens_adv_inception_resnet_v2",66.6666666666667,1,1,0,0,1,1,0,1,0,1,1,0,1,0,0,0,1,1,1,0,1,1,1,0,1,1,1,1,1,1,1,0,1,0,1,1,1,0,1,1,1,1,0,1,0
"ese_vovnet19b_dw",57.7777777777778,1,1,1,1,0,0,1,0,1,1,1,1,1,1,1,1,1,1,1,0,0,0,1,0,1,1,1,0,0,0,1,0,1,0,1,0,1,0,0,0,1,1,0,0,0
"ese_vovnet39b",60,1,1,1,1,1,1,0,0,0,1,1,1,1,1,1,0,0,1,1,0,1,1,1,0,1,0,1,1,0,1,0,1,1,1,1,0,1,1,0,0,0,0,0,0,0
"fbnetc_100",60,1,1,1,0,1,1,1,1,1,0,1,1,0,1,0,0,0,1,1,0,1,0,1,1,1,1,1,1,1,1,0,1,1,0,1,1,1,0,0,0,0,0,0,0,0
"fbnetv3_b",44.4444444444444,1,1,0,1,0,1,0,0,0,1,1,1,0,0,0,0,1,1,0,0,1,0,0,0,1,1,1,0,1,1,0,0,0,1,1,1,0,0,0,0,1,0,0,1,0
"fbnetv3_d",55.5555555555556,1,0,0,1,1,0,0,1,1,0,1,1,1,1,1,1,1,1,0,0,0,0,1,0,1,1,1,1,1,1,0,1,1,0,1,0,1,0,0,0,1,0,0,0,0
"fbnetv3_g",53.3333333333333,1,1,0,1,0,0,0,0,1,0,1,1,0,1,1,0,0,0,1,0,1,0,1,0,1,1,1,1,0,0,1,1,1,1,1,0,1,1,0,0,1,1,0,0,0
"gc_efficientnetv2_rw_t",55.5555555555556,1,1,1,1,1,1,0,0,1,0,1,1,1,1,1,0,1,1,0,0,0,0,0,1,1,1,1,0,0,1,1,0,1,1,1,0,0,1,0,0,1,0,0,0,0
"gcresnet33ts",62.2222222222222,1,1,1,0,0,1,1,1,0,1,1,1,1,1,1,0,0,0,1,1,1,0,1,1,1,1,1,0,1,1,1,0,1,1,0,0,0,1,0,1,1,0,0,0,0
"gcresnet50t",64.4444444444444,1,0,1,1,1,1,0,1,1,1,1,1,0,0,1,0,0,0,1,1,1,0,1,1,1,1,1,0,0,1,1,0,1,1,1,1,1,0,0,0,1,0,1,1,0
"gcresnext26ts",55.5555555555556,1,1,0,1,0,0,1,1,0,1,1,1,1,1,1,1,1,1,0,0,1,0,0,1,1,1,1,1,1,0,0,0,1,0,1,0,0,1,0,0,1,0,0,0,0
"gcresnext50ts",66.6666666666667,1,1,1,0,1,0,1,0,0,1,1,1,1,1,1,1,1,1,1,1,1,0,1,0,1,1,1,0,1,1,0,0,1,1,1,1,0,1,0,0,1,0,1,0,0
"gcvit_base",82.2222222222222,1,1,1,1,1,1,0,1,0,1,1,1,0,1,1,1,0,1,1,1,1,0,1,1,1,1,1,1,1,1,1,1,1,1,1,1,0,1,1,1,1,0,1,1,0
"gcvit_small",84.4444444444444,1,1,1,1,0,1,1,1,1,1,1,1,1,1,1,0,0,1,1,1,0,0,1,1,1,1,1,1,1,1,1,1,1,1,1,1,1,1,1,1,1,0,1,1,0
"gcvit_tiny",84.4444444444444,1,1,1,0,1,1,1,1,1,1,1,1,1,1,1,0,0,1,1,1,1,1,1,1,1,1,1,1,1,1,1,1,1,1,1,1,1,0,1,1,1,0,0,1,0
"gcvit_xtiny",75.5555555555556,1,1,1,1,1,1,1,1,1,1,1,1,1,0,1,1,1,1,1,0,1,0,1,0,1,1,1,0,1,1,1,0,1,1,1,1,0,0,1,1,1,0,0,0,1
"gcvit_xxtiny",84.4444444444444,1,1,1,1,1,1,1,1,1,1,1,1,1,0,1,1,1,1,1,1,1,0,1,1,1,1,1,1,1,1,1,1,1,1,1,1,0,0,1,1,1,0,0,1,0
"gernet_l",57.7777777777778,1,1,0,1,1,1,0,1,1,1,1,1,0,1,1,0,1,1,0,0,1,0,1,1,1,1,1,1,0,0,0,0,1,1,1,0,0,0,0,0,0,1,0,1,0
"gernet_m",62.2222222222222,1,1,1,0,0,1,1,0,0,0,1,1,0,1,1,0,1,1,1,0,1,0,1,1,1,1,0,0,1,1,1,1,1,1,1,1,0,1,0,0,0,1,1,0,0
"gernet_s",60,1,1,0,1,0,1,0,0,0,0,1,1,0,1,0,1,1,0,1,0,1,1,1,1,1,1,1,1,1,0,1,1,1,1,1,1,1,0,0,0,1,0,0,0,0
"ghostnet_100",51.1111111111111,1,1,0,1,0,1,0,0,0,1,1,1,0,0,0,1,1,1,1,0,1,0,0,1,1,1,0,1,1,1,1,0,1,1,0,0,1,1,0,0,0,0,0,0,0
"gluon_inception_v3",46.6666666666667,1,1,0,0,1,1,0,0,0,1,1,1,0,0,0,0,1,1,1,1,1,0,1,0,1,1,1,0,1,1,0,0,0,1,1,0,0,1,0,0,0,0,0,0,0
"gluon_resnet101_v1b",71.1111111111111,1,1,0,1,0,1,1,1,1,1,1,1,1,1,1,0,1,0,1,0,1,0,1,1,1,1,1,0,1,1,0,0,1,1,1,1,0,1,1,1,1,1,0,0,0
"gluon_resnet101_v1c",64.4444444444444,1,1,0,1,1,1,1,0,1,1,1,0,1,0,0,0,1,1,1,0,1,1,1,1,1,1,1,1,1,1,1,1,1,0,0,1,1,0,0,0,1,0,0,0,0
"gluon_resnet101_v1d",64.4444444444444,1,1,1,0,0,1,1,0,0,1,1,1,0,1,1,0,1,0,1,0,1,0,1,0,1,1,1,1,1,1,1,1,1,1,1,0,1,0,0,0,1,1,1,0,0
"gluon_resnet101_v1s",53.3333333333333,1,1,0,1,0,0,1,0,0,1,1,0,1,0,1,1,1,1,0,0,0,0,1,1,1,1,1,1,1,0,1,1,1,1,0,1,1,0,0,0,0,0,0,0,0
"gluon_resnet152_v1b",71.1111111111111,1,1,1,1,0,1,0,1,1,1,1,1,0,0,1,0,1,1,1,1,1,0,1,1,1,1,1,1,1,1,1,0,1,1,1,1,1,0,1,0,1,0,0,0,0
"gluon_resnet152_v1c",71.1111111111111,1,1,1,1,0,1,0,1,0,1,1,1,0,1,1,0,1,1,1,1,1,0,1,1,1,0,1,0,1,1,1,1,1,1,1,1,1,1,1,0,1,0,0,0,0
"gluon_resnet152_v1d",57.7777777777778,1,1,0,1,0,1,0,0,1,1,1,1,1,1,1,0,0,1,0,0,0,0,1,1,1,0,1,1,1,1,1,1,1,1,0,0,0,1,1,0,1,0,0,0,0
"gluon_resnet152_v1s",62.2222222222222,1,1,1,1,0,1,1,1,1,1,1,1,0,0,1,0,1,1,0,0,1,0,0,1,1,0,1,1,0,0,0,0,1,1,1,1,1,1,1,0,1,1,0,0,0
"gluon_resnet18_v1b",57.7777777777778,1,1,1,1,1,1,1,1,0,0,1,1,0,0,0,0,1,1,0,1,1,0,1,1,0,1,1,0,1,0,0,1,1,0,0,1,0,1,1,0,1,0,0,1,0
"gluon_resnet34_v1b",64.4444444444444,1,1,1,1,1,1,0,1,0,0,1,0,0,1,1,0,1,1,1,0,1,1,0,1,1,1,0,1,1,1,1,1,1,1,1,1,0,1,0,0,1,0,0,0,0
"gluon_resnet50_v1b",66.6666666666667,1,1,1,1,1,1,0,0,1,0,1,1,0,1,1,0,1,1,0,0,1,0,1,1,1,1,1,1,0,1,0,1,1,1,1,1,0,0,0,1,1,0,0,1,1
"gluon_resnet50_v1c",64.4444444444444,1,1,1,1,0,1,0,1,0,1,1,1,1,1,1,0,1,1,0,1,1,0,1,1,1,1,1,0,0,1,1,1,1,1,0,0,1,1,0,0,0,1,0,0,0
"gluon_resnet50_v1d",60,1,1,1,1,0,0,0,0,0,1,1,1,1,1,1,0,1,1,1,0,1,0,1,0,1,1,1,1,1,0,1,0,1,1,1,1,1,0,0,0,1,0,0,0,0
"gluon_resnet50_v1s",62.2222222222222,1,1,1,1,0,0,0,1,0,1,1,1,1,0,0,0,1,1,0,0,1,0,1,0,1,1,1,1,1,1,1,0,1,1,1,1,1,1,0,0,1,1,0,0,0
"gluon_resnext101_32x4d",64.4444444444444,0,1,1,1,1,1,0,0,0,1,0,1,1,1,1,1,1,1,1,0,1,0,1,0,0,0,1,1,0,1,1,0,1,1,1,1,1,1,1,1,0,1,0,0,0
"gluon_resnext101_64x4d",60,0,1,0,1,1,1,1,0,0,0,1,1,0,1,1,0,1,0,0,0,1,1,0,1,1,0,1,0,1,1,1,1,1,1,1,1,0,1,1,1,0,0,1,0,0
"gluon_resnext50_32x4d",62.2222222222222,1,1,1,1,1,0,0,1,1,1,1,1,0,1,1,0,0,1,0,1,1,0,1,1,1,1,1,0,1,1,0,0,1,1,0,0,1,1,0,0,1,1,0,0,0
"gluon_senet154",66.6666666666667,1,1,0,1,1,0,1,1,1,0,1,1,0,1,0,1,1,0,1,0,1,0,1,1,1,1,1,1,1,1,0,0,0,1,1,0,1,1,1,1,1,1,0,0,0
"gluon_seresnext101_32x4d",57.7777777777778,1,1,0,0,0,1,0,0,1,1,0,1,0,0,1,0,1,0,1,1,1,0,1,0,0,1,1,1,1,0,1,1,1,1,1,1,1,1,1,0,1,0,0,0,0
"gluon_seresnext101_64x4d",64.4444444444444,1,1,1,1,1,0,0,1,0,1,1,1,1,0,1,0,1,1,0,0,0,1,1,1,0,1,1,1,1,1,0,0,1,1,1,1,1,1,0,1,0,0,1,0,0
"gluon_seresnext50_32x4d",60,1,0,1,0,0,0,1,1,1,1,1,1,0,0,0,0,0,1,1,0,1,0,0,1,1,0,1,0,1,1,1,1,1,1,1,1,0,1,1,0,1,1,0,1,0
"gluon_xception65",68.8888888888889,1,1,1,1,1,1,0,0,1,1,1,1,0,1,0,0,1,0,1,0,1,0,1,1,1,1,1,1,1,1,0,0,1,1,1,1,1,1,1,1,1,0,0,0,0
"gmixer_24_224",80,1,1,1,1,1,1,1,1,1,1,1,1,0,1,1,1,1,0,1,1,1,0,1,0,1,0,1,1,1,1,1,1,1,0,1,1,0,0,1,1,1,1,0,1,1
"gmlp_s16_224",73.3333333333333,1,1,1,1,1,1,1,1,1,0,1,1,1,1,1,1,1,0,0,0,1,1,1,0,0,0,1,1,1,1,1,1,1,0,1,1,1,1,1,0,1,0,0,1,0
"halo2botnet50ts_256",55.5555555555556,1,1,1,1,0,1,1,1,1,0,1,1,0,1,0,0,0,1,1,0,1,0,1,1,0,0,0,1,0,1,1,0,0,1,1,0,1,0,0,0,1,0,1,1,0
"halonet26t",62.2222222222222,1,1,1,1,1,1,0,1,0,1,1,1,1,1,0,0,1,0,1,0,1,1,0,1,1,1,1,1,1,0,1,0,1,1,1,0,0,0,1,0,1,0,0,0,0
"halonet50ts",68.8888888888889,1,1,0,1,1,0,0,1,1,1,1,1,0,1,1,0,0,1,1,1,1,1,1,1,1,1,1,0,1,1,1,0,1,1,1,1,1,0,0,0,0,1,0,1,0
"haloregnetz_b",44.4444444444444,0,1,0,1,0,0,1,0,0,0,1,1,1,1,1,0,0,0,1,1,0,0,0,1,1,1,1,1,0,0,0,1,1,0,1,0,1,0,0,0,1,0,0,0,0
"hardcorenas_a",57.7777777777778,1,1,0,1,0,1,1,0,0,1,1,1,1,1,1,0,1,1,1,0,1,0,0,0,0,0,0,1,1,1,1,1,1,1,1,1,1,0,0,0,1,0,0,0,0
"hardcorenas_b",57.7777777777778,1,1,0,1,1,1,1,0,0,1,1,1,0,1,0,0,1,1,1,1,1,0,1,0,1,0,0,1,1,0,1,1,1,0,1,0,1,1,1,0,0,0,0,0,0
"hardcorenas_c",57.7777777777778,1,1,0,1,0,1,0,0,0,1,1,1,0,1,1,0,1,1,1,1,1,0,0,1,1,1,0,1,1,0,1,0,1,1,1,1,1,1,0,0,0,0,0,0,0
"hardcorenas_d",60,1,1,0,1,1,0,1,0,0,0,1,1,0,1,1,0,1,1,0,1,0,1,1,1,0,1,0,1,1,1,1,1,1,0,1,1,0,1,0,0,1,1,0,0,0
"hardcorenas_e",55.5555555555556,1,1,0,0,1,1,0,0,0,0,1,1,0,1,0,0,1,1,0,1,1,1,1,0,0,0,0,0,1,0,1,1,1,1,1,1,1,1,0,0,1,1,0,0,1
"hardcorenas_f",60,1,1,0,1,0,0,1,0,0,0,1,1,0,1,1,0,1,0,1,1,0,1,1,0,1,1,0,1,1,1,1,1,1,0,1,1,1,1,0,0,1,0,0,1,0
"hrnet_w18",64.4444444444444,1,1,1,1,0,1,0,1,1,0,1,1,0,1,1,0,1,1,1,1,1,0,0,0,1,1,1,1,1,0,0,1,1,0,1,1,1,1,0,1,0,0,0,1,0
"hrnet_w18_small",60,1,1,0,1,0,1,1,1,0,1,1,1,0,0,1,1,1,0,1,0,1,0,0,0,1,1,1,1,1,1,0,1,1,0,1,0,1,0,1,1,1,0,0,0,0
"hrnet_w18_small_v2",71.1111111111111,1,1,0,1,1,1,1,1,1,1,1,1,1,0,1,1,0,1,0,1,1,0,1,1,1,1,1,1,0,1,0,1,1,0,1,0,1,1,1,0,1,0,0,1,0
"hrnet_w30",55.5555555555556,1,1,0,1,0,1,0,0,1,1,1,0,0,1,0,0,1,1,0,1,1,0,1,1,1,0,0,1,1,1,1,0,1,1,0,1,1,0,1,1,0,0,0,0,0
"hrnet_w32",55.5555555555556,1,1,1,1,0,1,0,1,1,0,1,1,1,0,0,0,1,1,0,0,1,0,1,1,1,0,1,1,1,0,1,1,1,0,1,0,1,0,0,0,1,0,0,0,0
"hrnet_w40",55.5555555555556,1,1,0,1,0,1,0,1,0,0,1,1,1,0,1,0,1,0,1,1,1,0,1,1,1,1,1,1,0,0,1,0,0,1,1,1,1,1,0,0,0,0,0,0,0
"hrnet_w44",57.7777777777778,1,0,0,1,0,1,0,1,1,1,1,1,1,1,0,1,1,0,0,1,1,0,0,1,1,0,1,1,1,0,0,1,1,1,1,0,0,1,1,0,1,0,0,0,0
"hrnet_w48",68.8888888888889,1,1,0,1,1,1,1,1,0,1,1,1,0,1,1,1,1,0,0,0,1,1,1,1,1,1,0,1,1,1,0,0,1,1,1,1,1,0,0,1,1,1,0,0,0
"hrnet_w64",64.4444444444444,1,1,0,0,1,1,0,1,1,1,1,1,0,1,1,0,1,1,1,1,0,0,1,0,1,0,1,0,1,0,1,1,1,1,1,1,1,1,0,0,1,1,0,0,0
"ig_resnext101_32x16d",55.5555555555556,1,0,1,1,0,1,0,0,1,1,1,1,0,0,1,1,1,1,0,0,1,0,0,0,1,1,1,1,1,1,0,1,1,1,1,0,0,1,0,0,0,0,0,1,0
"ig_resnext101_32x32d",62.2222222222222,1,1,0,1,0,1,0,0,0,1,1,1,1,0,1,0,1,1,1,1,1,0,1,1,1,0,1,1,1,0,1,0,1,1,1,1,1,1,1,0,0,0,0,0,0
"ig_resnext101_32x8d",60,1,1,0,0,0,1,1,0,1,1,1,1,1,0,0,0,1,1,1,0,1,0,1,1,1,1,1,0,1,1,0,0,1,0,1,0,1,0,1,0,1,1,0,1,0
"inception_resnet_v2",33.3333333333333,1,0,0,0,0,0,0,0,0,0,0,0,0,1,1,0,0,1,0,0,1,0,1,1,0,1,1,1,1,0,1,0,1,0,1,0,0,0,0,0,0,1,0,0,0
"inception_v3",33.3333333333333,1,0,0,0,0,0,0,0,1,1,0,0,1,0,1,1,0,0,0,0,0,0,1,0,0,0,0,1,1,1,0,0,0,0,0,1,1,0,1,0,0,1,1,0,0
"inception_v4",57.7777777777778,0,1,0,1,0,1,1,0,0,1,1,1,0,1,1,0,1,1,1,0,1,1,1,1,1,0,1,0,1,0,0,1,1,1,0,1,1,0,1,0,0,0,0,1,0
"jx_nest_base",60,1,1,0,1,0,1,1,0,1,0,1,1,1,0,1,1,0,0,0,0,0,0,1,0,1,1,1,1,1,1,1,0,1,1,1,1,0,1,1,0,0,0,1,0,1
"jx_nest_small",60,0,1,1,1,1,0,1,0,1,0,1,1,1,1,1,1,1,0,0,0,1,0,0,0,1,1,1,1,0,1,1,0,0,1,0,0,0,0,1,1,1,0,1,1,1
"jx_nest_tiny",46.6666666666667,0,0,0,0,0,1,0,0,1,0,1,0,1,0,0,0,0,0,1,1,0,1,1,1,0,0,1,1,0,1,0,0,1,1,1,1,1,0,1,0,1,1,0,1,0
"lambda_resnet26rpt_256",51.1111111111111,1,1,1,1,0,1,0,1,1,1,1,1,0,1,0,1,1,0,1,0,1,0,0,0,1,0,1,1,1,0,0,1,1,0,1,0,1,0,0,0,0,0,0,0,0
"lambda_resnet26t",37.7777777777778,1,0,0,1,0,0,0,0,0,1,1,0,0,0,0,0,1,1,1,0,1,0,0,0,1,0,1,0,1,1,1,1,1,0,1,0,1,0,0,0,0,0,0,0,0
"lambda_resnet50ts",35.5555555555556,1,1,1,0,1,1,0,0,0,1,1,1,0,0,1,0,1,0,1,0,0,0,0,0,1,0,0,1,0,0,0,0,1,0,1,0,0,0,0,0,1,0,0,0,0
"lamhalobotnet50ts_256",53.3333333333333,1,1,0,1,0,0,1,0,1,1,1,1,0,1,0,0,1,1,0,1,0,0,1,1,1,0,1,0,0,1,1,1,1,1,1,0,1,0,0,0,1,0,0,0,0
"lcnet_050",66.6666666666667,1,1,1,1,1,1,1,1,1,1,1,1,0,1,1,0,1,1,1,0,1,0,0,0,1,1,1,1,1,0,1,0,1,1,1,1,1,0,0,0,1,0,0,0,0
"lcnet_075",60,1,1,0,1,1,1,1,1,1,0,1,1,0,1,1,0,1,0,1,1,1,0,0,1,1,1,1,1,0,0,1,0,1,1,1,1,0,0,0,0,1,0,0,0,0
"lcnet_100",55.5555555555556,1,1,0,1,0,1,1,0,1,1,1,1,0,1,1,0,1,0,0,0,0,0,0,0,1,1,0,1,1,0,1,1,1,1,1,1,1,1,0,0,1,0,0,0,0
"legacy_senet154",48.8888888888889,1,1,0,1,0,0,0,1,0,1,1,1,0,1,0,1,1,0,1,0,1,0,0,0,1,0,1,0,1,1,1,0,1,0,0,0,0,1,0,0,1,0,1,1,0
"legacy_seresnet101",62.2222222222222,1,0,0,1,1,1,1,1,1,1,1,0,1,1,1,1,1,1,0,0,1,0,0,1,0,1,1,0,1,1,0,0,1,0,0,1,1,1,1,1,0,0,0,0,1
"legacy_seresnet152",55.5555555555556,1,1,1,1,1,1,0,0,1,1,1,1,1,1,1,0,0,0,0,1,1,0,1,0,1,1,1,0,1,1,0,0,1,0,0,0,0,0,0,0,1,0,1,0,1
"legacy_seresnet18",60,1,1,0,1,0,1,1,0,1,0,1,1,1,0,1,1,1,1,1,0,1,0,1,0,1,1,0,0,1,1,0,1,1,0,1,1,0,1,0,0,1,0,0,1,0
"legacy_seresnet34",51.1111111111111,1,1,0,0,0,1,1,1,1,1,1,1,0,1,0,0,0,0,1,1,1,0,0,0,0,1,1,1,1,0,0,0,1,1,0,0,1,0,1,0,1,0,0,1,0
"legacy_seresnet50",53.3333333333333,1,0,0,1,1,1,0,1,1,0,1,1,1,0,0,0,1,0,1,0,1,0,1,1,0,1,1,0,0,1,0,1,1,1,1,1,0,1,0,0,0,1,0,0,0
"legacy_seresnext101_32x4d",57.7777777777778,1,1,1,1,1,1,1,0,0,0,1,1,1,0,1,0,1,0,0,0,0,0,1,1,1,1,0,0,1,1,0,1,1,0,0,1,1,1,1,0,1,0,0,1,0
"legacy_seresnext26_32x4d",53.3333333333333,1,0,0,1,0,1,1,1,1,0,1,1,0,1,0,0,1,1,0,0,1,0,1,0,0,0,1,0,0,1,0,0,1,1,0,1,1,0,1,1,1,0,0,1,1
"legacy_seresnext50_32x4d",60,0,1,0,1,0,1,1,1,0,1,1,1,1,1,1,0,0,1,1,0,1,1,1,1,1,0,0,0,1,1,0,0,1,0,1,1,0,1,0,0,1,1,0,1,0
"levit_128",53.3333333333333,1,1,0,1,0,1,0,0,1,0,1,0,0,0,1,0,1,0,1,1,1,0,1,0,1,1,1,0,0,1,1,0,1,1,1,0,1,0,1,0,0,0,1,0,1
"levit_128s",57.7777777777778,1,1,0,1,0,0,1,1,1,1,1,0,0,1,1,0,1,0,1,1,1,0,0,1,1,1,1,0,1,0,1,0,1,1,1,0,1,0,1,1,0,0,0,0,0
"levit_192",60,1,1,1,1,1,0,1,0,0,1,1,1,0,1,0,0,1,1,0,1,1,1,0,0,1,1,1,1,1,0,0,0,1,1,1,0,1,1,0,0,0,1,0,0,1
"levit_256",55.5555555555556,1,1,0,1,1,1,1,1,1,0,1,1,0,0,0,0,1,1,0,0,1,0,1,1,1,0,1,1,0,0,1,0,1,1,0,1,1,0,0,0,1,0,0,0,1
"levit_384",48.8888888888889,1,1,0,1,0,1,1,0,1,1,1,1,0,1,0,1,1,1,1,1,0,1,0,1,0,1,0,0,0,0,1,0,1,1,0,0,1,0,0,0,0,0,0,0,0
"maxvit_nano_rw_256",64.4444444444444,1,1,1,1,1,1,1,1,0,1,1,1,0,1,1,1,1,1,1,0,1,1,1,1,0,0,0,1,0,1,0,1,1,1,0,1,0,0,1,0,0,1,0,0,0
"maxvit_rmlp_nano_rw_256",46.6666666666667,1,1,1,1,1,1,1,1,0,1,1,0,0,1,1,1,1,1,0,0,0,0,0,0,0,0,0,0,0,0,1,0,0,1,0,1,1,0,0,0,1,1,0,0,0
"maxvit_rmlp_pico_rw_256",55.5555555555556,1,1,1,0,1,1,0,1,0,0,1,1,1,0,1,0,1,1,0,1,1,0,1,0,1,0,1,0,0,1,0,1,1,1,1,0,1,1,0,0,1,0,0,0,0
"maxvit_rmlp_tiny_rw_256",60,1,1,1,0,1,0,0,0,0,1,1,1,0,0,1,1,1,1,0,0,0,1,1,1,0,1,0,1,0,1,1,1,1,1,1,1,0,0,1,0,1,1,1,0,0
"maxvit_tiny_rw_224",51.1111111111111,0,1,1,1,0,0,1,1,0,0,1,1,0,1,1,0,1,1,0,1,0,1,0,1,1,0,1,1,0,1,0,0,1,0,1,0,0,0,1,0,1,1,0,0,0
"mixer_b16_224",73.3333333333333,1,1,1,1,0,1,1,0,1,1,1,1,1,1,1,1,1,0,0,1,0,1,1,1,1,1,1,0,1,1,1,1,1,1,1,1,1,1,0,0,1,0,0,0,0
"mixer_b16_224_in21k",86.6666666666667,1,1,1,1,1,1,1,1,1,1,1,1,1,1,1,0,1,1,0,1,1,1,1,0,1,1,1,1,1,1,1,0,1,1,1,1,1,1,1,1,1,1,0,1,0
"mixer_b16_224_miil",88.8888888888889,1,1,1,1,1,1,1,1,1,1,1,1,1,1,1,1,1,0,1,1,1,1,1,1,1,1,1,1,1,1,0,1,1,1,1,1,0,1,1,1,1,1,1,0,0
"mixer_b16_224_miil_in21k",88.8888888888889,1,1,1,1,1,1,1,1,1,1,1,1,0,1,1,1,1,1,1,1,1,1,1,1,1,1,1,1,1,1,1,0,1,1,1,1,1,1,1,1,1,0,0,1,0
"mixer_l16_224",71.1111111111111,1,1,0,1,0,1,0,1,1,1,1,1,0,1,1,1,1,1,1,1,1,0,1,1,1,0,1,1,1,1,1,0,1,1,1,1,1,0,0,1,1,0,0,0,0
"mixer_l16_224_in21k",88.8888888888889,1,1,1,1,1,1,1,1,1,1,1,1,1,1,1,1,1,1,1,1,1,0,1,1,1,1,1,1,1,1,1,0,1,1,1,1,1,1,1,1,1,0,0,1,0
"mixnet_l",71.1111111111111,1,1,1,1,1,1,0,1,0,1,1,1,0,1,0,0,1,1,1,0,1,0,0,1,1,1,1,1,1,1,0,1,1,1,1,1,0,1,1,1,1,0,0,1,0
"mixnet_m",60,1,1,0,0,1,1,0,0,0,1,1,1,0,1,1,0,0,1,1,1,1,0,1,0,1,1,0,1,1,1,1,0,1,1,1,0,1,1,0,0,1,0,0,1,0
"mixnet_s",51.1111111111111,1,1,0,1,0,1,0,1,0,1,1,1,0,1,0,0,1,0,1,0,1,0,1,1,0,1,0,0,1,1,0,0,1,1,1,1,1,0,0,0,1,0,0,0,0
"mixnet_xl",51.1111111111111,1,1,0,0,0,1,1,1,0,1,1,1,0,1,0,0,1,1,0,0,0,0,0,1,1,1,0,1,1,1,1,0,1,1,1,0,0,0,0,1,1,0,0,0,0
"mnasnet_100",57.7777777777778,1,1,1,1,0,1,1,1,0,0,1,1,0,1,1,0,1,0,0,1,1,0,0,1,1,1,1,1,1,1,0,1,1,1,1,0,1,0,0,0,0,0,0,0,0
"mnasnet_small",57.7777777777778,1,1,1,1,1,1,1,0,0,1,1,1,0,0,1,0,1,1,0,1,0,1,0,1,0,1,0,1,1,0,1,0,1,0,1,1,1,1,0,0,1,0,0,0,0
"mobilenetv3_large_100_miil_in21k",60,1,1,0,1,1,1,0,0,0,1,1,1,0,1,0,1,1,1,1,1,1,0,0,0,1,1,1,0,1,0,1,0,1,1,1,0,1,1,0,0,1,0,0,1,0
"mobilevit_s",71.1111111111111,1,1,0,1,1,1,1,0,1,0,1,1,1,0,1,1,1,1,0,1,1,1,1,1,1,1,1,1,1,1,1,0,0,1,1,1,0,0,0,0,1,1,0,1,0
"mobilevit_xs",64.4444444444444,1,1,0,1,1,1,1,1,0,1,1,1,0,0,1,1,0,0,0,0,1,0,1,1,1,1,0,1,1,1,0,1,1,1,1,1,0,1,0,0,1,1,0,1,0
"mobilevit_xxs",66.6666666666667,1,1,0,1,1,1,1,1,1,1,1,1,1,0,0,0,1,0,0,1,1,1,0,1,1,1,1,1,1,1,1,0,1,1,1,0,1,1,0,0,1,0,0,0,0
"mobilevitv2_050",57.7777777777778,1,1,0,1,1,1,1,1,1,1,1,1,1,1,0,1,1,1,0,0,1,0,0,0,0,0,0,0,0,0,1,1,1,0,1,1,1,1,0,0,1,0,0,1,0
"mobilevitv2_075",71.1111111111111,1,1,1,1,1,1,0,1,1,1,1,1,1,1,0,0,1,1,0,0,1,0,0,1,0,1,1,1,0,1,0,1,1,0,1,1,1,1,1,1,1,1,1,0,0
"mobilevitv2_100",57.7777777777778,1,1,1,1,0,1,0,1,0,1,1,1,1,0,0,0,1,0,0,1,0,1,1,0,0,1,1,1,1,1,1,0,1,1,0,1,0,1,0,1,1,0,0,0,0
"mobilevitv2_125",73.3333333333333,1,1,1,1,0,1,1,1,1,1,1,1,0,1,1,0,1,1,0,0,1,1,0,1,1,1,1,1,1,1,1,1,1,1,1,0,1,1,1,0,1,0,0,0,0
"mobilevitv2_150",66.6666666666667,1,1,1,1,1,0,0,0,1,1,1,1,0,1,0,0,1,1,1,0,1,0,1,1,1,1,1,0,1,0,0,1,1,1,1,1,0,1,1,1,1,0,0,1,0
"mobilevitv2_150_384_in22ft1k",68.8888888888889,1,1,1,1,1,1,1,1,0,1,1,1,0,0,1,0,1,1,1,1,0,0,0,1,1,1,1,1,1,0,0,1,1,0,1,0,1,1,1,0,1,0,0,1,1
"mobilevitv2_150_in22ft1k",62.2222222222222,1,1,0,1,1,0,1,1,1,1,1,1,0,1,0,1,0,1,1,1,1,0,0,1,1,1,1,1,0,1,1,0,1,1,1,0,1,0,0,0,1,0,0,0,0
"mobilevitv2_175",68.8888888888889,1,1,1,1,1,0,1,1,0,1,1,1,0,1,1,0,1,1,0,1,0,0,1,0,1,1,1,1,1,1,1,1,1,1,1,1,1,1,0,0,1,0,0,0,0
"mobilevitv2_175_384_in22ft1k",68.8888888888889,1,1,1,1,1,1,0,1,1,1,1,1,0,1,1,0,1,1,1,0,0,0,1,0,1,1,1,1,1,1,0,1,1,1,1,0,1,1,1,0,1,0,0,0,0
"mobilevitv2_175_in22ft1k",64.4444444444444,1,1,0,1,1,1,1,1,1,0,1,1,0,1,1,1,0,1,0,1,1,0,0,1,1,1,1,1,0,1,0,1,1,0,1,1,1,0,1,0,0,0,0,1,0
"mobilevitv2_200",57.7777777777778,1,1,0,1,0,0,1,1,0,1,1,1,0,1,0,0,1,0,1,1,1,0,0,1,1,1,1,1,1,0,1,0,1,1,1,1,0,1,0,0,1,0,0,0,0
"mobilevitv2_200_384_in22ft1k",66.6666666666667,1,1,1,1,0,1,1,1,1,0,1,1,0,1,1,0,1,1,1,0,1,0,1,0,1,1,1,0,1,1,1,0,1,1,1,1,0,1,1,0,1,0,0,0,0
"mobilevitv2_200_in22ft1k",60,1,1,1,1,1,1,0,1,1,1,1,1,1,1,1,0,1,0,0,0,1,0,0,1,1,1,1,1,1,0,0,0,1,1,1,0,0,0,0,0,1,0,1,0,0
"mvitv2_base",77.7777777777778,1,1,1,1,1,1,1,1,1,1,1,1,1,0,1,0,0,1,0,1,0,0,1,0,1,1,1,1,1,1,1,1,1,1,1,1,1,1,1,1,1,0,0,1,0
"mvitv2_large",73.3333333333333,1,1,1,1,1,1,1,1,1,0,1,1,0,1,1,1,0,1,1,1,0,0,1,0,1,1,1,1,1,1,1,0,1,0,1,1,1,1,1,1,1,0,0,0,0
"mvitv2_small",80,1,1,1,1,1,1,1,1,0,1,1,1,1,0,1,1,1,1,1,1,0,0,1,1,1,1,1,1,1,1,0,1,0,1,1,1,0,1,1,1,1,1,0,1,0
"mvitv2_tiny",84.4444444444444,1,1,1,1,1,1,1,1,1,1,1,1,1,1,1,1,1,1,1,1,0,0,1,0,1,1,1,1,1,1,1,1,1,1,1,1,0,1,1,1,1,0,0,1,0
"nf_regnet_b1",93.3333333333333,1,1,1,1,1,1,1,1,1,1,1,1,1,1,1,1,1,1,0,1,1,1,1,1,1,1,1,1,1,1,1,1,1,1,1,1,1,1,1,1,1,1,0,1,0
"nf_resnet50",91.1111111111111,1,1,1,1,1,1,1,1,1,1,1,1,1,1,1,0,1,1,1,1,1,1,1,1,1,1,1,1,1,1,0,1,1,1,1,1,1,1,1,1,1,1,1,0,0
"nfnet_l0",84.4444444444444,1,1,1,1,1,1,1,1,1,1,1,1,0,0,1,1,1,1,0,1,1,1,1,1,1,1,1,1,1,1,1,0,1,1,1,1,1,0,1,1,1,1,0,1,0
"pit_b_224",88.8888888888889,1,1,1,1,1,1,1,1,1,1,1,1,1,1,1,1,1,1,1,1,1,0,1,1,1,1,1,1,1,1,1,1,1,1,1,1,0,1,1,1,1,0,1,0,0
"pit_b_distilled_224",84.4444444444444,1,1,1,1,1,1,1,1,1,1,1,1,1,1,1,1,1,1,0,0,1,0,1,1,1,1,1,1,1,1,1,1,1,1,1,1,0,1,1,1,1,0,0,1,0
"pit_s_224",75.5555555555556,1,1,0,1,0,1,1,1,1,0,1,1,1,1,1,1,0,1,0,1,1,0,1,1,1,1,1,1,1,1,1,1,1,1,1,1,0,1,1,1,1,0,0,0,0
"pit_s_distilled_224",80,1,1,0,1,1,1,1,1,0,1,1,1,1,1,1,1,1,1,0,1,1,0,1,0,1,1,1,1,1,1,0,1,1,1,1,1,1,1,1,1,1,1,0,0,0
"pit_ti_224",77.7777777777778,1,1,1,1,1,1,1,1,0,1,1,1,1,1,1,1,0,1,0,1,0,0,1,1,0,1,1,1,1,1,1,0,1,1,1,1,1,1,1,0,1,1,1,0,0
"pit_ti_distilled_224",66.6666666666667,1,1,1,1,1,1,1,0,1,1,1,1,1,1,0,0,1,1,0,0,1,0,1,1,0,1,1,0,1,1,1,0,1,1,1,1,0,0,1,1,1,0,0,0,0
"pit_xs_224",80,1,1,1,1,1,1,1,1,1,1,1,1,1,1,1,1,0,1,0,0,1,0,1,1,1,1,1,1,1,1,1,1,1,1,1,1,0,0,1,1,1,0,0,1,0
"pit_xs_distilled_224",80,1,1,1,1,1,1,1,1,0,1,1,1,1,1,1,0,1,0,1,1,1,0,1,0,1,1,1,1,1,1,1,1,1,1,1,1,0,1,1,1,1,1,0,0,0
"poolformer_m36",73.3333333333333,1,1,1,1,1,1,1,1,1,1,1,1,0,1,1,1,1,0,0,0,0,0,1,1,1,1,1,1,1,1,0,0,1,1,1,1,0,1,1,1,1,1,0,0,0
"poolformer_m48",71.1111111111111,1,1,1,1,0,1,0,1,1,1,1,1,1,0,1,1,1,0,0,0,0,1,1,1,1,1,1,1,1,1,1,0,1,0,1,1,0,1,1,0,1,1,1,0,0
"poolformer_s12",82.2222222222222,1,1,1,1,1,1,1,1,1,1,1,1,1,1,1,1,1,0,1,0,0,1,1,1,1,1,1,0,1,1,1,0,1,1,1,1,1,1,1,1,1,1,0,0,0
"poolformer_s24",80,1,1,1,1,1,1,1,1,1,1,1,1,0,1,1,1,1,0,1,0,0,1,1,1,1,1,1,0,1,1,1,1,1,1,1,1,0,1,1,1,1,0,1,0,0
"poolformer_s36",75.5555555555556,1,1,1,1,0,1,0,0,1,1,1,1,1,0,1,1,0,1,1,1,1,1,1,1,1,1,1,1,1,1,1,0,1,1,1,1,0,0,1,0,1,0,1,1,0
"pvt_v2_b0",77.7777777777778,1,1,0,1,1,1,1,1,1,1,1,1,1,1,1,0,1,1,1,1,1,0,1,0,1,1,1,1,0,1,1,1,1,0,1,1,1,1,1,1,1,0,0,0,0
"pvt_v2_b1",91.1111111111111,1,1,1,1,1,1,1,1,1,1,1,1,1,1,1,1,1,1,1,1,1,0,1,1,1,1,1,1,1,1,1,1,1,1,1,1,0,1,1,1,1,1,0,1,0
"pvt_v2_b2",77.7777777777778,1,1,1,1,1,1,1,1,1,0,1,1,1,0,1,1,1,1,1,1,1,0,1,0,1,1,1,1,1,1,1,0,1,1,1,1,0,0,1,1,1,0,1,0,0
"pvt_v2_b2_li",82.2222222222222,1,1,1,1,1,1,1,1,1,1,1,1,0,1,1,1,1,1,1,0,0,0,1,1,1,1,1,1,1,1,1,1,1,1,1,1,0,0,1,1,0,1,1,1,0
"pvt_v2_b3",80,1,1,1,1,1,1,1,1,1,0,1,1,1,1,1,1,0,1,1,1,1,0,1,0,1,1,1,1,1,1,1,1,1,1,0,1,1,0,1,1,1,0,0,1,0
"pvt_v2_b4",86.6666666666667,1,1,0,1,1,1,1,1,1,1,1,1,1,1,1,1,0,1,1,1,1,1,1,1,1,1,1,1,1,1,1,1,1,1,1,1,1,1,1,1,0,1,0,0,0
"regnetv_040",60,1,1,1,1,1,1,1,0,0,0,1,1,0,0,0,0,1,1,1,1,1,1,1,0,0,0,1,0,1,1,0,0,1,1,1,1,1,0,0,1,1,0,1,0,0
"regnetv_064",57.7777777777778,1,1,0,1,1,1,0,0,0,0,1,1,1,0,1,0,1,1,0,1,0,1,1,0,1,0,1,1,1,1,1,1,0,0,1,1,0,1,0,0,1,1,0,0,0
"regnetx_002",71.1111111111111,1,1,0,1,0,1,0,1,0,1,1,1,1,0,1,1,1,1,1,1,1,1,1,1,0,1,0,1,1,1,1,1,1,0,1,1,1,1,1,0,1,0,0,0,0
"regnetx_004",55.5555555555556,1,1,1,1,1,1,0,1,0,1,1,1,0,1,0,0,1,1,0,1,1,0,0,0,1,1,1,0,0,1,0,0,0,1,1,1,1,0,0,0,1,1,0,0,0
"regnetx_006",64.4444444444444,1,1,1,1,0,1,0,1,1,0,1,1,0,1,0,0,0,1,1,1,1,0,1,1,1,0,1,0,1,1,0,1,1,1,1,1,0,1,1,1,0,1,0,0,0
"regnetx_008",66.6666666666667,1,1,0,1,0,1,1,1,1,1,1,1,0,0,0,1,0,1,1,1,1,0,0,1,1,1,1,1,1,0,0,1,1,1,1,1,0,1,0,1,1,1,0,0,0
"regnetx_016",71.1111111111111,1,1,0,1,0,1,0,1,1,1,1,1,0,1,1,1,1,1,1,1,1,1,0,1,1,1,1,1,1,0,1,1,1,1,1,1,0,0,0,0,1,0,0,1,0
"regnetx_032",80,1,1,0,1,1,0,1,1,1,1,1,1,0,0,1,1,1,1,1,1,1,1,1,1,1,1,1,1,1,1,1,0,1,0,1,1,0,1,1,1,1,1,0,1,0
"regnetx_040",75.5555555555556,1,1,1,1,0,1,0,1,1,0,1,1,0,0,1,1,0,1,1,1,1,1,1,1,1,1,1,1,1,1,0,1,1,1,1,0,1,1,1,1,1,0,0,1,0
"regnetx_064",71.1111111111111,1,1,1,1,0,1,0,1,1,1,1,1,0,1,1,0,1,1,1,0,1,0,1,1,1,1,1,0,1,1,0,1,1,0,1,1,0,1,1,0,1,1,0,1,0
"regnetx_080",75.5555555555556,1,1,0,1,1,1,1,1,1,1,1,1,0,1,1,1,1,0,1,0,1,0,1,1,1,0,1,1,1,1,0,1,1,1,1,1,0,1,1,1,0,0,0,1,1
"regnetx_120",71.1111111111111,1,0,1,0,0,1,1,1,1,1,1,1,0,1,1,1,1,1,1,0,1,0,1,1,1,1,1,1,1,1,0,1,1,1,1,0,1,0,1,0,1,0,0,0,1
"regnetx_160",64.4444444444444,1,1,0,1,0,1,1,1,0,1,1,1,0,0,0,0,1,0,1,0,1,0,1,0,1,1,1,0,1,1,0,1,1,1,1,1,1,1,1,1,1,0,0,1,0
"regnetx_320",66.6666666666667,1,1,0,0,1,1,1,1,1,1,1,1,0,1,1,1,1,0,0,0,1,0,0,1,0,1,1,0,1,1,1,0,1,1,1,1,0,1,1,1,0,1,0,1,0
"regnety_002",53.3333333333333,1,0,0,0,0,0,0,1,1,1,1,1,0,0,0,0,1,0,1,1,1,0,1,1,1,0,1,0,1,1,1,1,1,1,0,0,1,1,0,0,1,1,0,0,0
"regnety_004",64.4444444444444,1,1,1,0,0,1,1,1,1,1,1,1,0,0,1,0,1,1,1,0,1,0,0,0,1,1,1,1,1,1,0,1,1,0,1,0,0,1,1,1,1,1,0,0,0
"regnety_006",57.7777777777778,0,1,1,1,0,1,1,1,1,0,1,1,0,1,1,0,1,1,0,0,1,0,0,0,1,1,1,0,0,0,1,1,1,1,1,0,1,1,1,0,1,0,0,0,0
"regnety_008",66.6666666666667,1,1,0,1,1,1,1,1,1,1,1,1,0,0,0,0,1,1,1,0,1,0,0,1,0,1,1,1,1,1,0,1,1,1,1,1,0,1,1,0,1,0,0,1,0
"regnety_016",44.4444444444444,1,1,0,0,1,1,0,1,1,0,1,1,0,0,0,0,0,1,1,0,1,0,1,0,0,0,1,1,1,1,0,0,0,1,1,0,0,0,1,0,1,0,0,0,0
"regnety_032",60,1,0,1,1,1,1,1,1,1,1,1,1,0,0,1,0,0,1,1,1,1,0,0,1,1,0,1,1,1,1,1,0,1,0,0,1,0,1,0,0,1,0,0,0,0
"regnety_040",66.6666666666667,1,1,1,1,1,1,0,1,1,0,1,1,0,1,0,1,1,1,0,1,1,1,1,0,1,0,1,1,1,1,0,0,1,1,1,1,1,0,0,0,1,0,0,1,0
"regnety_064",48.8888888888889,1,0,0,1,1,1,0,1,0,0,1,1,0,1,1,1,1,0,0,1,0,0,0,0,0,1,1,0,0,0,1,1,1,1,1,1,0,1,0,0,1,0,0,0,0
"regnety_080",57.7777777777778,1,0,0,1,1,0,1,0,1,0,1,1,1,1,1,0,1,1,0,1,0,0,0,1,0,1,1,1,1,1,1,0,1,1,1,0,1,1,0,0,1,0,0,0,0
"regnety_120",71.1111111111111,1,1,0,0,1,1,0,1,0,1,1,1,0,1,1,1,1,1,0,0,1,0,1,1,1,1,0,1,1,1,1,1,1,1,1,0,1,1,1,1,0,1,0,1,0
"regnety_160",57.7777777777778,1,1,1,1,0,1,1,0,0,0,1,1,0,0,1,1,1,0,0,1,1,0,1,0,1,1,1,1,0,1,1,0,1,1,0,1,1,0,0,0,1,0,0,0,1
"regnety_320",62.2222222222222,1,1,0,0,1,1,0,1,1,1,1,1,0,1,1,0,0,0,1,0,1,1,0,0,1,1,1,1,1,0,1,0,1,0,1,1,1,0,1,1,0,0,1,1,0
"regnetz_040",44.4444444444444,1,1,0,0,0,0,1,0,0,1,1,1,0,1,0,1,1,0,0,0,0,0,0,1,1,1,0,1,0,1,0,0,0,1,1,0,1,1,1,1,0,0,0,0,0
"regnetz_040h",48.8888888888889,1,1,0,1,0,0,0,1,0,1,1,1,0,1,1,0,1,1,0,0,1,1,1,1,0,1,1,1,0,0,0,0,1,0,1,0,1,0,0,0,1,0,0,0,0
"regnetz_b16",57.7777777777778,1,1,1,1,1,0,1,1,0,1,1,1,0,0,1,0,1,1,1,1,0,0,0,1,1,0,0,1,1,0,1,0,1,1,1,0,1,1,0,0,1,0,0,0,0
"regnetz_c16",55.5555555555556,1,0,1,0,0,1,0,0,0,1,1,1,0,1,1,1,1,0,0,1,0,0,0,1,1,1,0,1,1,0,0,1,1,1,1,0,1,0,1,1,1,0,0,1,0
"regnetz_c16_evos",80,1,1,1,1,1,1,1,0,1,1,1,1,1,1,1,1,1,0,0,0,0,1,1,1,1,1,1,1,1,1,1,1,1,1,1,1,0,1,1,1,1,1,0,0,0
"regnetz_d32",57.7777777777778,1,0,1,1,1,1,0,0,1,1,1,1,0,1,1,0,1,1,1,1,1,0,0,0,0,1,1,1,1,1,0,0,1,1,1,0,0,1,0,0,1,0,0,0,0
"regnetz_d8",55.5555555555556,1,1,1,1,1,1,1,1,0,0,1,1,1,0,1,0,1,1,1,0,1,0,1,0,0,1,0,1,1,0,0,0,1,1,1,0,1,1,0,0,0,0,0,0,0
"regnetz_d8_evos",91.1111111111111,1,1,1,1,1,1,1,0,1,1,1,1,1,1,1,1,1,1,1,1,1,1,1,0,1,1,1,1,1,1,1,1,1,1,1,1,0,1,1,1,1,1,1,1,0
"regnetz_e8",44.4444444444444,1,0,1,0,1,0,0,0,0,1,1,0,0,1,0,0,0,0,1,1,0,0,1,0,0,1,0,1,1,1,0,0,1,0,1,1,1,1,1,0,0,1,0,0,0
"repvgg_a2",80,1,1,0,1,0,1,1,1,1,1,1,1,1,1,1,1,1,1,0,1,1,0,1,1,1,1,1,1,1,1,1,0,1,1,1,1,1,1,0,1,1,1,0,0,0
"repvgg_b0",73.3333333333333,1,1,0,1,1,1,0,1,1,1,1,1,0,1,0,0,1,0,1,1,1,1,1,1,1,1,1,1,1,1,1,1,1,1,1,1,1,0,0,0,1,1,0,0,0
"repvgg_b1",80,1,1,1,1,1,1,1,1,1,1,1,1,0,1,0,0,1,1,1,0,1,1,1,1,1,1,1,1,1,1,1,1,1,1,1,1,0,1,1,1,0,0,0,1,0
"repvgg_b1g4",80,1,1,1,1,1,1,1,1,0,1,1,1,1,1,1,0,1,1,1,1,1,1,1,1,1,1,1,1,1,1,1,0,1,1,1,0,0,1,0,1,1,0,0,1,0
"repvgg_b2",77.7777777777778,1,1,0,1,1,1,1,1,0,1,1,1,1,1,1,0,1,1,1,1,1,1,1,1,1,1,1,0,1,1,1,0,1,1,1,1,0,1,1,1,1,0,0,0,0
"repvgg_b2g4",80,1,1,1,1,1,1,0,1,0,1,1,1,0,1,1,0,1,1,1,1,1,1,1,1,1,1,1,1,1,1,1,1,1,1,1,1,0,1,1,1,1,0,0,0,0
"repvgg_b3",82.2222222222222,1,1,0,1,1,1,1,1,1,1,1,1,0,1,1,0,1,1,1,1,1,1,1,1,1,1,1,1,1,1,1,1,1,1,1,1,0,1,1,1,1,0,0,0,0
"repvgg_b3g4",86.6666666666667,1,1,1,1,1,1,1,1,1,1,1,1,1,1,1,1,1,1,1,0,1,1,1,1,1,1,1,1,1,1,1,0,1,1,1,1,0,1,1,1,1,0,0,1,0
"res2net101_26w_4s",51.1111111111111,1,0,1,1,0,1,0,1,0,1,1,1,0,0,1,0,1,1,0,0,1,1,1,0,0,1,1,1,0,1,0,0,1,0,1,1,0,0,0,0,1,0,0,1,0
"res2net50_14w_8s",46.6666666666667,1,0,0,1,0,0,0,0,0,1,0,0,1,1,1,0,0,1,1,0,1,0,1,1,1,0,1,1,0,0,0,1,1,1,0,0,1,0,0,0,1,1,0,1,0
"res2net50_26w_4s",68.8888888888889,1,0,0,1,0,1,1,1,1,1,1,1,1,1,1,0,1,1,1,1,1,1,1,1,1,1,1,1,1,1,0,0,1,1,1,1,0,0,0,0,1,0,0,0,0
"res2net50_26w_6s",53.3333333333333,1,1,0,0,1,1,0,1,1,1,1,1,0,0,1,0,1,0,0,1,0,0,1,1,1,0,1,0,0,1,1,1,1,1,1,0,0,1,0,0,1,0,0,0,0
"res2net50_26w_8s",55.5555555555556,1,0,0,1,0,1,0,0,0,1,1,1,1,1,0,0,1,1,1,1,1,0,1,0,1,0,1,0,1,1,0,1,1,1,0,1,0,0,0,0,1,1,0,1,0
"res2net50_48w_2s",71.1111111111111,1,1,0,1,1,1,1,1,1,1,1,1,0,1,1,0,1,1,1,0,1,1,0,1,1,1,1,1,0,1,1,1,1,1,0,0,0,1,0,1,1,0,0,1,0
"res2next50",55.5555555555556,1,1,1,0,1,1,1,0,0,1,1,0,1,0,1,0,1,1,0,0,1,1,1,1,0,1,0,0,1,1,0,1,1,0,0,0,1,0,0,0,1,0,1,1,0
"resmlp_12_224",82.2222222222222,1,1,0,1,1,1,1,1,1,1,1,1,0,1,1,1,1,1,1,1,1,0,1,1,1,1,1,1,1,1,1,1,1,1,1,1,1,1,0,1,1,0,0,0,0
"resmlp_12_224_dino",84.4444444444444,1,1,1,1,1,1,1,1,1,1,1,1,1,1,0,1,1,0,0,1,1,0,1,1,1,1,1,1,1,1,1,1,1,1,1,1,0,1,0,1,1,1,1,1,0
"resmlp_12_distilled_224",88.8888888888889,1,1,1,1,1,1,1,1,1,1,1,1,1,1,1,0,1,0,1,1,1,1,1,1,1,1,1,1,1,1,1,1,1,1,1,1,1,1,1,1,1,0,0,1,0
"resmlp_24_224",73.3333333333333,1,1,1,1,1,1,0,0,1,1,1,1,1,1,1,1,1,1,0,1,0,1,1,0,1,1,1,0,1,1,0,0,1,1,1,1,0,1,1,1,1,1,0,0,0
"resmlp_24_224_dino",82.2222222222222,1,1,0,1,1,1,1,1,1,1,1,1,1,1,1,1,1,0,1,1,0,1,1,1,1,1,1,1,1,1,1,1,0,1,1,1,0,1,1,1,1,0,0,1,0
"resmlp_24_distilled_224",88.8888888888889,1,1,1,1,1,1,1,1,1,1,1,1,1,1,1,1,1,1,1,1,1,0,1,1,1,1,1,1,1,1,1,1,1,1,1,1,1,0,0,1,1,1,0,0,1
"resmlp_36_224",77.7777777777778,1,1,1,1,1,1,1,1,1,1,1,1,0,1,1,0,1,0,0,1,1,0,1,0,1,1,1,1,1,1,1,0,1,1,1,1,1,1,1,1,1,1,0,0,0
"resmlp_36_distilled_224",84.4444444444444,1,1,1,1,1,1,1,1,1,1,1,1,1,1,1,1,1,0,1,1,1,0,1,0,1,1,1,1,1,1,1,1,1,1,1,1,1,1,1,1,1,0,0,0,0
"resmlp_big_24_224",82.2222222222222,1,1,1,1,1,1,1,1,1,1,1,1,1,1,1,0,1,1,0,1,1,0,1,1,1,1,1,1,1,1,1,1,1,1,1,1,0,1,0,1,1,0,0,1,0
"resmlp_big_24_224_in22ft1k",86.6666666666667,1,1,0,1,1,1,1,0,1,1,1,1,1,1,1,1,1,1,1,1,1,1,1,1,1,1,1,1,1,1,1,1,1,1,1,1,1,1,1,1,1,0,0,0,0
"resmlp_big_24_distilled_224",88.8888888888889,1,1,1,1,1,1,1,1,1,1,1,1,1,1,1,1,1,1,1,1,1,0,1,1,1,1,1,1,1,1,1,0,1,1,1,1,0,1,1,1,1,1,0,1,0
"resnet32ts",57.7777777777778,1,1,0,1,1,1,1,0,1,1,1,1,0,0,1,0,0,1,0,0,1,0,0,1,1,1,0,1,1,1,1,1,1,1,1,0,0,1,0,0,1,0,0,0,0
"resnet61q",60,1,1,0,0,0,1,0,0,1,1,1,1,0,1,1,1,0,1,1,1,1,0,1,1,1,1,1,1,1,0,0,0,1,1,1,0,1,0,1,0,1,0,0,0,0
"resnetrs50",60,1,1,1,1,1,1,1,0,1,0,1,1,1,1,0,0,1,1,1,0,1,0,0,0,1,0,1,0,1,1,0,0,1,0,1,0,1,1,0,1,1,1,0,0,0
"resnetv2_101x1_bitm",77.7777777777778,1,1,1,1,1,1,0,1,1,1,1,1,1,0,1,0,1,1,0,1,1,1,1,1,1,1,1,1,1,1,1,0,1,1,1,1,0,1,1,1,1,0,0,0,0
"resnetv2_50d_evos",80,1,1,1,1,1,1,1,1,1,1,1,1,1,1,1,0,1,0,1,0,0,0,1,1,1,1,1,1,1,1,1,1,1,0,1,1,1,1,1,1,1,1,0,0,0
"resnext101_32x8d",73.3333333333333,1,1,1,1,0,1,1,1,1,1,1,1,1,1,1,0,1,0,1,1,1,0,1,0,1,1,1,1,1,1,0,0,0,1,0,1,1,1,1,1,1,0,0,1,0
"resnext101_64x4d",62.2222222222222,1,1,0,1,1,1,0,1,1,1,0,1,0,1,0,1,1,1,1,0,1,0,0,1,1,0,1,1,1,1,1,0,1,1,0,1,1,1,0,1,0,0,0,0,0
"resnext26ts",73.3333333333333,1,1,0,1,1,1,1,1,0,1,1,1,0,1,1,1,1,1,1,1,1,0,0,1,1,1,1,1,1,1,1,1,1,1,1,1,1,1,0,0,0,0,0,0,0
"resnext50_32x4d",62.2222222222222,1,1,1,1,0,1,0,0,1,0,0,1,0,0,1,0,1,1,1,1,1,0,1,1,1,1,1,0,1,0,1,1,0,1,0,1,1,1,1,0,1,1,0,0,0
"resnext50d_32x4d",71.1111111111111,1,1,1,1,0,1,0,1,0,1,1,1,1,1,1,0,1,1,1,0,1,0,1,0,1,1,1,1,1,1,0,1,1,0,1,0,1,1,0,1,1,1,0,1,0
"sebotnet33ts_256",40,0,1,0,1,1,0,0,0,0,1,1,1,0,1,0,0,0,1,0,0,0,0,1,1,1,1,0,0,0,0,1,0,1,0,1,0,1,0,1,0,1,0,0,0,0
"sehalonet33ts",40,1,0,0,0,1,0,0,0,0,0,1,1,0,1,1,0,1,0,0,1,1,0,0,0,0,1,1,0,1,0,1,1,1,1,1,0,0,0,0,1,0,0,0,0,0
"selecsls42b",55.5555555555556,1,1,0,0,0,1,0,1,0,0,1,1,0,0,1,0,1,0,0,0,1,0,0,1,1,1,1,1,0,1,0,1,1,0,0,1,1,1,1,1,1,0,1,1,0
"selecsls60",60,1,1,0,1,0,1,1,1,0,0,1,1,1,1,1,1,1,1,1,1,1,0,1,1,1,1,0,1,0,0,0,1,1,1,0,1,0,0,0,1,0,0,0,0,0
"selecsls60b",64.4444444444444,1,1,0,0,1,1,0,0,1,1,1,1,1,0,1,1,1,1,1,1,0,0,0,0,0,1,1,0,1,1,1,1,1,1,1,1,1,1,0,1,0,1,0,0,0
"semnasnet_075",53.3333333333333,1,1,0,1,0,1,0,0,0,1,1,1,0,0,1,0,1,1,0,1,1,0,1,0,1,1,1,1,0,0,0,1,1,1,1,0,0,0,0,0,1,1,1,0,0
"semnasnet_100",51.1111111111111,1,1,0,1,0,0,1,1,1,0,1,1,0,1,0,0,0,1,1,0,1,0,1,1,0,1,1,1,1,0,0,0,1,1,0,0,0,0,1,0,1,0,1,0,0
"sequencer2d_l",75.5555555555556,1,1,1,1,1,1,0,1,1,0,1,1,0,0,1,1,1,0,1,1,0,0,1,1,1,1,1,1,1,1,1,1,1,1,1,1,0,0,1,1,1,1,0,1,0
"sequencer2d_m",66.6666666666667,1,1,1,1,1,1,0,0,0,0,1,1,0,1,1,0,1,1,0,0,1,1,1,1,1,1,1,1,1,1,0,0,1,1,1,1,0,1,1,1,0,0,0,1,0
"sequencer2d_s",82.2222222222222,1,1,1,1,1,1,0,1,1,1,1,1,1,1,1,1,1,0,1,1,1,0,1,1,1,1,1,1,1,1,1,0,1,1,1,1,1,0,1,1,1,1,0,0,0
"seresnet152d",53.3333333333333,1,0,1,1,1,0,0,1,0,1,1,1,0,1,1,0,0,1,0,0,1,0,0,1,1,1,1,1,1,0,0,1,1,0,1,0,1,1,0,0,1,0,0,0,0
"seresnet33ts",62.2222222222222,1,1,1,1,0,0,1,1,1,1,1,1,1,1,1,0,1,0,1,0,0,0,0,1,1,0,1,1,0,0,0,1,1,0,0,1,1,1,0,1,1,1,1,0,0
"seresnet50",68.8888888888889,1,1,1,1,1,1,0,1,1,1,1,1,1,0,1,0,1,1,0,1,1,1,0,1,0,1,1,1,1,0,1,0,1,1,1,1,0,0,1,0,1,0,0,1,0
"seresnext101_32x8d",62.2222222222222,1,1,1,1,0,1,0,0,0,1,1,1,0,1,1,1,1,1,0,0,1,1,1,1,0,1,0,1,1,1,1,0,1,1,0,0,1,1,1,0,1,0,0,0,0
"seresnext101d_32x8d",73.3333333333333,1,1,1,1,0,1,1,1,1,1,1,1,0,1,1,0,1,1,1,0,1,1,0,0,1,1,1,1,0,1,1,1,1,1,1,1,1,0,0,1,1,1,0,0,0
"seresnext26d_32x4d",46.6666666666667,1,1,1,0,0,1,1,1,0,0,1,1,0,0,1,0,1,0,1,0,1,0,0,1,1,1,0,1,0,1,0,1,1,0,1,0,0,0,0,0,0,0,1,0,0
"seresnext26t_32x4d",60,1,1,1,0,0,1,1,0,0,1,1,1,0,1,1,0,1,0,1,0,1,0,1,1,1,0,1,1,1,1,0,1,1,0,1,1,1,0,0,1,1,0,0,0,0
"seresnext26ts",73.3333333333333,1,1,0,1,0,0,0,1,1,1,1,1,1,1,0,0,1,1,1,1,1,1,0,1,1,1,1,1,1,0,1,1,1,1,1,1,1,1,1,0,1,0,1,0,0
"seresnext50_32x4d",55.5555555555556,1,1,0,1,1,1,0,1,0,0,1,1,0,0,1,0,0,1,1,0,1,1,1,1,1,1,1,0,0,1,1,0,1,1,1,1,0,0,0,0,1,0,0,0,0
"seresnextaa101d_32x8d",48.8888888888889,1,1,1,1,1,1,0,0,0,1,1,0,1,0,0,1,1,0,0,0,0,1,0,1,0,0,0,1,1,1,0,0,1,0,0,0,1,1,0,0,1,1,1,0,0
"spnasnet_100",55.5555555555556,1,1,0,1,0,1,0,1,0,1,1,1,0,1,1,0,1,1,0,0,1,0,1,1,0,1,0,1,1,0,0,1,1,0,1,0,1,1,0,0,1,1,0,0,0
"ssl_resnet18",66.6666666666667,1,1,0,1,1,1,1,1,1,1,1,1,0,1,1,0,1,1,1,1,0,0,1,1,1,1,1,0,1,1,0,1,1,0,1,0,0,1,0,1,1,0,0,0,0
"ssl_resnet50",60,1,0,0,1,0,1,0,0,0,1,1,1,0,1,1,0,1,1,1,1,1,0,1,1,1,1,1,1,1,1,0,0,1,0,1,1,0,0,0,1,1,0,0,1,0
"ssl_resnext101_32x16d",71.1111111111111,1,0,0,1,0,1,0,1,0,1,1,1,1,1,1,0,1,1,1,1,1,0,1,1,1,1,1,1,1,1,1,1,1,1,1,1,1,1,0,1,0,0,0,0,0
"ssl_resnext101_32x4d",71.1111111111111,1,1,0,1,0,1,0,1,0,0,1,1,1,1,0,0,1,0,1,1,1,0,1,1,1,1,1,1,1,1,1,1,1,1,1,1,1,1,1,1,0,0,0,1,0
"ssl_resnext101_32x8d",73.3333333333333,1,1,0,1,1,1,0,0,0,1,1,1,1,1,1,0,1,1,0,1,1,1,0,1,1,1,1,1,1,1,0,1,1,1,1,1,1,1,1,1,1,0,0,0,0
"ssl_resnext50_32x4d",62.2222222222222,1,1,0,1,0,1,1,1,0,0,1,1,0,1,1,0,1,1,1,0,1,0,0,1,1,1,1,1,1,1,1,0,1,1,1,1,0,0,0,1,1,0,0,0,0
"swin_base_patch4_window12_384",82.2222222222222,1,1,1,1,1,1,1,0,1,1,1,1,1,1,1,1,1,1,1,0,0,1,1,1,1,1,1,1,1,1,1,0,1,1,1,1,0,1,1,1,1,1,0,0,0
"swin_base_patch4_window12_384_in22k",86.6666666666667,1,1,1,0,1,1,1,1,1,1,1,1,1,1,1,1,1,1,1,1,1,0,1,0,1,1,1,1,1,1,1,1,1,1,1,1,1,1,1,1,1,1,0,0,0
"swin_base_patch4_window7_224",68.8888888888889,1,1,0,1,1,1,0,0,0,1,1,1,1,1,1,1,0,1,1,0,1,1,1,0,1,0,1,1,0,1,1,1,1,1,0,1,1,1,1,1,1,0,0,0,0
"swin_base_patch4_window7_224_in22k",86.6666666666667,1,1,1,0,0,1,1,1,1,1,1,1,1,1,1,1,1,1,0,0,1,1,1,0,1,1,1,1,1,1,1,1,1,1,1,1,1,1,1,1,1,1,0,1,1
"swin_large_patch4_window7_224",68.8888888888889,1,1,0,0,0,1,1,1,0,1,1,1,1,0,1,1,0,1,0,0,1,1,1,0,1,1,1,1,1,1,1,1,0,1,1,1,0,1,1,1,1,0,1,0,0
"swin_large_patch4_window7_224_in22k",95.5555555555556,1,1,0,1,1,1,1,1,1,1,1,1,1,1,1,1,1,1,1,1,1,1,1,1,1,1,1,1,1,1,1,1,1,1,1,1,1,1,1,1,1,1,0,1,1
"swin_s3_base_224",68.8888888888889,1,1,1,1,1,1,1,0,1,1,1,1,1,1,1,1,0,0,0,1,0,1,1,0,1,1,1,1,1,1,1,0,0,1,1,1,0,0,1,0,1,0,0,1,0
"swin_s3_small_224",75.5555555555556,1,1,0,1,1,1,1,0,1,1,1,1,1,0,1,1,0,1,1,1,1,1,1,0,1,0,1,1,1,1,1,1,1,1,1,1,1,0,1,1,1,0,0,0,0
"swin_s3_tiny_224",53.3333333333333,1,1,1,1,1,1,1,0,0,1,1,1,1,1,0,0,1,1,0,0,1,0,1,0,0,0,1,1,1,1,0,0,1,0,0,0,0,1,0,0,1,1,0,0,0
"swin_small_patch4_window7_224",71.1111111111111,1,1,1,1,1,1,1,0,1,1,1,1,0,1,1,1,0,1,0,0,1,1,1,0,1,1,1,1,1,1,0,1,1,0,1,1,0,1,1,1,1,0,0,0,0
"swin_tiny_patch4_window7_224",60,1,0,1,1,0,1,1,0,1,0,1,1,1,0,1,1,0,1,0,1,0,1,0,0,1,1,1,1,1,1,1,1,1,1,0,0,0,0,1,1,0,0,1,0,0
"swinv2_base_window12_192_22k",93.3333333333333,1,1,1,1,0,1,1,1,1,1,1,1,1,1,1,1,1,1,1,1,1,1,1,1,1,1,1,1,1,1,1,1,1,1,1,1,1,1,1,1,1,1,1,0,0
"swinv2_base_window12to16_192to256_22kft1k",82.2222222222222,1,1,1,1,1,1,1,1,1,1,1,1,0,1,1,1,1,1,1,1,1,1,1,0,1,1,1,1,1,1,1,0,1,1,1,1,0,0,1,1,1,1,0,0,0
"swinv2_base_window16_256",71.1111111111111,1,1,1,1,1,1,1,1,1,1,1,1,0,1,0,0,0,1,0,0,0,1,1,0,1,1,1,1,1,1,0,1,1,1,1,1,0,1,1,1,1,1,0,0,0
"swinv2_base_window8_256",68.8888888888889,1,1,1,1,0,1,1,1,0,1,1,1,0,1,1,1,0,1,0,1,1,1,1,1,0,1,1,1,1,1,1,1,1,0,0,1,0,1,0,1,1,0,0,0,0
"swinv2_cr_small_224",73.3333333333333,1,1,1,1,0,1,1,1,0,1,1,1,1,0,1,1,1,1,0,1,1,0,1,0,1,1,1,1,1,1,1,1,1,1,1,0,0,1,1,1,1,0,0,0,0
"swinv2_cr_small_ns_224",77.7777777777778,1,1,1,0,1,1,1,1,1,1,1,1,1,1,1,1,0,1,0,0,1,0,1,0,1,1,1,1,1,1,1,0,1,1,1,1,1,1,1,1,1,0,0,1,0
"swinv2_cr_tiny_ns_224",75.5555555555556,1,1,0,1,1,1,1,0,1,1,1,1,1,1,1,1,1,1,0,0,1,0,1,1,1,1,1,1,1,1,0,0,1,1,1,1,0,1,1,1,1,0,0,1,0
"swinv2_large_window12_192_22k",86.6666666666667,1,1,1,1,1,1,1,1,1,1,1,1,1,1,1,1,1,0,1,1,1,1,1,1,1,1,1,1,1,1,1,0,1,1,1,0,0,1,1,1,1,0,0,1,1
"swinv2_large_window12to16_192to256_22kft1k",75.5555555555556,1,1,1,1,0,1,1,1,1,0,1,1,1,1,0,1,0,1,0,1,1,0,1,1,1,1,1,1,1,1,1,1,1,0,1,1,1,1,1,1,1,0,0,0,0
"swinv2_small_window16_256",66.6666666666667,1,1,0,1,0,1,0,0,1,1,1,1,0,1,0,0,1,1,0,1,0,0,1,0,1,1,1,1,1,1,1,1,1,1,1,1,1,1,0,1,1,0,0,0,1
"swinv2_small_window8_256",68.8888888888889,1,1,0,1,1,0,1,0,1,1,1,1,0,1,1,1,0,1,1,1,1,0,1,0,1,0,1,1,1,1,1,1,1,1,1,1,0,1,0,1,1,0,0,0,0
"swinv2_tiny_window16_256",66.6666666666667,1,1,0,0,1,1,0,0,1,1,1,1,0,1,0,1,1,1,0,1,1,1,1,0,1,1,1,0,1,1,1,0,1,1,1,1,1,0,1,1,0,0,1,0,0
"swinv2_tiny_window8_256",57.7777777777778,1,1,0,1,1,1,1,0,1,0,1,1,0,1,1,0,1,1,0,1,0,0,1,0,1,1,1,1,1,1,1,0,1,0,0,1,0,0,0,1,0,0,0,1,0
"swsl_resnet18",62.2222222222222,1,1,0,1,0,1,0,1,0,1,1,1,0,1,1,0,1,0,1,1,0,0,1,1,1,1,1,1,1,1,1,0,1,0,1,1,0,1,1,1,0,0,0,0,0
"swsl_resnet50",68.8888888888889,1,1,0,0,1,1,0,0,1,1,1,1,0,1,1,0,1,0,1,1,1,0,1,1,1,1,1,0,1,1,1,1,1,1,1,1,0,1,1,1,1,0,0,0,0
"swsl_resnext101_32x16d",60,1,1,1,1,0,0,1,0,0,1,1,1,0,0,1,1,1,1,0,0,1,0,1,0,0,0,1,1,1,1,1,1,1,1,1,0,0,1,0,0,1,1,0,1,0
"swsl_resnext101_32x4d",57.7777777777778,1,1,0,0,0,1,1,1,0,1,1,0,0,1,1,0,1,1,0,1,1,1,1,0,0,1,1,0,1,1,1,0,1,1,0,0,1,1,0,1,0,0,0,1,0
"swsl_resnext101_32x8d",66.6666666666667,1,1,1,1,1,1,1,0,0,1,1,0,1,1,1,0,1,1,0,1,1,0,0,0,1,1,1,1,1,1,1,0,1,0,0,1,1,1,1,0,1,0,0,1,0
"swsl_resnext50_32x4d",60,1,1,0,1,0,0,0,1,1,0,1,1,1,0,0,0,1,0,1,0,1,0,1,1,1,1,1,1,1,1,0,0,1,1,0,0,1,1,1,1,1,0,0,0,1
"tf_efficientnet_b2_ap",71.1111111111111,1,1,1,1,1,1,0,1,0,1,1,1,0,1,1,0,1,1,0,1,1,1,1,0,1,1,1,1,1,1,1,0,1,1,1,1,0,1,1,0,1,0,0,0,0
"tf_efficientnet_es",64.4444444444444,1,1,0,1,0,1,1,1,0,1,1,1,0,0,1,0,1,1,1,1,1,0,1,1,1,1,1,0,1,1,1,0,1,0,1,1,0,0,1,1,1,0,0,0,0
"tf_efficientnetv2_b0",62.2222222222222,1,1,0,1,0,1,0,1,0,1,1,1,0,1,1,1,0,1,1,0,1,1,1,1,1,1,1,0,0,1,0,1,1,1,1,1,1,0,0,0,1,0,0,0,0
"tf_efficientnetv2_m_in21ft1k",48.8888888888889,1,1,1,0,1,0,1,1,0,1,1,1,0,0,1,0,1,0,0,1,0,0,1,0,0,1,1,0,1,1,0,0,1,0,1,1,1,0,0,0,0,0,1,0,0
"tf_inception_v3",60,1,0,1,1,1,1,0,1,0,0,1,1,0,0,0,0,1,0,0,1,1,0,1,1,1,0,0,1,1,1,1,1,1,1,1,0,0,1,0,1,1,1,0,1,0
"tf_mixnet_l",66.6666666666667,1,1,0,0,0,1,1,1,1,0,1,1,0,1,0,0,1,1,0,0,1,1,1,1,1,1,1,1,1,0,0,1,1,1,1,1,1,1,1,0,1,0,0,1,0
"tf_mixnet_m",57.7777777777778,1,1,0,1,0,1,0,0,0,1,1,1,0,0,1,0,1,1,0,0,0,0,1,1,0,1,1,1,1,1,0,0,1,1,1,1,1,1,0,0,1,0,1,1,0
"tf_mixnet_s",62.2222222222222,1,1,1,1,0,1,1,1,0,1,1,1,0,0,1,0,1,1,0,1,1,0,1,1,0,1,1,0,1,0,0,0,1,1,1,1,1,1,1,0,1,0,0,0,0
"tinynet_a",48.8888888888889,1,1,1,1,0,1,0,0,0,1,1,1,0,1,0,0,1,1,0,0,0,1,1,0,1,1,1,1,0,0,0,1,1,0,1,0,0,1,0,0,1,0,0,0,0
"tinynet_b",55.5555555555556,1,1,0,1,0,1,0,1,0,0,1,1,0,1,0,0,1,1,1,0,1,0,1,0,1,1,0,1,1,0,0,1,1,1,1,0,1,1,0,1,0,1,0,0,0
"tinynet_c",71.1111111111111,1,1,0,1,0,1,1,1,0,1,1,1,1,1,1,0,1,1,1,1,0,0,1,1,1,1,1,1,1,1,0,1,1,1,1,1,1,1,0,1,0,0,0,0,0
"tinynet_d",62.2222222222222,1,1,1,1,0,1,0,1,1,1,1,1,0,1,1,0,1,1,1,0,0,0,0,1,0,0,1,1,0,1,1,0,1,1,1,1,1,1,0,1,1,0,0,0,0
"tinynet_e",60,1,1,0,1,0,1,1,1,1,1,1,1,0,1,1,0,1,1,0,0,0,0,1,0,1,1,1,0,0,1,1,1,1,1,1,0,1,1,0,1,0,0,0,0,0
"tnt_s_patch16_224",86.6666666666667,1,1,1,1,1,1,1,1,1,1,1,1,1,1,1,1,0,0,0,1,1,1,1,1,1,1,1,1,1,1,1,1,1,1,1,1,1,0,1,1,1,1,0,1,0
"tv_densenet121",64.4444444444444,1,1,1,1,1,1,0,1,0,0,1,1,1,1,1,1,0,1,1,1,0,1,0,0,1,1,1,1,0,1,1,1,1,0,1,1,0,1,0,1,0,0,0,0,0
"tv_resnet101",60,1,1,0,0,0,1,1,1,0,0,1,1,0,0,1,1,1,1,0,0,1,1,0,0,1,1,1,0,0,1,1,1,1,1,1,0,1,1,0,1,1,0,0,0,1
"tv_resnet152",71.1111111111111,1,1,0,1,1,1,1,1,0,1,1,1,0,1,1,0,1,1,1,0,1,1,1,0,1,1,1,1,1,1,0,0,1,1,1,1,0,0,1,1,1,1,0,0,0
"tv_resnet34",62.2222222222222,1,1,0,1,0,1,1,0,1,1,1,1,1,0,0,0,1,1,0,1,1,1,1,1,1,1,1,1,1,1,0,1,1,0,1,1,0,0,0,0,1,0,0,0,0
"tv_resnet50",71.1111111111111,1,1,0,1,0,1,0,0,0,1,1,1,1,1,1,0,1,1,1,0,1,1,1,1,1,1,1,0,1,1,0,1,1,0,1,1,1,1,0,1,1,0,0,1,1
"tv_resnext50_32x4d",60,1,1,0,1,0,1,1,1,0,1,1,1,0,1,1,0,1,1,1,0,1,1,0,1,0,1,1,0,1,1,1,0,1,1,0,1,0,1,0,1,0,0,0,0,0
"twins_pcpvt_base",80,1,1,1,1,1,1,1,0,1,1,1,1,0,0,1,1,1,0,1,1,0,0,1,0,1,1,1,1,1,1,1,1,1,1,1,1,1,1,1,1,1,1,1,0,0
"twins_pcpvt_large",80,1,1,1,1,1,1,1,1,1,1,1,1,0,1,1,1,1,1,0,1,1,1,1,0,1,1,1,1,1,1,1,1,1,1,1,1,0,0,1,1,1,0,0,0,0
"twins_pcpvt_small",84.4444444444444,1,1,1,1,1,1,1,1,1,1,1,1,1,1,1,1,1,0,0,1,1,0,1,1,1,1,1,1,1,1,1,1,1,1,1,1,0,1,1,1,1,0,0,1,0
"twins_svt_base",77.7777777777778,1,1,0,1,0,1,0,1,1,0,1,1,1,1,1,1,0,1,1,1,0,1,1,1,1,1,1,1,1,1,0,1,1,1,1,1,1,1,1,1,1,0,1,0,0
"twins_svt_large",80,1,1,1,1,1,1,1,1,1,0,1,1,0,1,1,1,0,1,0,0,1,1,1,1,1,1,1,1,1,1,0,1,1,1,1,1,0,1,1,1,1,0,1,1,0
"twins_svt_small",86.6666666666667,1,1,1,1,1,1,1,1,0,1,1,1,1,1,1,1,0,1,1,1,1,1,1,1,1,1,1,1,1,1,1,1,1,1,1,1,0,0,1,1,1,0,0,1,1
"vgg19_bn",68.8888888888889,1,0,1,1,0,1,0,0,1,0,1,1,1,1,1,0,0,1,1,0,1,0,1,1,1,1,1,0,1,1,1,1,1,1,1,1,0,1,1,1,1,1,0,0,0
"visformer_small",73.3333333333333,1,1,1,1,1,0,0,1,1,0,1,1,0,1,1,1,1,1,1,1,1,0,1,0,1,0,1,1,1,1,1,1,1,1,1,1,1,1,1,1,0,0,0,0,0
"vit_base_patch16_224",82.2222222222222,1,1,1,0,1,1,1,1,1,0,1,1,1,1,1,0,1,0,1,0,1,1,1,1,1,1,1,1,1,1,1,1,1,1,1,1,1,1,1,1,1,0,1,0,0
"vit_base_patch16_224_dino",91.1111111111111,1,1,1,1,1,1,1,1,1,1,1,1,1,1,1,1,1,1,0,1,1,1,1,1,1,1,1,1,1,1,1,1,1,1,1,1,1,1,1,1,1,1,0,0,0
"vit_base_patch16_224_miil",80,1,1,1,1,1,1,1,0,1,1,1,1,0,1,1,1,1,0,1,1,1,1,1,1,1,1,1,1,1,1,1,0,1,1,1,1,0,0,1,1,1,1,0,0,0
"vit_base_patch16_224_miil_in21k",84.4444444444444,1,1,1,1,1,1,0,1,0,1,1,1,1,1,1,1,1,1,1,1,1,1,1,1,1,1,1,1,1,1,1,0,1,1,1,1,1,1,1,1,1,0,0,0,0
"vit_base_patch16_224_sam",84.4444444444444,1,1,1,1,1,1,1,1,1,1,1,1,0,1,1,1,1,0,1,1,1,0,1,1,1,1,1,1,1,1,1,0,1,1,1,1,1,1,0,1,1,1,1,0,0
"vit_base_patch16_384",84.4444444444444,1,1,1,1,1,1,1,1,0,0,1,1,1,1,1,1,1,1,1,0,1,0,1,1,1,1,1,1,1,1,1,1,1,1,1,1,1,1,1,1,1,0,1,0,0
"vit_base_patch16_rpn_224",80,1,1,1,1,1,1,1,0,1,1,1,1,1,0,1,1,1,1,0,1,1,0,1,1,1,1,1,1,1,1,1,1,1,1,1,1,0,1,0,1,1,0,0,1,0
"vit_base_patch32_224",77.7777777777778,1,1,1,1,1,1,1,1,1,1,1,1,1,1,0,1,0,0,0,0,0,1,1,0,1,1,1,1,1,1,1,1,1,1,1,1,1,1,1,1,1,0,1,0,0
"vit_base_patch32_224_clip_laion2b",75.5555555555556,0,1,0,1,1,1,0,1,1,1,1,1,1,1,1,1,1,1,1,0,1,0,1,0,1,1,1,1,1,1,1,1,1,1,1,1,0,1,1,1,1,0,0,0,0
"vit_base_patch32_224_in21k",84.4444444444444,1,1,0,1,1,1,1,1,1,1,1,1,1,1,1,1,0,1,0,1,1,1,1,1,1,1,1,1,1,1,1,1,1,1,1,1,0,1,1,1,1,0,0,0,1
"vit_base_patch32_224_sam",84.4444444444444,1,1,1,1,1,1,1,1,1,1,1,1,1,1,1,0,1,0,1,1,1,1,1,1,1,0,1,1,1,1,1,0,1,1,1,1,1,0,1,1,1,1,1,0,0
"vit_base_patch32_384",86.6666666666667,1,1,1,0,1,1,1,1,1,1,1,1,0,1,1,1,1,1,0,1,1,1,1,0,1,1,1,1,1,1,1,0,1,1,1,1,1,1,1,1,1,1,0,1,1
"vit_base_patch8_224",88.8888888888889,1,1,1,1,1,1,1,1,1,1,1,1,0,1,1,1,1,1,1,1,1,0,1,1,1,1,1,1,1,1,1,0,1,1,1,1,1,1,1,1,1,1,0,1,0
"vit_base_patch8_224_dino",88.8888888888889,1,1,1,1,1,1,1,1,1,1,1,1,1,1,1,1,1,1,0,1,1,0,1,1,1,1,1,1,1,1,1,1,1,1,1,1,1,1,1,1,1,0,1,0,0
"vit_base_r50_s16_224_in21k",91.1111111111111,1,1,1,1,1,0,1,1,1,0,1,1,1,1,1,1,1,1,1,1,1,1,1,1,1,1,1,1,1,1,1,0,1,1,1,1,1,1,1,1,1,1,1,1,0
"vit_base_r50_s16_384",86.6666666666667,1,1,1,1,1,1,0,1,1,1,1,1,0,1,1,1,1,1,1,1,1,0,1,1,1,1,1,1,1,1,1,0,1,1,1,1,1,1,1,1,1,1,1,0,0
"vit_huge_patch14_224_clip_laion2b",77.7777777777778,1,1,1,1,0,1,0,1,1,1,1,1,0,1,1,0,1,1,1,1,1,0,1,1,1,1,1,1,1,1,0,1,1,1,1,1,1,1,0,1,0,1,1,0,0
"vit_huge_patch14_224_in21k",73.3333333333333,1,1,0,1,1,1,0,0,1,1,1,1,1,1,1,0,1,1,1,1,1,0,1,1,1,1,1,1,1,1,1,0,1,0,1,0,0,1,1,1,1,1,0,0,0
"vit_large_patch14_224_clip_laion2b",73.3333333333333,1,1,0,0,1,1,1,0,1,1,1,1,1,1,1,1,0,1,1,1,1,1,1,1,1,0,1,1,1,1,1,0,1,0,1,1,0,1,0,1,1,1,0,0,0
"vit_large_patch16_224",86.6666666666667,1,1,1,1,1,1,1,1,1,0,1,1,1,1,1,1,1,0,1,1,1,1,1,0,1,1,1,1,0,1,1,1,1,1,1,1,1,1,1,1,1,1,1,0,0
"vit_large_patch16_224_in21k",68.8888888888889,1,1,0,1,1,1,0,1,1,1,1,1,0,1,1,1,1,1,0,0,0,0,1,0,1,0,1,1,1,1,1,1,1,1,1,1,1,1,0,1,1,0,0,0,0
"vit_large_patch32_224_in21k",71.1111111111111,1,1,0,1,1,1,1,1,1,1,1,1,1,1,1,1,0,0,0,0,0,0,1,1,1,0,1,1,1,1,0,1,1,1,1,1,0,1,1,1,1,0,1,0,0
"vit_large_patch32_384",75.5555555555556,1,1,1,1,1,1,1,1,1,1,1,1,1,1,1,0,0,0,0,1,1,0,1,1,1,1,1,1,1,1,1,0,1,0,1,1,0,1,0,1,1,1,0,1,0
"vit_large_r50_s32_224",82.2222222222222,1,1,1,1,1,1,1,1,1,1,1,1,1,0,1,1,1,1,0,1,1,1,1,1,1,1,1,1,1,1,1,0,1,0,1,1,1,0,1,1,1,0,0,1,0
"vit_large_r50_s32_224_in21k",82.2222222222222,1,1,1,0,1,1,1,1,1,1,1,1,1,1,1,0,1,1,1,1,0,1,1,1,1,0,1,1,1,1,0,1,1,1,1,1,1,1,1,1,1,0,1,0,0
"vit_large_r50_s32_384",88.8888888888889,1,1,1,1,1,1,1,1,1,1,1,1,1,1,1,0,1,0,1,1,1,1,1,1,1,1,1,1,0,1,1,1,1,1,1,1,1,1,0,1,1,1,1,1,0
"vit_relpos_base_patch16_224",84.4444444444444,1,1,1,1,1,1,1,1,1,1,1,1,1,0,1,1,1,1,1,1,1,0,1,1,1,1,1,1,1,1,0,1,1,1,1,1,1,1,1,1,1,0,0,0,0
"vit_relpos_base_patch16_clsgap_224",86.6666666666667,1,1,1,1,1,1,1,1,1,1,1,1,1,0,1,1,1,1,1,1,1,1,1,0,1,1,1,1,1,1,1,1,1,1,1,1,1,1,1,1,1,0,0,0,0
"vit_relpos_base_patch32_plus_rpn_256",73.3333333333333,1,1,0,0,0,1,1,1,0,1,1,1,1,1,1,1,1,1,0,1,0,0,1,1,1,1,1,1,1,1,1,1,1,1,1,0,0,1,1,1,1,1,0,0,0
"vit_relpos_medium_patch16_224",80,1,1,1,1,1,1,1,1,0,1,1,1,1,0,1,1,1,1,0,0,1,0,1,1,1,1,1,1,1,1,1,1,1,1,1,1,1,1,1,1,0,0,0,1,0
"vit_relpos_medium_patch16_cls_224",77.7777777777778,1,1,1,1,1,1,1,0,1,0,1,1,0,1,1,1,0,1,0,1,1,1,1,0,1,0,1,1,1,1,1,1,1,1,1,1,0,1,1,1,1,0,0,1,1
"vit_relpos_medium_patch16_rpn_224",88.8888888888889,1,1,1,1,1,1,1,1,1,1,1,1,1,1,1,1,0,1,0,1,1,0,1,1,1,1,1,1,1,1,1,1,1,1,1,1,1,1,1,1,1,0,0,1,1
"vit_relpos_small_patch16_224",84.4444444444444,1,1,1,1,1,1,0,1,1,0,1,1,1,1,1,1,1,1,1,1,1,0,1,1,1,1,1,1,1,1,0,1,1,1,1,1,1,1,1,1,1,0,0,1,0
"vit_small_patch16_224",77.7777777777778,1,1,1,0,1,1,1,1,1,0,1,1,1,1,1,0,0,1,1,1,1,1,1,0,1,1,1,1,1,1,1,0,1,1,1,1,1,1,0,1,1,0,0,1,0
"vit_small_patch16_224_dino",88.8888888888889,1,1,0,1,1,1,1,1,1,1,1,1,1,1,1,1,1,1,0,1,1,1,1,1,1,1,1,1,1,1,1,1,1,1,1,1,1,1,1,1,1,1,0,0,0
"vit_small_patch16_224_in21k",66.6666666666667,1,1,0,0,1,1,0,1,1,1,1,1,0,1,1,1,0,1,0,0,1,0,1,0,1,0,1,1,1,1,1,0,1,1,1,1,1,0,1,1,1,1,0,0,0
"vit_small_patch16_384",84.4444444444444,1,1,1,1,1,1,1,1,1,1,1,1,0,1,1,0,0,1,1,1,1,1,1,1,1,1,1,1,1,1,1,1,1,1,1,1,1,0,1,1,1,1,0,0,0
"vit_small_patch32_224",75.5555555555556,1,1,1,1,1,1,1,1,1,1,1,1,1,0,0,0,1,1,0,0,1,1,1,0,1,0,1,1,1,1,0,1,1,1,1,1,1,1,0,1,1,0,0,1,1
"vit_small_patch32_224_in21k",73.3333333333333,1,1,0,1,1,1,1,1,1,0,1,1,1,1,1,0,1,1,1,1,1,0,0,0,1,1,1,1,1,1,1,1,1,0,1,1,0,1,1,1,1,0,0,0,0
"vit_small_patch32_384",77.7777777777778,1,1,1,1,1,1,1,0,1,1,1,1,1,0,1,0,1,0,0,1,1,1,1,1,1,1,1,1,0,1,1,0,1,1,1,1,1,1,1,1,1,1,0,0,0
"vit_small_patch8_224_dino",88.8888888888889,1,1,1,1,1,1,1,1,1,1,1,1,1,1,1,1,1,1,1,1,1,1,1,0,1,1,1,1,1,1,1,0,1,1,1,1,1,1,1,1,1,0,0,1,0
"vit_small_r26_s32_224",75.5555555555556,1,1,1,0,1,1,1,1,1,1,1,1,1,1,1,0,1,0,0,1,1,1,1,1,1,1,1,0,1,1,0,1,1,1,1,1,1,0,1,1,1,0,0,0,0
"vit_small_r26_s32_384",84.4444444444444,1,1,1,1,1,1,1,1,1,1,1,1,0,1,1,0,1,1,1,1,1,0,1,1,1,1,1,1,1,1,1,0,1,1,1,1,0,1,1,1,1,1,0,1,0
"vit_srelpos_medium_patch16_224",77.7777777777778,1,1,1,1,1,1,1,0,0,0,1,1,1,1,1,1,1,1,0,1,1,1,1,1,1,1,1,1,1,1,1,1,1,1,1,1,1,0,0,1,1,0,0,0,0
"vit_srelpos_small_patch16_224",77.7777777777778,1,1,1,1,1,1,1,1,1,1,1,1,1,1,1,1,0,1,1,0,0,0,1,1,1,1,1,1,1,1,1,1,1,1,1,1,0,0,1,1,1,0,0,0,0
"vit_tiny_patch16_224",71.1111111111111,1,1,1,1,0,1,1,1,0,1,1,1,1,1,1,1,1,0,0,1,0,1,1,0,1,1,0,1,1,1,0,1,1,0,1,1,1,1,1,0,1,1,0,0,0
"vit_tiny_patch16_224_in21k",77.7777777777778,1,1,1,0,1,1,1,1,1,1,1,1,0,0,1,1,1,0,1,1,1,1,1,1,1,1,1,1,1,1,1,0,1,1,1,1,1,0,0,1,0,1,1,0,0
"vit_tiny_patch16_384",68.8888888888889,1,1,0,1,1,1,1,1,0,1,1,1,0,0,1,1,1,0,0,1,1,0,1,1,1,1,1,1,1,1,0,0,1,1,1,1,0,0,1,1,1,1,0,0,0
"vit_tiny_r_s16_p8_224",57.7777777777778,1,1,0,1,1,0,1,1,1,0,1,1,0,0,0,0,1,0,0,1,0,0,1,1,1,1,1,1,1,1,0,0,1,0,1,0,0,1,1,1,1,0,0,1,0
"vit_tiny_r_s16_p8_224_in21k",57.7777777777778,1,1,0,0,0,1,0,1,1,0,1,1,0,0,1,0,1,0,0,1,1,1,1,1,1,0,1,1,1,1,0,0,1,1,0,0,0,1,1,1,1,0,0,0,1
"vit_tiny_r_s16_p8_384",80,1,1,1,1,1,1,1,0,1,1,1,1,1,1,1,0,1,1,1,0,1,1,1,0,1,1,1,0,1,1,1,0,1,1,1,1,1,1,1,1,1,1,0,0,0
"volo_d1_224",68.8888888888889,1,1,1,0,1,1,0,1,1,1,1,1,1,1,1,1,1,0,1,1,0,0,1,0,0,1,0,0,1,1,0,1,1,0,1,1,1,1,1,1,1,1,0,0,0
"volo_d1_384",68.8888888888889,1,1,1,1,0,0,0,1,1,1,1,1,0,0,1,1,1,1,1,0,0,1,1,1,1,1,1,0,0,1,0,0,1,1,1,1,1,1,1,1,1,0,1,0,0
"volo_d2_224",60,0,1,0,1,0,1,1,0,1,1,1,1,0,0,1,0,0,0,1,1,1,0,1,1,1,1,1,1,1,0,1,0,1,1,1,1,0,0,1,1,1,0,0,0,0
"volo_d2_384",71.1111111111111,1,1,1,1,0,1,0,1,1,1,1,1,0,1,1,0,1,1,1,1,1,0,1,1,1,0,1,1,1,1,1,1,1,0,0,1,0,1,1,0,1,0,1,0,0
"volo_d3_224",71.1111111111111,1,1,1,1,0,1,0,1,1,1,1,1,0,1,1,1,0,0,1,0,1,1,1,0,1,1,0,1,1,1,0,1,1,1,1,1,1,1,1,1,0,1,0,0,0
"volo_d4_224",80,1,1,1,1,1,0,1,0,0,1,1,1,1,1,1,1,1,1,1,1,1,0,1,1,1,1,1,1,1,1,1,1,1,0,1,1,0,1,1,1,1,0,1,0,0
"volo_d5_224",73.3333333333333,1,1,1,0,1,1,0,1,1,1,1,1,1,1,1,0,1,1,1,1,1,0,1,0,1,1,1,1,1,1,0,1,1,1,1,1,0,1,1,1,0,0,0,0,0
"wide_resnet101_2",60,1,1,1,1,1,1,1,0,1,1,1,0,0,0,1,0,0,1,0,0,1,0,0,1,1,0,1,1,1,1,0,1,1,1,0,1,1,0,0,1,1,0,0,0,1
"wide_resnet50_2",66.6666666666667,1,1,1,1,1,1,0,1,1,1,1,1,1,0,0,0,0,1,1,1,1,0,0,1,1,1,1,1,1,1,1,0,1,1,0,0,0,1,1,0,1,0,0,1,0
"xception",31.1111111111111,0,0,0,1,1,1,1,0,0,0,0,1,1,0,1,1,0,0,0,0,0,0,0,0,0,0,0,0,0,1,1,0,1,1,0,0,1,0,0,0,0,1,0,0,0
"xception41",62.2222222222222,1,0,0,1,1,1,0,0,1,0,1,1,0,1,0,0,1,1,1,1,1,0,1,0,1,1,1,1,0,1,0,1,1,1,1,1,1,1,0,0,1,0,1,0,0
"xception41p",66.6666666666667,1,1,1,1,1,0,0,1,1,1,1,1,1,1,1,0,1,0,1,0,0,1,0,0,1,1,1,0,0,0,0,0,1,1,0,1,1,1,0,1,1,1,1,1,1
"xception65",57.7777777777778,0,1,1,1,1,1,1,1,0,1,1,1,1,1,0,0,1,1,1,0,1,0,0,1,1,1,1,1,0,1,0,0,1,1,1,0,1,0,0,0,0,0,0,0,0
"xception65p",62.2222222222222,1,0,0,1,1,0,0,1,0,1,1,1,0,1,1,0,1,0,0,0,1,1,0,0,1,1,0,1,1,1,0,1,1,1,1,1,0,0,1,1,1,0,1,1,1
"xception71",57.7777777777778,1,1,0,1,0,1,1,0,0,0,1,1,0,1,0,1,1,1,1,0,1,0,1,0,1,1,1,1,1,1,0,1,1,1,1,1,0,0,0,0,0,0,1,0,0
"xcit_large_24_p16_224",75.5555555555556,1,1,0,1,1,1,1,1,0,1,1,1,0,1,1,1,1,0,1,1,1,0,1,0,1,1,1,1,1,1,0,1,1,1,1,1,1,1,1,1,1,0,0,0,0
"xcit_large_24_p16_224_dist",80,1,1,1,1,1,1,0,1,1,1,1,1,1,1,1,0,1,1,1,0,1,0,1,1,1,1,1,0,1,1,1,1,1,1,1,1,0,1,1,1,1,1,0,0,0
"xcit_medium_24_p16_224",66.6666666666667,0,1,1,1,1,1,0,1,0,1,1,1,0,1,1,0,1,0,0,0,0,0,1,0,1,1,1,1,1,1,1,0,1,1,1,1,1,1,1,1,1,0,0,0,1
"xcit_medium_24_p16_384_dist",82.2222222222222,1,1,1,1,1,1,1,1,1,1,1,1,1,1,1,1,0,1,0,1,1,1,0,1,1,1,1,1,0,1,1,0,1,1,1,1,1,1,1,0,1,0,1,1,0
"xcit_nano_12_p16_224",75.5555555555556,1,1,1,1,1,1,0,1,1,0,1,1,1,0,1,1,1,1,0,0,1,1,1,0,1,0,1,1,1,1,1,0,1,1,1,1,1,1,1,0,0,1,0,1,1
"xcit_nano_12_p16_224_dist",60,1,1,0,1,1,0,1,1,0,1,1,1,1,1,0,0,1,0,0,1,0,1,0,0,1,0,1,1,0,0,0,1,1,1,1,1,1,1,0,1,1,1,0,0,0
"xcit_nano_12_p16_384_dist",64.4444444444444,1,1,0,1,1,1,1,1,1,1,1,1,0,0,0,0,1,0,1,1,0,1,1,1,1,1,1,0,1,1,1,0,1,1,1,0,0,0,0,0,1,0,0,1,1
"xcit_nano_12_p8_224",60,1,1,0,1,1,1,0,1,1,0,1,0,1,0,1,0,1,0,0,1,1,1,1,1,1,1,0,1,1,1,1,1,1,1,0,0,1,0,0,1,0,0,0,0,0
"xcit_nano_12_p8_224_dist",68.8888888888889,1,1,0,1,1,1,1,1,0,1,1,1,0,0,1,0,1,1,0,0,1,0,1,0,1,1,1,0,1,1,1,0,1,0,1,1,1,0,1,1,1,1,0,1,1
"xcit_nano_12_p8_384_dist",73.3333333333333,1,1,0,0,1,1,0,1,1,1,1,0,0,1,1,1,1,0,1,0,1,1,1,1,0,1,1,1,1,1,0,1,1,1,1,0,1,1,1,1,1,1,0,0,1
"xcit_small_12_p16_224",68.8888888888889,1,1,1,1,1,1,1,1,1,1,1,1,0,1,1,1,1,1,0,0,1,1,0,0,1,1,1,1,1,1,0,0,1,0,1,1,1,0,0,0,1,1,0,0,0
"xcit_small_12_p16_224_dist",86.6666666666667,1,1,1,1,1,1,1,1,1,1,1,1,1,1,1,1,1,1,1,0,1,1,1,1,1,1,1,1,1,1,1,0,1,1,1,1,0,1,1,1,1,0,1,0,0
"xcit_small_12_p16_384_dist",82.2222222222222,1,1,0,1,1,1,1,1,1,1,1,1,1,1,1,1,1,1,0,1,1,1,1,1,1,1,1,1,0,1,1,0,1,1,1,1,1,1,1,1,1,0,0,0,0
"xcit_small_12_p8_224",77.7777777777778,1,1,1,1,1,1,1,0,1,0,1,1,1,1,1,0,0,1,1,1,0,0,1,1,1,1,1,1,1,1,0,1,1,1,1,1,0,1,1,1,1,1,1,0,0
"xcit_small_12_p8_224_dist",80,1,1,0,1,1,1,1,1,1,0,1,1,1,1,1,0,1,1,1,1,1,0,1,1,1,1,1,0,1,1,1,1,1,1,1,1,0,1,0,1,1,1,1,0,0
"xcit_small_24_p16_224",53.3333333333333,1,1,1,1,1,1,0,1,0,0,1,1,1,0,1,0,0,0,0,0,0,1,1,0,0,1,1,1,1,1,1,0,0,1,1,0,1,1,0,0,1,0,0,0,0
"xcit_small_24_p16_224_dist",82.2222222222222,1,1,1,1,1,1,1,1,1,1,1,1,0,1,1,0,1,1,0,0,1,1,1,0,1,1,1,1,1,1,1,1,1,1,1,1,1,1,0,1,1,0,0,1,1
"xcit_small_24_p16_384_dist",82.2222222222222,1,1,1,1,1,1,0,1,1,1,1,1,1,1,1,1,1,1,0,1,1,1,1,1,1,1,1,1,0,1,1,0,1,1,1,1,1,1,1,1,1,0,0,0,0
"xcit_small_24_p8_224",68.8888888888889,1,1,1,0,0,1,1,1,1,1,1,1,0,1,1,1,0,0,0,1,1,0,1,1,1,1,0,1,1,1,1,1,1,1,1,1,0,1,1,1,0,0,0,0,0
"xcit_small_24_p8_224_dist",82.2222222222222,1,1,1,1,1,1,1,1,1,1,1,1,0,1,1,0,1,0,1,1,1,0,1,1,1,1,1,1,1,1,1,0,1,1,1,1,0,1,1,1,1,1,1,0,0
"xcit_tiny_12_p16_224",77.7777777777778,1,1,0,0,1,1,1,1,0,1,1,1,1,1,1,1,1,1,1,0,1,1,1,1,1,1,0,1,1,1,1,1,1,1,1,1,0,1,0,1,1,0,0,1,0
"xcit_tiny_12_p16_224_dist",73.3333333333333,1,1,0,1,1,1,1,1,1,0,1,1,1,0,1,1,1,1,1,0,1,0,1,1,1,1,1,0,1,1,1,0,1,1,0,1,0,1,0,1,1,1,0,0,1
"xcit_tiny_12_p16_384_dist",75.5555555555556,1,1,1,1,1,1,1,1,0,1,1,1,0,1,1,1,1,0,1,1,1,1,1,1,0,1,1,0,1,1,1,1,1,0,1,1,0,1,1,1,0,0,1,0,0
"xcit_tiny_12_p8_224",64.4444444444444,1,1,1,1,0,0,0,1,1,0,1,1,0,1,1,1,1,0,1,1,1,0,1,1,0,1,1,0,1,1,1,1,1,0,1,0,0,1,1,1,1,0,0,0,0
"xcit_tiny_12_p8_224_dist",75.5555555555556,1,1,1,1,1,1,1,0,1,1,1,1,0,1,1,0,1,0,0,0,1,0,1,1,1,1,1,0,1,1,1,1,1,1,1,1,1,1,1,1,1,0,1,0,0
"xcit_tiny_12_p8_384_dist",73.3333333333333,1,1,1,1,1,0,0,1,0,1,1,1,1,1,1,0,1,0,1,1,1,1,1,0,1,1,1,1,1,1,1,1,1,0,1,1,0,1,0,1,1,1,0,0,0
"xcit_tiny_24_p16_224",68.8888888888889,1,1,0,1,1,1,0,0,1,1,1,1,1,1,1,0,1,1,0,1,1,0,0,1,1,1,1,1,0,0,1,1,1,1,1,1,1,1,0,1,1,0,0,0,0
"xcit_tiny_24_p16_224_dist",73.3333333333333,1,1,1,1,1,1,1,1,1,1,1,1,1,1,1,1,1,1,0,1,0,0,0,0,1,1,1,0,0,1,1,0,1,1,1,1,1,1,0,1,1,0,0,0,1
"xcit_tiny_24_p16_384_dist",73.3333333333333,1,1,1,1,1,1,1,1,1,0,1,1,0,1,1,0,0,1,0,1,1,1,1,0,1,1,1,1,0,0,1,1,1,1,1,1,0,1,0,1,1,0,1,1,0
"xcit_tiny_24_p8_224",75.5555555555556,0,1,0,1,1,1,0,0,1,0,1,1,1,1,1,1,1,1,1,1,1,0,1,1,1,1,1,1,1,1,1,1,1,1,1,1,0,1,0,1,1,1,0,0,0
"xcit_tiny_24_p8_224_dist",71.1111111111111,1,1,1,1,0,1,0,0,0,0,1,1,1,1,1,0,1,1,1,1,1,0,1,1,0,1,1,1,1,1,1,0,1,1,1,1,0,1,1,1,0,1,0,1,0
