Model,Parameters,Layers,Residual Blocks,Conv Layers,Dense Layers,Bottlenecks,Pooling Layers,Normalization Layers,Recurrent Layers,Attention Layers,Output Features,Training Dataset,First Layer Parameters,Highest Internal Layer Parameters,Lowest Internal Layer Parameters,Last Layer Parameters,Family,Architecture,Crop Percentage
adv_inception_v3,23834568,300,0,94,1,0,2,94,0,0,1000,ImageNet-1K,928,6076800,5280,2049000,inception_v3,adv_inception_v3,0.875
bat_resnext26ts,10731200,414,0,79,1,8,1,63,0,0,1000,ImageNet-1K,26232,8619456,8619456,2049000,resnext,bat_resnext26ts,0.9
beit_base_patch16_224,86530984,189,0,1,49,0,0,25,0,12,1000,ImageNet-1K,590592,85026816,1536,769000,beit,beit_base_patch16_224,0.9
beit_base_patch16_224_in22k,102557713,189,0,1,49,0,0,25,0,12,21841,ImageNet-21K,590592,85026816,1536,16795729,beit,beit_base_patch16_224_in22k,0.9
beit_base_patch16_384,86744104,189,0,1,49,0,0,25,0,12,1000,ImageNet-1K,590592,85026816,1536,769000,beit,beit_base_patch16_384,1.0
beit_large_patch16_224,304430568,369,0,1,97,0,0,49,0,24,1000,ImageNet-1K,787456,302235648,2048,1025000,beit,beit_large_patch16_224,0.9
beit_large_patch16_224_in22k,325792593,369,0,1,97,0,0,49,0,24,21841,ImageNet-21K,787456,302235648,2048,22387025,beit,beit_large_patch16_224_in22k,0.9
beit_large_patch16_384,304998888,369,0,1,97,0,0,49,0,24,1000,ImageNet-1K,787456,302235648,2048,1025000,beit,beit_large_patch16_384,1.0
beit_large_patch16_512,305674728,369,0,1,97,0,0,49,0,24,1000,ImageNet-1K,787456,302235648,2048,1025000,beit,beit_large_patch16_512,1.0
beitv2_base_patch16_224,86530984,189,0,1,49,0,0,25,0,12,1000,ImageNet-1K,590592,85026816,1536,769000,beitv2,beitv2_base_patch16_224,0.9
beitv2_base_patch16_224_in22k,102557713,189,0,1,49,0,0,25,0,12,21841,ImageNet-21K,590592,85026816,1536,16795729,beitv2,beitv2_base_patch16_224_in22k,0.9
beitv2_large_patch16_224,304430568,369,0,1,97,0,0,49,0,24,1000,ImageNet-1K,787456,302235648,2048,1025000,beitv2,beitv2_large_patch16_224,0.95
beitv2_large_patch16_224_in22k,325792593,369,0,1,97,0,0,49,0,24,21841,ImageNet-21K,787456,302235648,2048,22387025,beitv2,beitv2_large_patch16_224_in22k,0.9
botnet26t_256,12488672,222,0,31,1,8,2,31,0,0,1000,ImageNet-1K,26232,10382720,10382720,2049000,botnet,botnet26t_256,0.95
cait_m36_384,271221352,655,0,1,229,0,0,77,0,0,1000,ImageNet-1K,590592,255182976,1536,769000,cait,cait_m36_384,1.0
cait_m48_448,356460520,859,0,1,301,0,0,101,0,0,1000,ImageNet-1K,590592,340243968,1536,769000,cait,cait_m48_448,1.0
cait_s24_224,46916200,451,0,1,157,0,0,53,0,0,1000,ImageNet-1K,295296,42590592,768,385000,cait,cait_s24_224,1.0
cait_s24_384,47062120,451,0,1,157,0,0,53,0,0,1000,ImageNet-1K,295296,42590592,768,385000,cait,cait_s24_384,1.0
cait_s36_384,68366632,655,0,1,229,0,0,77,0,0,1000,ImageNet-1K,295296,63885888,768,385000,cait,cait_s36_384,1.0
cait_xs24_384,26670088,451,0,1,157,0,0,53,0,0,1000,ImageNet-1K,221472,23979744,576,289000,cait,cait_xs24_384,1.0
cait_xxs24_224,11956264,451,0,1,157,0,0,53,0,0,1000,ImageNet-1K,147648,10677696,384,193000,cait,cait_xxs24_224,1.0
cait_xxs24_384,12029224,451,0,1,157,0,0,53,0,0,1000,ImageNet-1K,147648,10677696,384,193000,cait,cait_xxs24_384,1.0
cait_xxs36_224,17299720,655,0,1,229,0,0,77,0,0,1000,ImageNet-1K,147648,16016544,384,193000,cait,cait_xxs36_224,1.0
cait_xxs36_384,17372680,655,0,1,229,0,0,77,0,0,1000,ImageNet-1K,147648,16016544,384,193000,cait,cait_xxs36_384,1.0
coat_lite_mini,11011560,167,0,20,33,0,0,21,0,0,1000,ImageNet-1K,3264,6346752,640,513000,coat,coat_lite_mini,0.9
coat_lite_small,19838504,287,0,20,65,0,0,37,0,0,1000,ImageNet-1K,3264,9520128,640,513000,coat,coat_lite_small,0.9
coat_lite_tiny,5721960,167,0,20,33,0,0,21,0,0,1000,ImageNet-1K,3264,2492160,640,321000,coat,coat_lite_tiny,0.9
coat_mini,10337004,345,0,20,81,0,0,59,0,0,1000,ImageNet-1K,7752,5756832,4,217000,coat,coat_mini,0.9
coat_tiny,5498540,345,0,20,81,0,0,59,0,0,1000,ImageNet-1K,7752,2883744,4,153000,coat,coat_tiny,0.9
coatnet_0_rw_224,27435562,333,0,67,1,0,8,35,0,18,1000,ImageNet-1K,19360,26634146,1536,769000,coatnet,coatnet_0_rw_224,0.95
coatnet_1_rw_224,41721502,535,0,110,1,0,6,58,0,32,1000,ImageNet-1K,19360,40909718,1536,769000,coatnet,coatnet_1_rw_224,0.95
coatnet_bn_0_rw_224,27435562,329,0,67,1,0,6,35,0,18,1000,ImageNet-1K,19360,26634146,1536,769000,coatnet,coatnet_bn_0_rw_224,0.95
coatnet_nano_rw_224,15141244,377,0,76,1,0,8,41,0,18,1000,ImageNet-1K,19360,14596340,1024,513000,coatnet,coatnet_nano_rw_224,0.9
coatnet_rmlp_1_rw_224,41691982,651,0,110,33,0,8,58,0,32,1000,ImageNet-1K,19360,40880198,1536,769000,coatnet,coatnet_rmlp_1_rw_224,0.95
coatnet_rmlp_nano_rw_224,15145116,436,0,76,19,0,6,41,0,18,1000,ImageNet-1K,19360,14600212,1024,513000,coatnet,coatnet_rmlp_nano_rw_224,0.9
convit_base,86540040,208,0,1,69,0,0,25,0,0,1000,ImageNet-1K,590592,85027456,1536,769000,convit,convit_base,None
convit_small,27777322,208,0,1,69,0,0,25,0,0,1000,ImageNet-1K,332208,26926056,864,433000,convit,convit_small,None
convit_tiny,5710512,208,0,1,69,0,0,25,0,0,1000,ImageNet-1K,147648,5331616,384,193000,convit,convit_tiny,None
convmixer_768_32,21110248,298,0,65,1,0,0,65,0,0,1000,ImageNet-1K,115200,20226048,20226048,769000,convmixer,convmixer_768_32,0.96
convmixer_1024_20_ks9_p14,24383464,190,0,41,1,0,0,41,0,0,1000,ImageNet-1K,605184,22753280,22753280,1025000,convmixer,convmixer_1024_20_ks9_p14,0.96
convmixer_1536_20,51625960,190,0,41,1,0,0,41,0,0,1000,ImageNet-1K,230400,49858560,49858560,1537000,convmixer,convmixer_1536_20,0.96
convnext_atto,3695520,152,0,40,1,0,0,17,0,0,1000,ImageNet-1K,2040,3370000,3370000,321640,convnext,convnext_atto,0.875
convnext_atto_ols,3702912,153,0,41,1,0,0,17,0,0,1000,ImageNet-1K,9432,3370000,3370000,321640,convnext,convnext_atto_ols,0.875
convnext_base,88591464,392,0,40,73,0,0,41,0,0,1000,ImageNet-1K,6528,87539840,87539840,1027048,convnext,convnext_base,0.875
convnext_base_384_in22ft1k,88591464,392,0,40,73,0,0,41,0,0,1000,ImageNet-1K,6528,87539840,87539840,1027048,convnext,convnext_base_384_in22ft1k,1.0
convnext_base_in22ft1k,88591464,392,0,40,73,0,0,41,0,0,1000,ImageNet-1K,6528,87539840,87539840,1027048,convnext,convnext_base_in22ft1k,0.875
convnext_base_in22k,109953489,392,0,40,73,0,0,41,0,0,21841,ImageNet-21K,6528,87539840,87539840,22389073,convnext,convnext_base_in22k,0.875
convnext_femto,5217784,152,0,40,1,0,0,17,0,0,1000,ImageNet-1K,2448,4827360,4827360,385768,convnext,convnext_femto,0.875
convnext_femto_ols,5226520,153,0,41,1,0,0,17,0,0,1000,ImageNet-1K,11184,4827360,4827360,385768,convnext,convnext_femto_ols,0.875
convnext_large,197767336,392,0,40,73,0,0,41,0,0,1000,ImageNet-1K,9792,196190400,196190400,1540072,convnext,convnext_large,0.875
convnext_large_384_in22ft1k,197767336,392,0,40,73,0,0,41,0,0,1000,ImageNet-1K,9792,196190400,196190400,1540072,convnext,convnext_large_384_in22ft1k,1.0
convnext_large_in22ft1k,197767336,392,0,40,73,0,0,41,0,0,1000,ImageNet-1K,9792,196190400,196190400,1540072,convnext,convnext_large_in22ft1k,0.875
convnext_large_in22k,229799953,392,0,40,73,0,0,41,0,0,21841,ImageNet-21K,9792,196190400,196190400,33572689,convnext,convnext_large_in22k,0.875
convnext_nano,15593560,172,0,46,1,0,0,19,0,0,1000,ImageNet-1K,4080,14942880,14942880,642280,convnext,convnext_nano,0.95
convnext_nano_ols,15649560,173,0,47,1,0,0,19,0,0,1000,ImageNet-1K,60080,14942880,14942880,642280,convnext,convnext_nano_ols,0.95
convnext_pico,9045672,152,0,40,1,0,0,17,0,0,1000,ImageNet-1K,3264,8525440,8525440,514024,convnext,convnext_pico,0.875
convnext_pico_ols,9061928,153,0,41,1,0,0,17,0,0,1000,ImageNet-1K,19520,8525440,8525440,514024,convnext,convnext_pico_ols,0.95
convnext_small,50223688,392,0,40,73,0,0,41,0,0,1000,ImageNet-1K,4896,49434720,49434720,770536,convnext,convnext_small,0.875
convnext_small_384_in22ft1k,50223688,392,0,40,73,0,0,41,0,0,1000,ImageNet-1K,4896,49434720,49434720,770536,convnext,convnext_small_384_in22ft1k,1.0
convnext_small_in22ft1k,50223688,392,0,40,73,0,0,41,0,0,1000,ImageNet-1K,4896,49434720,49434720,770536,convnext,convnext_small_in22ft1k,0.875
convnext_small_in22k,66250417,392,0,40,73,0,0,41,0,0,21841,ImageNet-21K,4896,49434720,49434720,16797265,convnext,convnext_small_in22k,0.875
convnext_tiny,28589128,212,0,22,37,0,0,23,0,0,1000,ImageNet-1K,4896,27807072,27807072,770536,convnext,convnext_tiny,0.875
convnext_tiny_384_in22ft1k,28589128,212,0,22,37,0,0,23,0,0,1000,ImageNet-1K,4896,27807072,27807072,770536,convnext,convnext_tiny_384_in22ft1k,1.0
convnext_tiny_hnf,28589128,212,0,58,1,0,0,23,0,0,1000,ImageNet-1K,4896,27807072,1536,769000,convnext,convnext_tiny_hnf,0.95
convnext_tiny_in22ft1k,28589128,212,0,22,37,0,0,23,0,0,1000,ImageNet-1K,4896,27807072,27807072,770536,convnext,convnext_tiny_in22ft1k,0.875
convnext_tiny_in22k,44615857,212,0,22,37,0,0,23,0,0,21841,ImageNet-21K,4896,27807072,27807072,16797265,convnext,convnext_tiny_in22k,0.875
convnext_xlarge_384_in22ft1k,350196968,392,0,40,73,0,0,41,0,0,1000,ImageNet-1K,13056,348094720,348094720,2053096,convnext,convnext_xlarge_384_in22ft1k,1.0
convnext_xlarge_in22ft1k,350196968,392,0,40,73,0,0,41,0,0,1000,ImageNet-1K,13056,348094720,348094720,2053096,convnext,convnext_xlarge_in22ft1k,0.875
convnext_xlarge_in22k,392900177,392,0,40,73,0,0,41,0,0,21841,ImageNet-21K,13056,348094720,348094720,44756305,convnext,convnext_xlarge_in22k,0.875
crossvit_9_240,8553296,359,0,2,86,0,0,44,0,24,1000,ImageNet-1K,252288,7812096,768,386000,crossvit,crossvit_9_240,0.875
crossvit_9_dagger_240,8776592,369,0,6,86,0,0,44,0,24,1000,ImageNet-1K,475584,7812096,768,386000,crossvit,crossvit_9_dagger_240,0.875
crossvit_15_240,27528464,467,0,2,110,0,0,56,0,30,1000,ImageNet-1K,378432,26417664,1152,578000,crossvit,crossvit_15_240,0.875
crossvit_15_dagger_240,28209008,477,0,6,110,0,0,56,0,30,1000,ImageNet-1K,1058976,26417664,1152,578000,crossvit,crossvit_15_dagger_240,0.875
crossvit_15_dagger_408,28500080,477,0,6,110,0,0,56,0,30,1000,ImageNet-1K,1058976,26417664,1152,578000,crossvit,crossvit_15_dagger_408,1.0
crossvit_18_240,43271408,521,0,2,122,0,0,62,0,33,1000,ImageNet-1K,441504,41975808,1344,674000,crossvit,crossvit_18_240,0.875
crossvit_18_dagger_240,44266976,531,0,6,122,0,0,62,0,33,1000,ImageNet-1K,1437072,41975808,1344,674000,crossvit,crossvit_18_dagger_240,0.875
crossvit_18_dagger_408,44606560,531,0,6,122,0,0,62,0,33,1000,ImageNet-1K,1437072,41975808,1344,674000,crossvit,crossvit_18_dagger_408,1.0
crossvit_base_240,105025232,413,0,2,98,0,0,50,0,27,1000,ImageNet-1K,756864,102805632,2304,1154000,crossvit,crossvit_base_240,0.875
crossvit_small_240,26856272,413,0,2,98,0,0,50,0,27,1000,ImageNet-1K,378432,25745472,1152,578000,crossvit,crossvit_small_240,0.875
crossvit_tiny_240,7014800,413,0,2,98,0,0,50,0,27,1000,ImageNet-1K,189216,6458400,576,290000,crossvit,crossvit_tiny_240,0.875
cs3darknet_focus_l,21151720,359,0,55,1,0,0,55,0,0,1000,ImageNet-1K,7040,20090880,20090880,1025000,darknet,cs3darknet_focus_l,0.887
cs3darknet_focus_m,9304360,268,0,41,1,0,0,41,0,0,1000,ImageNet-1K,5280,8513280,8513280,769000,darknet,cs3darknet_focus_m,0.887
cs3darknet_l,21164168,364,0,56,1,0,0,56,0,0,1000,ImageNet-1K,19488,20090880,20090880,1025000,darknet,cs3darknet_l,0.887
cs3darknet_m,9310240,273,0,42,1,0,0,42,0,0,1000,ImageNet-1K,11160,8513280,8513280,769000,darknet,cs3darknet_m,0.887
cs3darknet_x,35046320,403,0,62,1,0,0,62,0,0,1000,ImageNet-1K,30120,33696000,33696000,1281000,darknet,cs3darknet_x,0.95
cs3edgenet_x,47821120,403,0,62,1,0,0,62,0,0,1000,ImageNet-1K,30120,46464000,46464000,1281000,edgenet,cs3edgenet_x,0.887
cs3se_edgenet_x,50721584,523,0,110,1,0,0,62,0,0,1000,ImageNet-1K,30120,49364464,49364464,1281000,edgenet,cs3se_edgenet_x,0.95
cs3sedarknet_l,21913592,469,0,98,1,0,0,56,0,0,1000,ImageNet-1K,19488,20840304,20840304,1025000,darknet,cs3sedarknet_l,0.887
cs3sedarknet_x,35397904,523,0,110,1,0,0,62,0,0,1000,ImageNet-1K,30120,34047584,34047584,1281000,darknet,cs3sedarknet_x,0.887
cspdarknet53,27642184,428,0,67,1,0,0,67,0,0,1000,ImageNet-1K,928,26580992,26580992,1025000,darknet,cspdarknet53,0.887
cspresnet50,21616168,362,0,55,1,13,1,55,0,0,1000,ImageNet-1K,9536,20541440,20541440,1025000,resnet,cspresnet50,0.887
cspresnext50,20569896,362,0,55,1,13,1,55,0,0,1000,ImageNet-1K,9536,18454016,18454016,2049000,resnext,cspresnext50,0.887
darknet53,41609928,353,0,52,1,0,0,52,0,0,1000,ImageNet-1K,928,40548352,40548352,1025000,darknet,darknet53,0.887
darknetaa53,36022984,363,0,52,1,0,5,52,0,0,1000,ImageNet-1K,928,34961408,34961408,1025000,darknet,darknetaa53,0.887
deit3_base_patch16_224,86585320,226,0,1,49,0,0,25,0,13,1000,ImageNet-1K,590592,85072896,1536,769000,deit3,deit3_base_patch16_224,0.9
deit3_base_patch16_224_in21ft1k,86585320,226,0,1,49,0,0,25,0,13,1000,ImageNet-1K,590592,85072896,1536,769000,deit3,deit3_base_patch16_224_in21ft1k,1.0
deit3_base_patch16_384,86877160,226,0,1,49,0,0,25,0,13,1000,ImageNet-1K,590592,85072896,1536,769000,deit3,deit3_base_patch16_384,1.0
deit3_base_patch16_384_in21ft1k,86877160,226,0,1,49,0,0,25,0,13,1000,ImageNet-1K,590592,85072896,1536,769000,deit3,deit3_base_patch16_384_in21ft1k,1.0
deit3_huge_patch14_224,632126440,586,0,1,129,0,0,65,0,33,1000,ImageNet-1K,753920,629760000,2560,1281000,deit3,deit3_huge_patch14_224,0.9
deit3_huge_patch14_224_in21ft1k,632126440,586,0,1,129,0,0,65,0,33,1000,ImageNet-1K,753920,629760000,2560,1281000,deit3,deit3_huge_patch14_224_in21ft1k,1.0
deit3_large_patch16_224,304374760,442,0,1,97,0,0,49,0,25,1000,ImageNet-1K,787456,302358528,2048,1025000,deit3,deit3_large_patch16_224,0.9
deit3_large_patch16_224_in21ft1k,304374760,442,0,1,97,0,0,49,0,25,1000,ImageNet-1K,787456,302358528,2048,1025000,deit3,deit3_large_patch16_224_in21ft1k,1.0
deit3_large_patch16_384,304763880,442,0,1,97,0,0,49,0,25,1000,ImageNet-1K,787456,302358528,2048,1025000,deit3,deit3_large_patch16_384,1.0
deit3_large_patch16_384_in21ft1k,304763880,442,0,1,97,0,0,49,0,25,1000,ImageNet-1K,787456,302358528,2048,1025000,deit3,deit3_large_patch16_384_in21ft1k,1.0
deit3_medium_patch16_224,38849512,226,0,1,49,0,0,25,0,13,1000,ImageNet-1K,393728,37840896,1024,513000,deit3,deit3_medium_patch16_224,0.9
deit3_medium_patch16_224_in21ft1k,38849512,226,0,1,49,0,0,25,0,13,1000,ImageNet-1K,393728,37840896,1024,513000,deit3,deit3_medium_patch16_224_in21ft1k,1.0
deit3_small_patch16_224,22059496,226,0,1,49,0,0,25,0,13,1000,ImageNet-1K,295296,21302784,768,385000,deit3,deit3_small_patch16_224,0.9
deit3_small_patch16_224_in21ft1k,22059496,226,0,1,49,0,0,25,0,13,1000,ImageNet-1K,295296,21302784,768,385000,deit3,deit3_small_patch16_224_in21ft1k,1.0
deit3_small_patch16_384,22205416,226,0,1,49,0,0,25,0,13,1000,ImageNet-1K,295296,21302784,768,385000,deit3,deit3_small_patch16_384,1.0
deit3_small_patch16_384_in21ft1k,22205416,226,0,1,49,0,0,25,0,13,1000,ImageNet-1K,295296,21302784,768,385000,deit3,deit3_small_patch16_384_in21ft1k,1.0
deit_base_distilled_patch16_224,87338192,227,0,1,50,0,0,25,0,13,1000,ImageNet-1K,590592,85054464,1536,769000,deit,deit_base_distilled_patch16_224,0.9
deit_base_distilled_patch16_384,87630032,227,0,1,50,0,0,25,0,13,1000,ImageNet-1K,590592,85054464,1536,769000,deit,deit_base_distilled_patch16_384,1.0
deit_base_patch16_224,86567656,226,0,1,49,0,0,25,0,13,1000,ImageNet-1K,590592,85054464,1536,769000,deit,deit_base_patch16_224,0.9
deit_base_patch16_384,86859496,226,0,1,49,0,0,25,0,13,1000,ImageNet-1K,590592,85054464,1536,769000,deit,deit_base_patch16_384,1.0
deit_small_distilled_patch16_224,22436432,227,0,1,50,0,0,25,0,13,1000,ImageNet-1K,295296,21293568,768,385000,deit,deit_small_distilled_patch16_224,0.9
deit_small_patch16_224,22050664,226,0,1,49,0,0,25,0,13,1000,ImageNet-1K,295296,21293568,768,385000,deit,deit_small_patch16_224,0.9
deit_tiny_distilled_patch16_224,5910800,227,0,1,50,0,0,25,0,13,1000,ImageNet-1K,147648,5338368,384,193000,deit,deit_tiny_distilled_patch16_224,0.9
deit_tiny_patch16_224,5717416,226,0,1,49,0,0,25,0,13,1000,ImageNet-1K,147648,5338368,384,193000,deit,deit_tiny_patch16_224,0.9
densenet121,7978856,558,0,120,1,0,4,121,0,0,1000,ImageNet-1K,6953856,N/A,N/A,1025000,densenet,densenet121,0.875
densenet161,28681000,738,0,160,1,0,4,161,0,0,1000,ImageNet-1K,26472000,N/A,N/A,2209000,densenet,densenet161,0.875
densenet169,14149480,774,0,168,1,0,4,169,0,0,1000,ImageNet-1K,12484480,N/A,N/A,1665000,densenet,densenet169,0.875
densenet201,20013928,918,0,200,1,0,4,201,0,0,1000,ImageNet-1K,18092928,N/A,N/A,1921000,densenet,densenet201,0.875
densenetblur121d,7998088,568,0,122,1,0,4,123,0,0,1000,ImageNet-1K,6973088,N/A,N/A,1025000,densenet,densenetblur121d,0.875
dla34,15742104,146,0,38,0,0,6,37,0,0,1000,ImageNet-1K,2384,9050112,2336,0,dla,dla34,0.875
dla46_c,1301400,168,0,49,0,12,6,48,0,0,1000,ImageNet-1K,2384,609280,2336,0,dla,dla46_c,0.875
dla46x_c,1068440,168,0,49,0,12,6,48,0,0,1000,ImageNet-1K,2384,466944,2336,0,dla,dla46x_c,0.875
dla60,22036632,222,0,64,0,16,7,63,0,0,1000,ImageNet-1K,2384,9917440,2336,0,dla,dla60,0.875
dla60_res2net,20848072,322,0,96,0,0,11,95,0,0,1000,ImageNet-1K,2384,9436416,2336,0,res2net,dla60_res2net,0.875
dla60_res2next,17032984,322,0,96,0,0,11,95,0,0,1000,ImageNet-1K,2384,7678976,2336,0,res2next,dla60_res2next,0.875
dla60x,17352344,222,0,64,0,16,7,63,0,0,1000,ImageNet-1K,2384,7828480,2336,0,dla,dla60x,0.875
dla60x_c,1319832,220,0,63,0,16,7,62,0,0,1000,ImageNet-1K,2384,494848,2336,0,dla,dla60x_c,0.875
dla102,33268888,378,0,106,0,28,9,105,0,0,1000,ImageNet-1K,2384,19899392,2336,0,dla,dla102,0.875
dla102x,26309272,378,0,106,0,28,9,105,0,0,1000,ImageNet-1K,2384,15787008,2336,0,dla,dla102x,0.875
dla102x2,41282200,378,0,106,0,28,9,105,0,0,1000,ImageNet-1K,2384,25256960,2336,0,dla,dla102x2,0.875
dla169,53389720,612,0,169,0,46,11,168,0,0,1000,ImageNet-1K,2384,39863296,2336,0,dla,dla169,0.875
dm_nfnet_f0,71489284,226,0,81,1,0,3,0,0,0,1000,ImageNet-1K,97680,63593856,4724736,3073000,nfnet,dm_nfnet_f0,0.9
dm_nfnet_f1,132634256,418,0,153,1,0,3,0,0,0,1000,ImageNet-1K,97680,124738816,4724736,3073000,nfnet,dm_nfnet_f1,0.91
dm_nfnet_f2,193779228,610,0,225,1,0,3,0,0,0,1000,ImageNet-1K,97680,185883776,4724736,3073000,nfnet,dm_nfnet_f2,0.92
dm_nfnet_f3,254924200,802,0,297,1,0,3,0,0,0,1000,ImageNet-1K,97680,247028736,4724736,3073000,nfnet,dm_nfnet_f3,0.94
dm_nfnet_f4,316069172,994,0,369,1,0,3,0,0,0,1000,ImageNet-1K,97680,308173696,4724736,3073000,nfnet,dm_nfnet_f4,0.951
dm_nfnet_f5,377214144,1186,0,441,1,0,3,0,0,0,1000,ImageNet-1K,97680,369318656,4724736,3073000,nfnet,dm_nfnet_f5,0.954
dm_nfnet_f6,438359116,1378,0,513,1,0,3,0,0,0,1000,ImageNet-1K,97680,430463616,4724736,3073000,nfnet,dm_nfnet_f6,0.956
dpn68,12611602,389,0,72,0,0,1,72,0,0,1000,ImageNet-1K,11778602,833000,833000,0,dpn,dpn68,0.875
dpn68b,12611602,411,0,94,0,0,1,72,0,0,1000,ImageNet-1K,11778602,833000,833000,0,dpn,dpn68b,0.875
dpn92,37668392,517,0,96,0,0,1,96,0,0,1000,ImageNet-1K,34979392,2689000,2689000,0,dpn,dpn92,0.875
dpn98,61570728,549,0,102,0,0,1,102,0,0,1000,ImageNet-1K,58881728,2689000,2689000,0,dpn,dpn98,0.875
dpn107,86917800,597,0,111,0,0,1,111,0,0,1000,ImageNet-1K,84228800,2689000,2689000,0,dpn,dpn107,0.875
dpn131,79254504,725,0,135,0,0,1,135,0,0,1000,ImageNet-1K,76565504,2689000,2689000,0,dpn,dpn131,0.875
eca_botnext26ts_256,10593301,232,0,31,1,8,2,31,0,0,1000,ImageNet-1K,26232,8487349,8487349,2049000,botnext,eca_botnext26ts_256,0.95
eca_halonext26ts,10756885,235,0,34,1,5,1,31,0,0,1000,ImageNet-1K,26232,8650933,8650933,2049000,halonext,eca_halonext26ts,0.94
eca_nfnet_l0,24143924,190,0,57,1,0,3,0,0,0,1000,ImageNet-1K,97680,18197692,3543552,2305000,nfnet,eca_nfnet_l0,1.0
eca_nfnet_l1,41407728,346,0,105,1,0,3,0,0,0,1000,ImageNet-1K,97680,33512312,4724736,3073000,nfnet,eca_nfnet_l1,1.0
eca_nfnet_l2,56722348,502,0,153,1,0,3,0,0,0,1000,ImageNet-1K,97680,48826932,4724736,3073000,nfnet,eca_nfnet_l2,1.0
eca_resnet33ts,19676302,289,0,38,1,10,0,38,0,0,1000,ImageNet-1K,26232,16363566,1966080,1281000,resnet,eca_resnet33ts,0.9
eca_resnext26ts,10297988,238,0,31,1,8,1,31,0,0,1000,ImageNet-1K,26232,8192036,8192036,2049000,resnext,eca_resnext26ts,0.9
ecaresnet26t,16011916,156,8,31,1,8,4,31,0,0,1000,ImageNet-1K,26104,10502158,128,2049000,resnet,ecaresnet26t,0.95
ecaresnet50d,25576350,276,16,55,1,16,4,55,0,0,1000,ImageNet-1K,28640,14964757,128,2049000,resnet,ecaresnet50d,0.875
ecaresnet50d_pruned,19939713,276,16,55,1,16,4,55,0,0,1000,ImageNet-1K,28640,12241013,128,2023000,resnet,ecaresnet50d_pruned,0.875
ecaresnet50t,25573814,276,16,55,1,16,4,55,0,0,1000,ImageNet-1K,26104,14964757,128,2049000,resnet,ecaresnet50t,0.95
ecaresnet101d,44568563,531,33,106,1,33,4,106,0,0,1000,ImageNet-1K,28640,26090611,128,2049000,resnet,ecaresnet101d,0.875
ecaresnet101d_pruned,24876040,531,33,106,1,33,4,106,0,0,1000,ImageNet-1K,28640,11450552,128,2043000,resnet,ecaresnet101d_pruned,0.875
ecaresnet269d,102093077,1371,89,274,1,89,4,274,0,0,1000,ImageNet-1K,28640,54020336,128,2049000,resnet,ecaresnet269d,1.0
ecaresnetlight,30162046,269,16,53,1,16,4,53,0,0,1000,ImageNet-1K,9408,14964757,128,2049000,resnet,ecaresnetlight,0.875
edgenext_base,18511292,238,0,26,43,0,0,26,0,0,1000,ImageNet-1K,4080,17914924,17914924,586168,edgenext,edgenext_base,0.95
edgenext_small,5586832,238,0,26,43,0,0,26,0,0,1000,ImageNet-1K,2448,5275408,5275408,305608,edgenext,edgenext_small,0.95
edgenext_small_rw,7826512,232,0,23,43,0,0,23,0,0,1000,ImageNet-1K,11760,7424976,7424976,385768,edgenext,edgenext_small_rw,0.9
edgenext_x_small,2336804,238,0,26,43,0,0,26,0,0,1000,ImageNet-1K,1632,2139656,2139656,193384,edgenext,edgenext_x_small,0.9
edgenext_xx_small,1327216,178,0,20,31,0,0,20,0,0,1000,ImageNet-1K,1224,1155332,1155332,169336,edgenext,edgenext_xx_small,0.9
efficientformer_l1,12289928,228,0,33,6,0,14,36,0,1,1000,ImageNet-1K,11232,11379408,896,449000,efficientformer,efficientformer_l1,0.95
efficientformer_l3,31406000,377,0,49,18,0,22,58,0,4,1000,ImageNet-1K,19584,30357824,1024,513000,efficientformer,efficientformer_l3,0.95
efficientformer_l7,82229328,541,0,65,34,0,30,82,0,8,1000,ImageNet-1K,43200,80643456,1536,769000,efficientformer,efficientformer_l7,0.95
efficientnet_b0,5288548,321,0,81,1,0,0,49,0,0,1000,ImageNet-1K,864,3555068,409600,1281000,efficientnet,efficientnet_b0,0.875
efficientnet_b1,7794184,450,0,115,1,0,0,69,0,0,1000,ImageNet-1K,864,6040672,409600,1281000,efficientnet,efficientnet_b1,1.0
efficientnet_b1_pruned,6331916,450,0,115,1,0,0,69,0,0,1000,ImageNet-1K,864,4596406,409600,1281000,efficientnet,efficientnet_b1_pruned,0.882
efficientnet_b2,9109994,450,0,115,1,0,0,69,0,0,1000,ImageNet-1K,864,7136946,495616,1409000,efficientnet,efficientnet_b2,1.0
efficientnet_b2_pruned,8309737,450,0,115,1,0,0,69,0,0,1000,ImageNet-1K,864,6348103,495616,1409000,efficientnet,efficientnet_b2_pruned,0.89
efficientnet_b3,12233232,507,0,130,1,0,0,78,0,0,1000,ImageNet-1K,1080,10018032,589824,1537000,efficientnet,efficientnet_b3,1.0
efficientnet_b3_pruned,9855020,507,0,130,1,0,0,78,0,0,1000,ImageNet-1K,1080,7665274,589824,1537000,efficientnet,efficientnet_b3_pruned,0.904
efficientnet_b4,19341616,621,0,160,1,0,0,96,0,0,1000,ImageNet-1K,1296,16619304,802816,1793000,efficientnet,efficientnet_b4,1.0
efficientnet_el,10589712,381,0,72,1,0,0,72,0,0,1000,ImageNet-1K,1080,8603072,356352,1537000,efficientnet,efficientnet_el,0.904
efficientnet_el_pruned,10589712,381,0,72,1,0,0,72,0,0,1000,ImageNet-1K,1080,8603072,356352,1537000,efficientnet,efficientnet_el_pruned,0.904
efficientnet_em,6899496,340,0,64,1,0,0,64,0,0,1000,ImageNet-1K,864,5304064,245760,1281000,efficientnet,efficientnet_em,0.882
efficientnet_es,5438392,262,0,49,1,0,0,49,0,0,1000,ImageNet-1K,864,3859328,245760,1281000,efficientnet,efficientnet_es,0.875
efficientnet_es_pruned,5438392,262,0,49,1,0,0,49,0,0,1000,ImageNet-1K,864,3859328,245760,1281000,efficientnet,efficientnet_es_pruned,0.875
efficientnet_lite0,4652008,257,0,49,1,0,0,49,0,0,1000,ImageNet-1K,864,2918528,409600,1281000,efficientnet,efficientnet_lite0,0.875
efficientnetv2_rw_m,53236442,1056,0,263,1,0,0,169,0,0,1000,ImageNet-1K,864,50069490,705856,2153000,efficientnetv2,efficientnetv2_rw_m,1.0
efficientnetv2_rw_s,23941296,700,0,172,1,0,0,112,0,0,1000,ImageNet-1K,648,21499376,487424,1793000,efficientnetv2,efficientnetv2_rw_s,1.0
efficientnetv2_rw_t,13649388,671,0,165,1,0,0,107,0,0,1000,ImageNet-1K,648,12291724,212992,1025000,efficientnetv2,efficientnetv2_rw_t,1.0
ens_adv_inception_resnet_v2,55843464,1008,0,244,1,0,5,204,0,0,1000,ImageNet-1K,928,22535680,5280,1537000,inception_resnet,ens_adv_inception_resnet_v2,0.8975
ese_vovnet19b_dw,6543080,169,0,41,1,0,3,23,0,0,1000,ImageNet-1K,11456,5495872,5495872,1025000,vovnet,ese_vovnet19b_dw,0.875
ese_vovnet39b,24568936,239,0,43,1,0,3,39,0,0,1000,ImageNet-1K,112832,23411200,23411200,1025000,vovnet,ese_vovnet39b,0.875
fbnetc_100,5572200,336,0,65,1,0,0,65,0,0,1000,ImageNet-1K,432,2844032,698368,1985000,fbnet,fbnetc_100,0.875
fbnetv3_b,8598464,525,0,124,1,0,0,87,0,0,1000,ImageNet-1K,432,3900136,2666496,1985000,fbnet,fbnetv3_b,0.95
fbnetv3_d,10306272,574,0,135,1,0,0,96,0,0,1000,ImageNet-1K,648,5407056,2856960,1985000,fbnet,fbnetv3_d,0.95
fbnetv3_g,16623888,646,0,154,1,0,0,107,0,0,1000,ImageNet-1K,864,11118808,3428352,1985000,fbnet,fbnetv3_g,0.95
gc_efficientnetv2_rw_t,13677713,787,0,194,1,0,0,136,0,0,1000,ImageNet-1K,648,12320049,212992,1025000,efficientnetv2,gc_efficientnetv2_rw_t,1.0
gcresnet33ts,19880698,349,0,68,1,10,0,48,0,0,1000,ImageNet-1K,26232,16567962,1966080,1281000,resnet,gcresnet33ts,0.9
gcresnet50t,25897080,525,0,103,1,16,0,71,0,0,1000,ImageNet-1K,26232,23768856,23768856,2049000,resnet,gcresnet50t,0.9
gcresnext26ts,10476600,286,0,55,1,8,1,39,0,0,1000,ImageNet-1K,26232,8370648,8370648,2049000,resnext,gcresnext26ts,0.9
gcresnext50ts,15667320,526,0,103,1,16,1,71,0,0,1000,ImageNet-1K,26232,13539096,13539096,2049000,resnext,gcresnext50ts,0.9
gcvit_base,90320836,755,0,49,125,0,5,71,0,31,1000,ImageNet-1K,177280,89118556,89118556,1025000,gcvit,gcvit_base,0.875
gcvit_small,51092173,755,0,49,125,0,5,71,0,31,1000,ImageNet-1K,100704,50222469,50222469,769000,gcvit,gcvit_small,0.875
gcvit_tiny,28221974,755,0,49,125,0,5,71,0,31,1000,ImageNet-1K,45632,27663342,27663342,513000,gcvit,gcvit_tiny,0.875
gcvit_xtiny,19981294,508,0,49,73,0,5,45,0,18,1000,ImageNet-1K,45632,19422662,19422662,513000,gcvit,gcvit_xtiny,0.875
gcvit_xxtiny,11995428,394,0,49,49,0,5,33,0,12,1000,ImageNet-1K,45632,11436796,11436796,513000,gcvit,gcvit_xxtiny,0.875
gernet_l,31078280,417,3,57,1,15,0,57,0,0,1000,ImageNet-1K,928,26775424,1638400,2561000,gernet,gernet_l,0.875
gernet_m,21142920,329,3,45,1,11,0,45,0,0,1000,ImageNet-1K,928,16875904,1638400,2561000,gernet,gernet_m,0.875
gernet_s,8173761,327,4,45,1,10,0,45,0,0,1000,ImageNet-1K,377,5726336,491520,1921000,gernet,gernet_s,0.875
ghostnet_100,5182508,411,0,95,1,16,0,80,0,0,1000,ImageNet-1K,432,2669044,32,1281000,ghostnet,ghostnet_100,0.875
gluon_inception_v3,23834568,300,0,94,1,0,2,94,0,0,1000,ImageNet-1K,928,6076800,5280,2049000,inception_v3,gluon_inception_v3,0.875
gluon_resnet18_v1b,11689512,94,8,20,1,0,1,20,0,0,1000,ImageNet-1K,9408,8393728,128,513000,resnet,gluon_resnet18_v1b,0.875
gluon_resnet34_v1b,21797672,166,16,36,1,0,1,36,0,0,1000,ImageNet-1K,9408,13114368,128,513000,resnet,gluon_resnet34_v1b,0.875
gluon_resnet50_v1b,25557032,217,16,53,1,16,1,53,0,0,1000,ImageNet-1K,9408,14964736,128,2049000,resnet,gluon_resnet50_v1b,0.875
gluon_resnet50_v1c,25576264,224,16,55,1,16,1,55,0,0,1000,ImageNet-1K,28640,14964736,128,2049000,resnet,gluon_resnet50_v1c,0.875
gluon_resnet50_v1d,25576264,228,16,55,1,16,4,55,0,0,1000,ImageNet-1K,28640,14964736,128,2049000,resnet,gluon_resnet50_v1d,0.875
gluon_resnet50_v1s,25680808,224,16,55,1,16,1,55,0,0,1000,ImageNet-1K,112576,14964736,256,2049000,resnet,gluon_resnet50_v1s,0.875
gluon_resnet101_v1b,44549160,421,33,104,1,33,1,104,0,0,1000,ImageNet-1K,9408,26090496,128,2049000,resnet,gluon_resnet101_v1b,0.875
gluon_resnet101_v1c,44568392,428,33,106,1,33,1,106,0,0,1000,ImageNet-1K,28640,26090496,128,2049000,resnet,gluon_resnet101_v1c,0.875
gluon_resnet101_v1d,44568392,432,33,106,1,33,4,106,0,0,1000,ImageNet-1K,28640,26090496,128,2049000,resnet,gluon_resnet101_v1d,0.875
gluon_resnet101_v1s,44672936,428,33,106,1,33,1,106,0,0,1000,ImageNet-1K,112576,26090496,256,2049000,resnet,gluon_resnet101_v1s,0.875
gluon_resnet152_v1b,60192808,625,50,155,1,50,1,155,0,0,1000,ImageNet-1K,9408,40613888,128,2049000,resnet,gluon_resnet152_v1b,0.875
gluon_resnet152_v1c,60212040,632,50,157,1,50,1,157,0,0,1000,ImageNet-1K,28640,40613888,128,2049000,resnet,gluon_resnet152_v1c,0.875
gluon_resnet152_v1d,60212040,636,50,157,1,50,4,157,0,0,1000,ImageNet-1K,28640,40613888,128,2049000,resnet,gluon_resnet152_v1d,0.875
gluon_resnet152_v1s,60316584,632,50,157,1,50,1,157,0,0,1000,ImageNet-1K,112576,40613888,256,2049000,resnet,gluon_resnet152_v1s,0.875
gluon_resnext50_32x4d,25028904,217,16,53,1,16,1,53,0,0,1000,ImageNet-1K,9408,14544896,128,2049000,resnext,gluon_resnext50_32x4d,0.875
gluon_resnext101_32x4d,44177704,421,33,104,1,33,1,104,0,0,1000,ImageNet-1K,9408,26171392,128,2049000,resnext,gluon_resnext101_32x4d,0.875
gluon_resnext101_64x4d,83455272,421,33,104,1,33,1,104,0,0,1000,ImageNet-1K,9408,51769344,128,2049000,resnext,gluon_resnext101_64x4d,0.875
gluon_senet154,115088984,932,50,257,1,50,1,157,0,0,1000,ImageNet-1K,112576,68677888,256,2049000,senet,gluon_senet154,0.875
gluon_seresnext50_32x4d,27559896,313,16,85,1,16,1,53,0,0,1000,ImageNet-1K,9408,16124288,128,2049000,resnext,gluon_seresnext50_32x4d,0.875
gluon_seresnext101_32x4d,48955416,619,33,170,1,33,1,104,0,0,1000,ImageNet-1K,9408,29211072,128,2049000,resnext,gluon_seresnext101_32x4d,0.875
gluon_seresnext101_64x4d,88232984,619,33,170,1,33,1,104,0,0,1000,ImageNet-1K,9408,54809024,128,2049000,resnext,gluon_seresnext101_64x4d,0.875
gluon_xception65,39916312,442,0,132,1,0,0,132,0,0,1000,ImageNet-1K,864,25893504,64,2049000,xception,gluon_xception65,0.903
gmixer_24_224,24721096,391,0,1,97,0,0,49,0,0,1000,ImageNet-1K,295296,24040032,768,385000,mixer,gmixer_24_224,0.875
gmlp_s16_224,19422656,367,0,1,91,0,0,61,0,0,1000,ImageNet-1K,196864,18968280,512,257000,gm,gmlp_s16_224,0.875
halo2botnet50ts_256,22635360,402,0,60,1,11,0,55,0,0,1000,ImageNet-1K,26232,20507136,20507136,2049000,botnet,halo2botnet50ts_256,0.95
halonet26t,12480288,225,0,34,1,5,1,31,0,0,1000,ImageNet-1K,26232,10374336,10374336,2049000,halonet,halonet26t,0.95
halonet50ts,22733280,403,0,60,1,11,1,55,0,0,1000,ImageNet-1K,26232,20605056,20605056,2049000,halonet,halonet50ts,0.94
haloregnetz_b,11680072,592,0,107,1,17,1,68,0,0,1000,ImageNet-1K,928,9650048,442368,1537000,regnetz,haloregnetz_b,0.94
hardcorenas_a,5260232,219,0,51,1,0,0,34,0,0,1000,ImageNet-1K,864,2727904,1230080,1281000,hardcorenas,hardcorenas_a,0.875
hardcorenas_b,5176544,308,0,64,1,0,0,55,0,0,1000,ImageNet-1K,864,2639480,1230080,1281000,hardcorenas,hardcorenas_b,0.875
hardcorenas_c,5521224,316,0,68,1,0,0,55,0,0,1000,ImageNet-1K,864,2981856,1230080,1281000,hardcorenas,hardcorenas_c,0.875
hardcorenas_d,7500208,360,0,90,1,0,0,55,0,0,1000,ImageNet-1K,864,4955096,1230080,1281000,hardcorenas,hardcorenas_d,0.875
hardcorenas_e,8070992,341,0,85,1,0,0,52,0,0,1000,ImageNet-1K,864,5523272,1230080,1281000,hardcorenas,hardcorenas_e,0.875
hardcorenas_f,8199688,341,0,85,1,0,0,52,0,0,1000,ImageNet-1K,864,5650368,1230080,1281000,hardcorenas,hardcorenas_f,0.875
hrnet_w18,21299004,1533,112,325,1,8,0,325,0,0,1000,ImageNet-1K,1728,6708636,128,2049000,hrnet,hrnet_w18,0.875
hrnet_w18_small,13187464,440,23,91,1,5,0,91,0,0,1000,ImageNet-1K,1728,6198528,128,2049000,hrnet,hrnet_w18_small,0.875
hrnet_w18_small_v2,15597464,794,44,164,1,6,0,164,0,0,1000,ImageNet-1K,1728,6198528,128,2049000,hrnet,hrnet_w18_small_v2,0.875
hrnet_w30,37712220,1533,112,325,1,8,0,325,0,0,1000,ImageNet-1K,1728,18614700,128,2049000,hrnet,hrnet_w30,0.875
hrnet_w32,41232680,1533,112,325,1,8,0,325,0,0,1000,ImageNet-1K,1728,21177216,128,2049000,hrnet,hrnet_w32,0.875
hrnet_w40,57557160,1533,112,325,1,8,0,325,0,0,1000,ImageNet-1K,1728,33079200,128,2049000,hrnet,hrnet_w40,0.875
hrnet_w44,67064984,1533,112,325,1,8,0,325,0,0,1000,ImageNet-1K,1728,40021344,128,2049000,hrnet,hrnet_w44,0.875
hrnet_w48,77469864,1533,112,325,1,8,0,325,0,0,1000,ImageNet-1K,1728,47624256,128,2049000,hrnet,hrnet_w48,0.875
hrnet_w64,128059944,1533,112,325,1,8,0,325,0,0,1000,ImageNet-1K,1728,84643584,128,2049000,hrnet,hrnet_w64,0.875
ig_resnext101_32x8d,88791336,421,33,104,1,33,1,104,0,0,1000,ImageNet-1K,9408,55160832,128,2049000,resnext,ig_resnext101_32x8d,0.875
ig_resnext101_32x16d,194026792,421,33,104,1,33,1,104,0,0,1000,ImageNet-1K,9408,123314176,128,2049000,resnext,ig_resnext101_32x16d,0.875
ig_resnext101_32x32d,468530472,421,33,104,1,33,1,104,0,0,1000,ImageNet-1K,9408,300318720,128,2049000,resnext,ig_resnext101_32x32d,0.875
ig_resnext101_32x48d,828411176,421,33,104,1,33,1,104,0,0,1000,ImageNet-1K,9408,531587072,128,2049000,resnext,ig_resnext101_32x48d,0.875
inception_resnet_v2,55843464,1008,0,244,1,0,5,204,0,0,1000,ImageNet-1K,928,22535680,5280,1537000,inception_resnet,inception_resnet_v2,0.8975
inception_v3,23834568,300,0,94,1,0,2,94,0,0,1000,ImageNet-1K,928,6076800,5280,2049000,inception_v3,inception_v3,0.875
inception_v4,42679816,680,0,149,1,0,18,149,0,0,1000,ImageNet-1K,41142816,N/A,N/A,1537000,inception_v4,inception_v4,0.875
jx_nest_base,67723368,385,0,3,97,0,2,51,0,48,1000,ImageNet-1K,6272,66500608,1024,513000,nest,jx_nest_base,0.875
jx_nest_small,38351176,385,0,3,97,0,2,51,0,48,1000,ImageNet-1K,4704,37433856,768,385000,nest,jx_nest_small,0.875
jx_nest_tiny,17057608,205,0,3,49,0,2,27,0,24,1000,ImageNet-1K,4704,16140288,768,385000,nest,jx_nest_tiny,0.875
lambda_resnet26rpt_256,10988688,225,0,31,1,5,2,37,0,0,1000,ImageNet-1K,26232,8848384,8848384,2049000,resnet,lambda_resnet26rpt_256,0.94
lambda_resnet26t,10958272,228,0,31,1,5,2,37,0,0,1000,ImageNet-1K,26232,8852320,8852320,2049000,resnet,lambda_resnet26t,0.94
lambda_resnet50ts,21536832,408,0,55,1,11,1,65,0,0,1000,ImageNet-1K,26232,19408608,19408608,2049000,resnet,lambda_resnet50ts,0.95
lamhalobotnet50ts_256,22569824,404,0,58,1,11,0,59,0,0,1000,ImageNet-1K,26232,20441600,20441600,2049000,botnet,lamhalobotnet50ts_256,0.95
lcnet_050,1880856,170,0,32,1,0,0,27,0,0,1000,ImageNet-1K,216,328960,265208,1281000,lcnet,lcnet_050,0.875
lcnet_075,2358288,170,0,32,1,0,0,27,0,0,1000,ImageNet-1K,432,575832,492800,1281000,lcnet,lcnet_075,0.875
lcnet_100,2953800,170,0,32,1,0,0,27,0,0,1000,ImageNet-1K,432,1004784,656640,1281000,lcnet,lcnet_100,0.875
legacy_senet154,115088984,682,0,257,1,50,1,157,0,0,1000,ImageNet-1K,112832,68677888,354864,2049000,senet,legacy_senet154,0.875
legacy_seresnet18,11778592,111,0,36,1,0,1,20,0,0,1000,ImageNet-1K,9536,8460352,149128,513000,seresnet,legacy_seresnet18,0.875
legacy_seresnet34,21958868,199,0,68,1,0,1,36,0,0,1000,ImageNet-1K,9536,13214304,223692,513000,seresnet,legacy_seresnet34,0.875
legacy_seresnet50,28088024,234,0,85,1,16,1,53,0,0,1000,ImageNet-1K,9536,16544128,241200,2049000,seresnet,legacy_seresnet50,0.875
legacy_seresnet101,49326872,455,0,170,1,33,1,104,0,0,1000,ImageNet-1K,9536,29130176,241200,2049000,seresnet,legacy_seresnet101,0.875
legacy_seresnet152,66821848,676,0,255,1,50,1,155,0,0,1000,ImageNet-1K,9536,45371648,241200,2049000,seresnet,legacy_seresnet152,0.875
legacy_seresnext26_32x4d,16790280,130,0,45,1,8,1,29,0,0,1000,ImageNet-1K,9536,11100416,151584,2049000,resnext,legacy_seresnext26_32x4d,0.875
legacy_seresnext50_32x4d,27559896,234,0,85,1,16,1,53,0,0,1000,ImageNet-1K,9536,16124288,231216,2049000,resnext,legacy_seresnext50_32x4d,0.875
legacy_seresnext101_32x4d,48955416,455,0,170,1,33,1,104,0,0,1000,ImageNet-1K,9536,29211072,231216,2049000,resnext,legacy_seresnext101_32x4d,0.875
levit_128,9213936,298,0,4,60,0,0,4,0,14,1000,ImageNet-1K,97680,8336896,385768,385768,levit,levit_128,0.9
levit_128s,7777058,241,0,4,48,0,0,4,0,11,1000,ImageNet-1K,97680,6902528,385768,385768,levit,levit_128s,0.9
levit_192,10947069,298,0,4,60,0,0,4,0,14,1000,ImageNet-1K,219096,9951104,385768,385768,levit,levit_192,0.9
levit_256,18893876,298,0,4,60,0,0,4,0,14,1000,ImageNet-1K,388896,17469952,514024,514024,levit,levit_256,0.9
levit_384,39128836,298,0,4,60,0,0,4,0,14,1000,ImageNet-1K,873648,36703744,770536,770536,levit,levit_384,0.9
maxvit_nano_rw_256,15451148,458,0,40,57,0,4,51,0,28,1000,ImageNet-1K,19360,14897028,1024,513000,maxvit,maxvit_nano_rw_256,0.95
maxvit_rmlp_nano_rw_256,15501452,556,0,40,85,0,4,51,0,28,1000,ImageNet-1K,19360,14947332,1024,513000,maxvit,maxvit_rmlp_nano_rw_256,0.95
maxvit_rmlp_pico_rw_256,7515980,856,0,60,133,0,4,79,0,44,1000,ImageNet-1K,7608,7230700,512,257000,maxvit,maxvit_rmlp_pico_rw_256,0.95
maxvit_rmlp_tiny_rw_256,29148896,856,0,60,133,0,4,79,0,44,1000,ImageNet-1K,19360,28575192,1024,513000,maxvit,maxvit_rmlp_tiny_rw_256,0.95
maxvit_tiny_rw_224,29057312,702,0,60,89,0,4,79,0,44,1000,ImageNet-1K,19360,28483608,1024,513000,maxvit,maxvit_tiny_rw_224,0.95
mixer_b16_224,59880472,199,0,1,49,0,0,25,0,0,1000,ImageNet-1K,590592,58519344,1536,769000,mixer,mixer_b16_224,0.875
mixer_b16_224_in21k,75908739,199,0,1,49,0,0,25,0,0,21843,ImageNet-21K,590592,58519344,1536,16797267,mixer,mixer_b16_224_in21k,0.875
mixer_b16_224_miil,59880472,199,0,1,49,0,0,25,0,0,1000,ImageNet-1K,590592,58519344,1536,769000,mixer,mixer_b16_224_miil,0.875
mixer_b16_224_miil_in21k,67740421,199,0,1,49,0,0,25,0,0,11221,ImageNet-21K-P,590592,58519344,1536,8628949,mixer,mixer_b16_224_miil_in21k,0.875
mixer_l16_224,208196168,391,0,1,97,0,0,49,0,0,1000,ImageNet-1K,787456,206381664,2048,1025000,mixer,mixer_l16_224,0.875
mixer_l16_224_in21k,229560243,391,0,1,97,0,0,49,0,0,21843,ImageNet-21K,787456,206381664,2048,22389075,mixer,mixer_l16_224_in21k,0.875
mixnet_l,7329252,471,0,155,1,0,0,58,0,0,1000,ImageNet-1K,864,5331612,405504,1537000,mixnet,mixnet_l,0.875
mixnet_m,5014382,471,0,155,1,0,0,58,0,0,1000,ImageNet-1K,648,3127822,307200,1537000,mixnet,mixnet_m,0.875
mixnet_s,4134606,390,0,123,1,0,0,49,0,0,1000,ImageNet-1K,432,2257782,307200,1537000,mixnet,mixnet_s,0.875
mixnet_xl,11896768,575,0,192,1,0,0,70,0,0,1000,ImageNet-1K,1080,9786352,491520,1537000,mixnet,mixnet_xl,0.875
mnasnet_100,4383312,272,0,52,1,0,0,52,0,0,1000,ImageNet-1K,864,2653928,409600,1281000,nasnet,mnasnet_100,0.875
mnasnet_small,2030264,282,0,66,1,0,0,46,0,0,1000,ImageNet-1K,216,547800,184320,1281000,nasnet,mnasnet_small,0.875
mobilenetv2_050,1968680,272,0,52,1,0,0,52,0,0,1000,ImageNet-1K,432,463904,204800,1281000,mobilenetv2,mobilenetv2_050,0.875
mobilenetv2_100,3504872,272,0,52,1,0,0,52,0,0,1000,ImageNet-1K,864,1779296,409600,1281000,mobilenetv2,mobilenetv2_100,0.875
mobilenetv2_110d,4516520,347,0,67,1,0,0,67,0,0,1000,ImageNet-1K,864,2736608,450560,1281000,mobilenetv2,mobilenetv2_110d,0.875
mobilenetv2_120d,5831144,407,0,79,1,0,0,79,0,0,1000,ImageNet-1K,864,3993984,491520,1281000,mobilenetv2,mobilenetv2_120d,0.875
mobilenetv2_140,6108776,272,0,52,1,0,0,52,0,0,1000,ImageNet-1K,1296,3463728,802816,1793000,mobilenetv2,mobilenetv2_140,0.875
mobilenetv3_large_100,5483032,279,0,63,1,0,0,46,0,0,1000,ImageNet-1K,432,2947120,1230080,1281000,mobilenetv3,mobilenetv3_large_100,0.875
mobilenetv3_large_100_miil,5483032,279,0,63,1,0,0,46,0,0,1000,ImageNet-1K,432,2947120,1230080,1281000,mobilenetv3,mobilenetv3_large_100_miil,0.875
mobilenetv3_large_100_miil_in21k,18576133,279,0,63,1,0,0,46,0,0,11221,ImageNet-21K-P,432,2947120,1230080,14374101,mobilenetv3,mobilenetv3_large_100_miil_in21k,0.875
mobilenetv3_rw,5479918,279,0,63,1,0,0,46,0,0,1000,ImageNet-1K,432,2945286,1228800,1281000,mobilenetv3,mobilenetv3_rw,0.875
mobilenetv3_small_050,1593224,222,0,53,1,0,0,34,0,0,1000,ImageNet-1K,432,295936,265360,1025000,mobilenetv3,mobilenetv3_small_050,0.875
mobilenetv3_small_075,2041872,222,0,53,1,0,0,34,0,0,1000,ImageNet-1K,432,563368,443392,1025000,mobilenetv3,mobilenetv3_small_075,0.875
mobilenetv3_small_100,2542856,222,0,53,1,0,0,34,0,0,1000,ImageNet-1K,432,914464,590848,1025000,mobilenetv3,mobilenetv3_small_100,0.875
mobilevit_s,5578632,391,0,35,37,7,0,53,0,9,1000,ImageNet-1K,464,4822544,102400,641000,mobilevit,mobilevit_s,0.9
mobilevit_xs,2317848,391,0,35,37,7,0,53,0,9,1000,ImageNet-1K,464,1887104,36864,385000,mobilevit,mobilevit_xs,0.9
mobilevit_xxs,1272024,392,0,35,37,7,0,53,0,9,1000,ImageNet-1K,464,920880,25600,321000,mobilevit,mobilevit_xxs,0.9
mobilevitv2_050,1370593,332,0,64,1,6,0,25,0,18,1000,ImageNet-1K,464,1105385,1105385,257000,mobilevitv2,mobilevitv2_050,0.888
mobilevitv2_075,2866009,332,0,64,1,6,0,25,0,18,1000,ImageNet-1K,696,2468697,2468697,385000,mobilevitv2,mobilevitv2_075,0.888
mobilevitv2_100,4901841,332,0,64,1,6,0,25,0,18,1000,ImageNet-1K,928,4372425,4372425,513000,mobilevitv2,mobilevitv2_100,0.888
mobilevitv2_125,7478089,332,0,64,1,6,0,25,0,18,1000,ImageNet-1K,1160,6816569,6816569,641000,mobilevitv2,mobilevitv2_125,0.888
mobilevitv2_150,10594753,332,0,64,1,6,0,25,0,18,1000,ImageNet-1K,1392,9801129,9801129,769000,mobilevitv2,mobilevitv2_150,0.888
mobilevitv2_150_384_in22ft1k,10594753,332,0,64,1,6,0,25,0,18,1000,ImageNet-1K,1392,9801129,9801129,769000,mobilevitv2,mobilevitv2_150_384_in22ft1k,1.0
mobilevitv2_150_in22ft1k,10594753,332,0,64,1,6,0,25,0,18,1000,ImageNet-1K,1392,9801129,9801129,769000,mobilevitv2,mobilevitv2_150_in22ft1k,0.888
mobilevitv2_175,14251833,332,0,64,1,6,0,25,0,18,1000,ImageNet-1K,1624,13326105,13326105,897000,mobilevitv2,mobilevitv2_175,0.888
mobilevitv2_175_384_in22ft1k,14251833,332,0,64,1,6,0,25,0,18,1000,ImageNet-1K,1624,13326105,13326105,897000,mobilevitv2,mobilevitv2_175_384_in22ft1k,1.0
mobilevitv2_175_in22ft1k,14251833,332,0,64,1,6,0,25,0,18,1000,ImageNet-1K,1624,13326105,13326105,897000,mobilevitv2,mobilevitv2_175_in22ft1k,0.888
mobilevitv2_200,18449329,332,0,64,1,6,0,25,0,18,1000,ImageNet-1K,1856,17391497,17391497,1025000,mobilevitv2,mobilevitv2_200,0.888
mobilevitv2_200_384_in22ft1k,18449329,332,0,64,1,6,0,25,0,18,1000,ImageNet-1K,1856,17391497,17391497,1025000,mobilevitv2,mobilevitv2_200_384_in22ft1k,1.0
mobilevitv2_200_in22ft1k,18449329,332,0,64,1,6,0,25,0,18,1000,ImageNet-1K,1856,17391497,17391497,1025000,mobilevitv2,mobilevitv2_200_in22ft1k,0.888
mvitv2_base,51472744,502,0,73,100,0,3,121,0,24,1000,ImageNet-1K,14208,50515200,1536,769000,mvitv2,mvitv2_base,0.9
mvitv2_large,217992952,982,0,145,196,0,3,241,0,48,1000,ImageNet-1K,21312,216583344,2304,1153000,mvitv2,mvitv2_large,0.9
mvitv2_small,34870216,342,0,49,68,0,3,81,0,16,1000,ImageNet-1K,14208,33972960,1536,769000,mvitv2,mvitv2_small,0.9
mvitv2_tiny,24173320,222,0,31,44,0,3,51,0,10,1000,ImageNet-1K,14208,23307168,1536,769000,mvitv2,mvitv2_tiny,0.9
nasnetalarge,88753150,1505,0,488,1,0,78,264,0,0,1000,ImageNet-1K,2784,10054464,49230,4033000,nasnet,nasnetalarge,0.911
nf_regnet_b1,10223984,308,0,106,1,0,4,0,0,0,1000,ImageNet-1K,1160,8945024,316800,961000,regnet,nf_regnet_b1,0.9
nf_resnet50,25557032,157,0,53,1,0,4,0,0,0,1000,ImageNet-1K,9536,23498496,23498496,2049000,resnet,nf_resnet50,0.94
nfnet_l0,35074488,226,0,81,1,0,3,0,0,0,1000,ImageNet-1K,97680,29128256,3543552,2305000,nfnet,nfnet_l0,1.0
pit_b_224,73764840,256,0,3,55,0,0,27,0,17,1000,ImageNet-1K,150784,72340736,2048,1025000,pit,pit_b_224,0.9
pit_b_distilled_224,74790096,257,0,3,56,0,0,27,0,17,1000,ImageNet-1K,150784,72340736,2048,1025000,pit,pit_b_distilled_224,0.9
pit_s_224,23461912,238,0,3,51,0,0,25,0,16,1000,ImageNet-1K,110736,22667904,1152,577000,pit,pit_s_224,0.9
pit_s_distilled_224,24039056,239,0,3,52,0,0,25,0,16,1000,ImageNet-1K,110736,22667904,1152,577000,pit,pit_s_distilled_224,0.9
pit_ti_224,4847272,238,0,3,51,0,0,25,0,16,1000,ImageNet-1K,49216,4493824,512,257000,pit,pit_ti_224,0.9
pit_ti_distilled_224,5104336,239,0,3,52,0,0,25,0,16,1000,ImageNet-1K,49216,4493824,512,257000,pit,pit_ti_distilled_224,0.9
pit_xs_224,10618888,238,0,3,51,0,0,25,0,16,1000,ImageNet-1K,73824,10089216,768,385000,pit,pit_xs_224,0.9
pit_xs_distilled_224,11003984,239,0,3,52,0,0,25,0,16,1000,ImageNet-1K,73824,10089216,768,385000,pit,pit_xs_distilled_224,0.9
pnasnet5large,86057668,1142,0,373,1,0,50,201,0,0,1000,ImageNet-1K,2784,16664832,69468,4321000,nasnet,pnasnet5large,0.911
poolformer_m36,56172520,488,0,76,1,0,36,0,0,0,1000,ImageNet-1K,14208,55361280,1536,769000,poolformer,poolformer_m36,0.95
poolformer_m48,73473448,644,0,100,1,0,48,0,0,0,1000,ImageNet-1K,14208,72653376,1536,769000,poolformer,poolformer_m48,0.95
poolformer_s12,11915176,176,0,28,1,0,12,0,0,0,1000,ImageNet-1K,9472,11385024,1024,513000,poolformer,poolformer_s12,0.9
poolformer_s24,21388968,332,0,52,1,0,24,0,0,0,1000,ImageNet-1K,9472,20852160,1024,513000,poolformer,poolformer_s24,0.9
poolformer_s36,30862760,488,0,76,1,0,36,0,0,0,1000,ImageNet-1K,9472,30319296,1024,513000,poolformer,poolformer_s36,0.9
pvt_v2_b0,3666760,175,0,18,41,0,0,30,0,13,1000,ImageNet-1K,4800,3404960,3404960,257000,pvt_v2,pvt_v2_b0,0.9
pvt_v2_b1,14009000,175,0,18,41,0,0,30,0,13,1000,ImageNet-1K,9600,13486400,13486400,513000,pvt_v2,pvt_v2_b1,0.9
pvt_v2_b2,25362856,325,0,33,81,0,0,53,0,21,1000,ImageNet-1K,9600,24840256,24840256,513000,pvt_v2,pvt_v2_b2,0.9
pvt_v2_b2_li,22553512,363,0,36,81,0,0,56,0,21,1000,ImageNet-1K,9600,22030912,22030912,513000,pvt_v2,pvt_v2_b2_li,0.9
pvt_v2_b3,45238696,553,0,57,141,0,0,89,0,33,1000,ImageNet-1K,9600,44716096,44716096,513000,pvt_v2,pvt_v2_b3,0.9
pvt_v2_b4,62556072,800,0,83,206,0,0,128,0,46,1000,ImageNet-1K,9600,62033472,62033472,513000,pvt_v2,pvt_v2_b4,0.9
pvt_v2_b5,81956008,1009,0,105,261,0,0,161,0,57,1000,ImageNet-1K,9600,81433408,81433408,513000,pvt_v2,pvt_v2_b5,0.9
regnetv_040,20640640,475,0,115,1,22,0,66,0,0,1000,ImageNet-1K,864,11263408,215336,1089000,regnet,regnetv_040,1.0
regnetv_064,30576052,546,0,130,1,25,4,75,0,0,1000,ImageNet-1K,864,16764696,271052,1297000,regnet,regnetv_064,1.0
regnetx_002,2684792,293,13,44,1,13,0,44,0,0,1000,ImageNet-1K,928,2057856,3840,369000,regnetx,regnetx_002,0.875
regnetx_004,5157512,473,22,71,1,22,0,71,0,0,1000,ImageNet-1K,928,4177920,7680,385000,regnetx,regnetx_004,0.875
regnetx_006,6196040,353,16,53,1,16,0,53,0,0,1000,ImageNet-1K,928,4675968,15744,529000,regnetx,regnetx_006,0.875
regnetx_008,7259656,353,16,53,1,16,0,53,0,0,1000,ImageNet-1K,928,4935168,17408,673000,regnetx,regnetx_008,0.875
regnetx_016,9190136,393,18,59,1,18,0,59,0,0,1000,ImageNet-1K,928,4181184,51264,913000,regnetx,regnetx_016,0.875
regnetx_032,15296552,533,25,80,1,25,0,80,0,0,1000,ImageNet-1K,928,8377344,116736,1009000,regnetx,regnetx_032,0.875
regnetx_040,22118248,493,23,74,1,23,0,74,0,0,1000,ImageNet-1K,928,11558400,81920,1361000,regnetx,regnetx_040,0.875
regnetx_064,26209256,373,17,56,1,17,0,56,0,0,1000,ImageNet-1K,928,16244480,264768,1625000,regnetx,regnetx_064,0.875
regnetx_080,39572648,493,23,74,1,23,0,74,0,0,1000,ImageNet-1K,928,27043200,139520,1921000,regnetx,regnetx_080,0.875
regnetx_120,46106056,413,19,62,1,19,0,62,0,0,1000,ImageNet-1K,928,27596800,616448,2241000,regnetx,regnetx_120,0.875
regnetx_160,54278536,473,22,71,1,22,0,71,0,0,1000,ImageNet-1K,928,34406400,802816,2049000,regnetx,regnetx_160,0.875
regnetx_320,107811560,493,23,74,1,23,0,74,0,0,1000,ImageNet-1K,928,73382400,1376256,2521000,regnetx,regnetx_320,0.875
regnety_002,3162996,358,13,70,1,13,0,44,0,0,1000,ImageNet-1K,928,2495262,4256,369000,regnety,regnety_002,0.875
regnety_004,4344144,433,16,85,1,16,0,53,0,0,1000,ImageNet-1K,928,3035722,9656,441000,regnety,regnety_004,0.875
regnety_006,6055160,408,15,80,1,15,0,50,0,0,1000,ImageNet-1K,928,3884424,13112,609000,regnety,regnety_006,0.875
regnety_008,6263168,383,14,75,1,14,0,47,0,0,1000,ImageNet-1K,928,2901776,18504,769000,regnety,regnety_008,0.875
regnety_016,11202430,708,27,140,1,27,0,86,0,0,1000,ImageNet-1K,928,5970414,32756,889000,regnety,regnety_016,0.875
regnety_032,19436338,558,21,110,1,21,0,68,0,0,1000,ImageNet-1K,928,12222774,55178,1513000,regnety,regnety_032,1.0
regnety_040,20646656,583,22,115,1,22,0,71,0,0,1000,ImageNet-1K,928,11263408,215336,1089000,regnety,regnety_040,1.0
regnety_064,30583252,658,25,130,1,25,0,80,0,0,1000,ImageNet-1K,928,16764696,271052,1297000,regnety,regnety_064,1.0
regnety_080,39180068,458,17,90,1,17,0,56,0,0,1000,ImageNet-1K,928,24396624,281954,2017000,regnety,regnety_080,1.0
regnety_120,51822544,508,19,100,1,19,0,62,0,0,1000,ImageNet-1K,928,31823792,645632,2241000,regnety,regnety_120,0.875
regnety_160,83590140,483,18,95,1,18,0,59,0,0,1000,ImageNet-1K,928,54520424,645632,3025000,regnety,regnety_160,1.0
regnety_320,145046770,533,20,105,1,20,0,65,0,0,1000,ImageNet-1K,928,92544162,1176306,3713000,regnety,regnety_320,0.875
regnetz_040,27116800,713,28,141,1,28,0,85,0,0,1000,ImageNet-1K,928,16740432,69524,529000,regnetz,regnetz_040,1.0
regnetz_040h,28938880,717,28,142,1,28,0,86,0,0,1000,ImageNet-1K,928,16740432,69524,1537000,regnetz,regnetz_040h,1.0
regnetz_b16,9715480,612,0,112,1,22,0,68,0,0,1000,ImageNet-1K,928,7685456,442368,1537000,regnetz,regnetz_b16,0.94
regnetz_c16,13459880,612,0,112,1,22,0,68,0,0,1000,ImageNet-1K,928,11416672,442368,1537000,regnetz,regnetz_c16,0.94
regnetz_c16_evos,13487816,476,0,112,1,22,0,0,0,0,1000,ImageNet-1K,960,11502880,446976,1537000,regnetz,regnetz_c16_evos,0.95
regnetz_d8,23373792,678,0,124,1,24,0,76,0,0,1000,ImageNet-1K,26232,20774656,688128,1793000,regnetz,regnetz_d8,1.0
regnetz_d8_evos,23464296,526,0,124,1,24,0,0,0,0,1000,ImageNet-1K,76032,20901760,693504,1793000,regnetz,regnetz_d8_evos,0.95
regnetz_d32,27576288,678,0,124,1,24,0,76,0,0,1000,ImageNet-1K,26232,24977152,688128,1793000,regnetz,regnetz_d32,0.95
regnetz_e8,57698176,839,0,154,1,30,0,94,0,0,1000,ImageNet-1K,26232,54406368,1048576,2049000,regnetz,regnetz_e8,1.0
repvgg_a2,28210600,372,0,44,1,0,0,61,0,0,1000,ImageNet-1K,2176,26757120,26757120,1409000,vgg,repvgg_a2,0.875
repvgg_b0,15817960,474,0,56,1,0,0,79,0,0,1000,ImageNet-1K,2176,14499840,14499840,1281000,vgg,repvgg_b0,0.875
repvgg_b1,57415016,474,0,56,1,0,0,79,0,0,1000,ImageNet-1K,2176,55296000,55296000,2049000,vgg,repvgg_b1,0.875
repvgg_b1g4,39966056,474,0,56,1,0,0,79,0,0,1000,ImageNet-1K,2176,37847040,37847040,2049000,vgg,repvgg_b1g4,0.875
repvgg_b2,89022376,474,0,56,1,0,0,79,0,0,1000,ImageNet-1K,2176,86374400,86374400,2561000,vgg,repvgg_b2,0.875
repvgg_b2g4,61758376,474,0,56,1,0,0,79,0,0,1000,ImageNet-1K,2176,59110400,59110400,2561000,vgg,repvgg_b2g4,0.875
repvgg_b3,123085288,474,0,56,1,0,0,79,0,0,1000,ImageNet-1K,2176,120422400,120422400,2561000,vgg,repvgg_b3,0.875
repvgg_b3g4,83825128,474,0,56,1,0,0,79,0,0,1000,ImageNet-1K,2176,81162240,81162240,2561000,vgg,repvgg_b3g4,0.875
res2net50_14w_8s,25059816,381,0,149,1,0,5,149,0,0,1000,ImageNet-1K,9408,14586976,128,2049000,res2net,res2net50_14w_8s,0.875
res2net50_26w_4s,25699120,253,0,85,1,0,5,85,0,0,1000,ImageNet-1K,9408,14998304,128,2049000,res2net,res2net50_26w_4s,0.875
res2net50_26w_6s,37051448,317,0,117,1,0,5,117,0,0,1000,ImageNet-1K,9408,22025376,128,2049000,res2net,res2net50_26w_6s,0.875
res2net50_26w_8s,48403776,381,0,149,1,0,5,149,0,0,1000,ImageNet-1K,9408,29052448,128,2049000,res2net,res2net50_26w_8s,0.875
res2net50_48w_2s,25287304,189,0,53,1,0,5,53,0,0,1000,ImageNet-1K,9408,14752512,128,2049000,res2net,res2net50_48w_2s,0.875
res2net101_26w_4s,45206688,491,0,170,1,0,5,170,0,0,1000,ImageNet-1K,9408,26705936,128,2049000,res2net,res2net101_26w_4s,0.875
res2next50,24671464,253,0,85,1,0,5,85,0,0,1000,ImageNet-1K,9408,14322176,128,2049000,res2next,res2next50,0.875
resmlp_12_224,15350872,139,0,1,37,0,0,0,0,0,1000,ImageNet-1K,295296,14660592,768,385000,resmlp,resmlp_12_224,0.875
resmlp_12_224_dino,15350872,139,0,1,37,0,0,0,0,0,1000,ImageNet-1K,295296,14660592,768,385000,resmlp,resmlp_12_224_dino,0.875
resmlp_12_distilled_224,15350872,139,0,1,37,0,0,0,0,0,1000,ImageNet-1K,295296,14660592,768,385000,resmlp,resmlp_12_distilled_224,0.875
resmlp_24_224,30020680,271,0,1,73,0,0,0,0,0,1000,ImageNet-1K,295296,29321184,768,385000,resmlp,resmlp_24_224,0.875
resmlp_24_224_dino,30020680,271,0,1,73,0,0,0,0,0,1000,ImageNet-1K,295296,29321184,768,385000,resmlp,resmlp_24_224_dino,0.875
resmlp_24_distilled_224,30020680,271,0,1,73,0,0,0,0,0,1000,ImageNet-1K,295296,29321184,768,385000,resmlp,resmlp_24_distilled_224,0.875
resmlp_36_224,44690488,403,0,1,109,0,0,0,0,0,1000,ImageNet-1K,295296,43981776,768,385000,resmlp,resmlp_36_224,0.875
resmlp_36_distilled_224,44690488,403,0,1,109,0,0,0,0,0,1000,ImageNet-1K,295296,43981776,768,385000,resmlp,resmlp_36_distilled_224,0.875
resmlp_big_24_224,129138280,271,0,1,73,0,0,0,0,0,1000,ImageNet-1K,148224,128182656,1536,769000,resmlp,resmlp_big_24_224,0.875
resmlp_big_24_224_in22ft1k,129138280,271,0,1,73,0,0,0,0,0,1000,ImageNet-1K,148224,128182656,1536,769000,resmlp,resmlp_big_24_224_in22ft1k,0.875
resmlp_big_24_distilled_224,129138280,271,0,1,73,0,0,0,0,0,1000,ImageNet-1K,148224,128182656,1536,769000,resmlp,resmlp_big_24_distilled_224,0.875
resnest14d,10611688,119,0,27,1,4,7,23,0,0,1000,ImageNet-1K,28640,6435584,128,2049000,resnest,resnest14d,0.875
resnest26d,17069448,199,0,47,1,8,7,39,0,0,1000,ImageNet-1K,28640,11294208,128,2049000,resnest,resnest26d,0.875
resnest50d,27483240,359,0,87,1,16,7,71,0,0,1000,ImageNet-1K,28640,16152832,128,2049000,resnest,resnest50d,0.875
resnest50d_1s4x24d,25677000,359,0,87,1,16,7,71,0,0,1000,ImageNet-1K,28640,14980032,128,2049000,resnest,resnest50d_1s4x24d,0.875
resnest50d_4s2x40d,30417592,359,0,87,1,16,7,71,0,0,1000,ImageNet-1K,28640,17956736,128,2049000,resnest,resnest50d_4s2x40d,0.875
resnest101e,48275016,699,0,172,1,33,7,139,0,0,1000,ImageNet-1K,112576,28383872,256,2049000,resnest,resnest101e,0.875
resnest200e,70201544,1359,0,337,1,66,7,271,0,0,1000,ImageNet-1K,112576,44203520,256,2049000,resnest,resnest200e,0.909
resnest269e,110929480,1819,0,452,1,89,7,363,0,0,1000,ImageNet-1K,112576,58806272,256,2049000,resnest,resnest269e,0.928
resnet10t,5435488,68,4,14,1,0,4,14,0,0,1000,ImageNet-1K,26104,3673088,128,513000,resnet,resnet10t,0.875
resnet14t,10081632,84,4,19,1,4,4,19,0,0,1000,ImageNet-1K,26104,6039552,128,2049000,resnet,resnet14t,0.875
resnet18,11689512,94,8,20,1,0,1,20,0,0,1000,ImageNet-1K,9408,8393728,128,513000,resnet,resnet18,0.875
resnet18d,11708744,104,8,22,1,0,4,22,0,0,1000,ImageNet-1K,28640,8393728,128,513000,resnet,resnet18d,0.875
resnet26,15995176,121,8,29,1,8,1,29,0,0,1000,ImageNet-1K,9408,10502144,128,2049000,resnet,resnet26,0.875
resnet26d,16014408,132,8,31,1,8,4,31,0,0,1000,ImageNet-1K,28640,10502144,128,2049000,resnet,resnet26d,0.875
resnet26t,16011872,132,8,31,1,8,4,31,0,0,1000,ImageNet-1K,26104,10502144,128,2049000,resnet,resnet26t,0.94
resnet32ts,17963616,265,0,37,1,10,0,37,0,0,1000,ImageNet-1K,26232,16363520,16363520,1537000,resnet,resnet32ts,0.9
resnet33ts,19676256,269,0,38,1,10,0,38,0,0,1000,ImageNet-1K,26232,16363520,1966080,1281000,resnet,resnet33ts,0.9
resnet34,21797672,166,16,36,1,0,1,36,0,0,1000,ImageNet-1K,9408,13114368,128,513000,resnet,resnet34,0.875
resnet34d,21816904,176,16,38,1,0,4,38,0,0,1000,ImageNet-1K,28640,13114368,128,513000,resnet,resnet34d,0.875
resnet50,25557032,217,16,53,1,16,1,53,0,0,1000,ImageNet-1K,9408,14964736,128,2049000,resnet,resnet50,0.95
resnet50_gn,25557032,217,16,53,1,16,1,0,0,0,1000,ImageNet-1K,9408,14964736,128,2049000,resnet,resnet50_gn,0.94
resnet50d,25576264,228,16,55,1,16,4,55,0,0,1000,ImageNet-1K,28640,14964736,128,2049000,resnet,resnet50d,0.875
resnet51q,35696920,398,0,57,1,16,0,55,0,0,1000,ImageNet-1K,97584,30320640,3145728,2049000,resnet,resnet51q,1.0
resnet61q,36846968,434,0,67,1,14,0,67,0,0,1000,ImageNet-1K,97680,31453184,3145728,2049000,resnet,resnet61q,1.0
resnet101,44549160,421,33,104,1,33,1,104,0,0,1000,ImageNet-1K,9408,26090496,128,2049000,resnet,resnet101,0.95
resnet101d,44568392,432,33,106,1,33,4,106,0,0,1000,ImageNet-1K,28640,26090496,128,2049000,resnet,resnet101d,1.0
resnet152,60192808,625,50,155,1,50,1,155,0,0,1000,ImageNet-1K,9408,40613888,128,2049000,resnet,resnet152,0.95
resnet152d,60212040,636,50,157,1,50,4,157,0,0,1000,ImageNet-1K,28640,40613888,128,2049000,resnet,resnet152d,1.0
resnet200d,64693064,828,66,205,1,66,4,205,0,0,1000,ImageNet-1K,28640,40613888,128,2049000,resnet,resnet200d,1.0
resnetaa50,25557032,217,16,53,1,16,4,53,0,0,1000,ImageNet-1K,9408,14964736,128,2049000,resnet,resnetaa50,0.875
resnetblur50,25557032,219,16,53,1,16,1,53,0,0,1000,ImageNet-1K,9408,14964736,128,2049000,resnet,resnetblur50,0.875
resnetrs50,35691912,327,16,88,1,16,3,56,0,0,1000,ImageNet-1K,28640,21263872,128,2049000,resnet,resnetrs50,0.91
resnetrs101,63618696,633,33,173,1,33,3,107,0,0,1000,ImageNet-1K,28640,38178560,128,2049000,resnet,resnetrs101,0.94
resnetrs152,86621576,939,50,258,1,50,3,158,0,0,1000,ImageNet-1K,28640,59534336,128,2049000,resnet,resnetrs152,1.0
resnetrs200,93209992,1227,66,338,1,66,3,206,0,0,1000,ImageNet-1K,28640,59534336,128,2049000,resnet,resnetrs200,1.0
resnetrs270,129861448,1659,90,458,1,90,3,278,0,0,1000,ImageNet-1K,28640,87461120,128,2049000,resnet,resnetrs270,1.0
resnetrs350,163956168,2127,116,588,1,116,3,356,0,0,1000,ImageNet-1K,28640,118673408,128,2049000,resnet,resnetrs350,1.0
resnetrs420,191891656,2541,139,703,1,139,3,425,0,0,1000,ImageNet-1K,28640,143314688,128,2049000,resnet,resnetrs420,1.0
resnetv2_50,25549352,258,0,54,0,16,1,49,0,0,1000,ImageNet-1K,9408,23445504,23445504,2049000,resnetv2,resnetv2_50,0.95
resnetv2_50d_evos,25591368,168,0,56,0,16,4,0,0,0,1000,ImageNet-1K,28704,23507520,6144,2049000,resnetv2,resnetv2_50d_evos,0.95
resnetv2_50d_gn,25568584,270,0,56,0,16,4,0,0,0,1000,ImageNet-1K,28640,23445504,23445504,2049000,resnetv2,resnetv2_50d_gn,0.95
resnetv2_50x1_bit_distilled,25549352,259,0,54,0,16,1,0,0,0,1000,ImageNet-1K,9408,23445504,23445504,2049000,resnetv2,resnetv2_50x1_bit_distilled,0.875
resnetv2_50x1_bitm,25549352,259,0,54,0,16,1,0,0,0,1000,ImageNet-1K,9408,23445504,23445504,2049000,resnetv2,resnetv2_50x1_bitm,1.0
resnetv2_50x1_bitm_in21k,68256659,259,0,54,0,16,1,0,0,0,21843,ImageNet-21K,9408,23445504,23445504,44756307,resnetv2,resnetv2_50x1_bitm_in21k,0.875
resnetv2_50x3_bitm,217319080,259,0,54,0,16,1,0,0,0,1000,ImageNet-1K,28224,211009536,211009536,6145000,resnetv2,resnetv2_50x3_bitm,1.0
resnetv2_50x3_bitm_in21k,345399315,259,0,54,0,16,1,0,0,0,21843,ImageNet-21K,28224,211009536,211009536,134225235,resnetv2,resnetv2_50x3_bitm_in21k,0.875
resnetv2_101,44541480,496,0,105,0,33,1,100,0,0,1000,ImageNet-1K,9408,42385408,42385408,2049000,resnetv2,resnetv2_101,0.95
resnetv2_101x1_bitm,44541480,497,0,105,0,33,1,0,0,0,1000,ImageNet-1K,9408,42385408,42385408,2049000,resnetv2,resnetv2_101x1_bitm,1.0
resnetv2_101x1_bitm_in21k,87248787,496,0,105,0,33,1,0,0,0,21843,ImageNet-21K,9408,42385408,42385408,44756307,resnetv2,resnetv2_101x1_bitm_in21k,0.875
resnetv2_101x3_bitm,387934888,497,0,105,0,33,1,0,0,0,1000,ImageNet-1K,28224,381468672,381468672,6145000,resnetv2,resnetv2_101x3_bitm,1.0
resnetv2_101x3_bitm_in21k,516015123,497,0,105,0,33,1,0,0,0,21843,ImageNet-21K,28224,381468672,381468672,134225235,resnetv2,resnetv2_101x3_bitm_in21k,0.875
resnetv2_152x2_bit_teacher,236335208,735,0,156,0,50,1,0,0,0,1000,ImageNet-1K,18816,231931904,231931904,4097000,resnetv2,resnetv2_152x2_bit_teacher,0.875
resnetv2_152x2_bit_teacher_384,236335208,735,0,156,0,50,1,0,0,0,1000,ImageNet-1K,18816,231931904,231931904,4097000,resnetv2,resnetv2_152x2_bit_teacher_384,1.0
resnetv2_152x2_bitm,236335208,735,0,156,0,50,1,0,0,0,1000,ImageNet-1K,18816,231931904,231931904,4097000,resnetv2,resnetv2_152x2_bitm,1.0
resnetv2_152x2_bitm_in21k,321728979,735,0,156,0,50,1,0,0,0,21843,ImageNet-21K,18816,231931904,231931904,89490771,resnetv2,resnetv2_152x2_bitm_in21k,0.875
resnetv2_152x4_bitm,936533224,735,0,156,0,50,1,0,0,0,1000,ImageNet-1K,37632,927727616,927727616,8193000,resnetv2,resnetv2_152x4_bitm,1.0
resnetv2_152x4_bitm_in21k,1107299923,735,0,156,0,50,1,0,0,0,21843,ImageNet-21K,37632,927727616,927727616,178959699,resnetv2,resnetv2_152x4_bitm_in21k,0.875
resnext26ts,10297952,222,0,31,1,8,1,31,0,0,1000,ImageNet-1K,26232,8192000,8192000,2049000,resnext,resnext26ts,0.9
resnext50_32x4d,25028904,217,16,53,1,16,1,53,0,0,1000,ImageNet-1K,9408,14544896,128,2049000,resnext,resnext50_32x4d,0.95
resnext50d_32x4d,25048136,228,16,55,1,16,4,55,0,0,1000,ImageNet-1K,28640,14544896,128,2049000,resnext,resnext50d_32x4d,0.875
resnext101_32x8d,88791336,421,33,104,1,33,1,104,0,0,1000,ImageNet-1K,9408,55160832,128,2049000,resnext,resnext101_32x8d,0.875
resnext101_64x4d,83455272,421,33,104,1,33,1,104,0,0,1000,ImageNet-1K,9408,51769344,128,2049000,resnext,resnext101_64x4d,1.0
rexnet_100,4796873,363,0,75,1,16,0,62,0,0,1000,ImageNet-1K,928,3475005,3475005,1281000,rexnet,rexnet_100,0.875
rexnet_130,7557091,363,0,75,1,16,0,62,0,0,1000,ImageNet-1K,1218,5838933,5838933,1665000,rexnet,rexnet_130,0.875
rexnet_150,9728593,363,0,75,1,16,0,62,0,0,1000,ImageNet-1K,1392,7746279,7746279,1921000,rexnet,rexnet_150,0.875
rexnet_200,16366620,363,0,75,1,16,0,62,0,0,1000,ImageNet-1K,1856,13723884,13723884,2561000,rexnet,rexnet_200,0.875
sebotnet33ts_256,13701984,299,0,50,1,10,1,38,0,0,1000,ImageNet-1K,26232,10393856,1966080,1281000,botnet,sebotnet33ts_256,0.94
sehalonet33ts,13691712,303,0,54,1,6,0,38,0,0,1000,ImageNet-1K,26232,10383584,1966080,1281000,halonet,sehalonet33ts,0.94
selecsls42b,32458248,178,0,41,1,0,0,41,0,0,1000,ImageNet-1K,928,26110336,5321984,1025000,selecsls,selecsls42b,0.875
selecsls60,30670768,253,0,59,1,0,0,59,0,0,1000,ImageNet-1K,928,20553832,8835008,1281000,selecsls,selecsls60,0.875
selecsls60b,32774064,253,0,59,1,0,0,59,0,0,1000,ImageNet-1K,928,22913128,8835008,1025000,selecsls,selecsls60b,0.875
semnasnet_075,2912278,289,0,65,1,0,0,49,0,0,1000,ImageNet-1K,648,1296598,307200,1281000,nasnet,semnasnet_075,0.875
semnasnet_100,3887038,289,0,65,1,0,0,49,0,0,1000,ImageNet-1K,864,2162086,409600,1281000,nasnet,semnasnet_100,0.875
sequencer2d_l,54298216,521,0,4,109,0,0,73,72,0,1000,ImageNet-1K,28416,53884032,768,385000,sequencer2d,sequencer2d_l,0.875
sequencer2d_m,38307688,353,0,4,73,0,0,49,48,0,1000,ImageNet-1K,28416,37893504,768,385000,sequencer2d,sequencer2d_m,0.875
sequencer2d_s,27651688,269,0,4,55,0,0,37,36,0,1000,ImageNet-1K,28416,27237504,768,385000,sequencer2d,sequencer2d_s,0.875
seresnet33ts,19779200,319,0,58,1,10,0,38,0,0,1000,ImageNet-1K,26232,16466464,1966080,1281000,seresnet,seresnet33ts,0.9
seresnet50,28088024,313,16,85,1,16,1,53,0,0,1000,ImageNet-1K,9408,16544128,128,2049000,seresnet,seresnet50,0.875
seresnet152d,66841080,936,50,257,1,50,4,157,0,0,1000,ImageNet-1K,28640,45371648,128,2049000,seresnet,seresnet152d,1.0
seresnext26d_32x4d,16809512,180,8,47,1,8,4,31,0,0,1000,ImageNet-1K,28640,11100416,128,2049000,resnext,seresnext26d_32x4d,0.875
seresnext26t_32x4d,16806976,180,8,47,1,8,4,31,0,0,1000,ImageNet-1K,26104,11100416,128,2049000,resnext,seresnext26t_32x4d,0.875
seresnext26ts,10388064,262,0,47,1,8,1,31,0,0,1000,ImageNet-1K,26232,8282112,8282112,2049000,resnext,seresnext26ts,0.9
seresnext50_32x4d,27559896,313,16,85,1,16,1,53,0,0,1000,ImageNet-1K,9408,16124288,128,2049000,resnext,seresnext50_32x4d,0.875
seresnext101_32x8d,93569048,619,33,170,1,33,1,104,0,0,1000,ImageNet-1K,9408,58200512,128,2049000,resnext,seresnext101_32x8d,1.0
seresnext101d_32x8d,93588280,630,33,172,1,33,4,106,0,0,1000,ImageNet-1K,28640,58200512,128,2049000,resnext,seresnext101d_32x8d,1.0
seresnextaa101d_32x8d,93588280,630,33,172,1,33,7,106,0,0,1000,ImageNet-1K,28640,58200512,128,2049000,resnext,seresnextaa101d_32x8d,1.0
skresnet18,11958056,230,0,44,1,0,1,36,0,0,1000,ImageNet-1K,9408,8586496,128,513000,resnet,skresnet18,0.875
skresnet34,22282376,438,0,84,1,0,1,68,0,0,1000,ImageNet-1K,9408,13403520,128,513000,resnet,skresnet34,0.875
skresnext50_32x4d,27479784,521,0,101,1,16,1,85,0,0,1000,ImageNet-1K,9408,15995264,128,2049000,skresnext,skresnext50_32x4d,0.875
spnasnet_100,4421616,332,0,64,1,0,0,64,0,0,1000,ImageNet-1K,864,2690648,409600,1281000,nasnet,spnasnet_100,0.875
ssl_resnet18,11689512,94,8,20,1,0,1,20,0,0,1000,ImageNet-1K,9408,8393728,128,513000,resnet,ssl_resnet18,0.875
ssl_resnet50,25557032,217,16,53,1,16,1,53,0,0,1000,ImageNet-1K,9408,14964736,128,2049000,resnet,ssl_resnet50,0.875
ssl_resnext50_32x4d,25028904,217,16,53,1,16,1,53,0,0,1000,ImageNet-1K,9408,14544896,128,2049000,resnext,ssl_resnext50_32x4d,0.875
ssl_resnext101_32x4d,44177704,421,33,104,1,33,1,104,0,0,1000,ImageNet-1K,9408,26171392,128,2049000,resnext,ssl_resnext101_32x4d,0.875
ssl_resnext101_32x8d,88791336,421,33,104,1,33,1,104,0,0,1000,ImageNet-1K,9408,55160832,128,2049000,resnext,ssl_resnext101_32x8d,0.875
ssl_resnext101_32x16d,194026792,421,33,104,1,33,1,104,0,0,1000,ImageNet-1K,9408,123314176,128,2049000,resnext,ssl_resnext101_32x16d,0.875
swin_base_patch4_window7_224,87768224,409,0,1,100,0,0,53,0,49,1000,ImageNet-1K,6528,86671104,2048,1025000,swin,swin_base_patch4_window7_224,0.9
swin_base_patch4_window7_224_in22k,109130249,409,0,1,100,0,0,53,0,49,21841,ImageNet-21K,6528,86671104,2048,22387025,swin,swin_base_patch4_window7_224_in22k,0.9
swin_base_patch4_window12_384,87903584,409,0,1,100,0,0,53,0,49,1000,ImageNet-1K,6528,86671104,2048,1025000,swin,swin_base_patch4_window12_384,1.0
swin_base_patch4_window12_384_in22k,109265609,409,0,1,100,0,0,53,0,49,21841,ImageNet-21K,6528,86671104,2048,22387025,swin,swin_base_patch4_window12_384_in22k,1.0
swin_large_patch4_window7_224,196532476,409,0,1,100,0,0,53,0,49,1000,ImageNet-1K,9792,194887296,3072,1537000,swin,swin_large_patch4_window7_224,0.9
swin_large_patch4_window7_224_in22k,228565093,409,0,1,100,0,0,53,0,49,21841,ImageNet-21K,9792,194887296,3072,33569617,swin,swin_large_patch4_window7_224_in22k,0.9
swin_large_patch4_window12_384,196735516,409,0,1,100,0,0,53,0,49,1000,ImageNet-1K,9792,194887296,3072,1537000,swin,swin_large_patch4_window12_384,1.0
swin_large_patch4_window12_384_in22k,228768133,409,0,1,100,0,0,53,0,49,21841,ImageNet-21K,9792,194887296,3072,33569617,swin,swin_large_patch4_window12_384_in22k,1.0
swin_s3_base_224,71125762,601,0,1,148,0,0,77,0,73,1000,ImageNet-1K,4896,70076736,1536,769000,swin,swin_s3_base_224,0.9
swin_s3_small_224,49737298,409,0,1,100,0,0,53,0,49,1000,ImageNet-1K,4896,48783168,1536,769000,swin,swin_s3_small_224,0.9
swin_s3_tiny_224,28328674,217,0,1,52,0,0,29,0,25,1000,ImageNet-1K,4896,27489600,1536,769000,swin,swin_s3_tiny_224,0.9
swin_small_patch4_window7_224,49606258,409,0,1,100,0,0,53,0,49,1000,ImageNet-1K,4896,48783168,1536,769000,swin,swin_small_patch4_window7_224,0.9
swin_tiny_patch4_window7_224,28288354,217,0,1,52,0,0,29,0,25,1000,ImageNet-1K,4896,27489600,1536,769000,swin,swin_tiny_patch4_window7_224,0.9
swinv2_base_window8_256,87918816,530,0,1,148,0,0,53,0,49,1000,ImageNet-1K,6528,86860800,2048,1025000,swin,swinv2_base_window8_256,0.9
swinv2_base_window12_192_22k,109280841,530,0,1,148,0,0,53,0,49,21841,ImageNet-21K,6528,86860800,2048,22387025,swin,swinv2_base_window12_192_22k,0.9
swinv2_base_window12to16_192to256_22kft1k,87918816,530,0,1,148,0,0,53,0,49,1000,ImageNet-1K,6528,86860800,2048,1025000,swin,swinv2_base_window12to16_192to256_22kft1k,0.9
swinv2_base_window12to24_192to384_22kft1k,87918816,530,0,1,148,0,0,53,0,49,1000,ImageNet-1K,6528,86860800,2048,1025000,swin,swinv2_base_window12to24_192to384_22kft1k,1.0
swinv2_base_window16_256,87918816,530,0,1,148,0,0,53,0,49,1000,ImageNet-1K,6528,86860800,2048,1025000,swin,swinv2_base_window16_256,0.9
swinv2_cr_small_224,49695100,576,0,1,148,0,0,53,0,53,1000,ImageNet-1K,4896,48920922,48920922,769000,swin,swinv2_cr_small_224,0.9
swinv2_cr_small_ns_224,49696444,576,0,1,148,0,0,56,0,53,1000,ImageNet-1K,4896,48922266,48922266,769000,swin,swinv2_cr_small_ns_224,0.9
swinv2_cr_tiny_ns_224,28333468,300,0,1,76,0,0,32,0,29,1000,ImageNet-1K,4896,27559434,27559434,769000,swin,swinv2_cr_tiny_ns_224,0.9
swinv2_large_window12_192_22k,228772549,530,0,1,148,0,0,53,0,49,21841,ImageNet-21K,9792,195153408,3072,33569617,swin,swinv2_large_window12_192_22k,0.9
swinv2_large_window12to16_192to256_22kft1k,196739932,530,0,1,148,0,0,53,0,49,1000,ImageNet-1K,9792,195153408,3072,1537000,swin,swinv2_large_window12to16_192to256_22kft1k,0.9
swinv2_large_window12to24_192to384_22kft1k,196739932,530,0,1,148,0,0,53,0,49,1000,ImageNet-1K,9792,195153408,3072,1537000,swin,swinv2_large_window12to24_192to384_22kft1k,1.0
swinv2_small_window8_256,49728418,530,0,1,148,0,0,53,0,49,1000,ImageNet-1K,4896,48934656,1536,769000,swin,swinv2_small_window8_256,0.9
swinv2_small_window16_256,49728418,530,0,1,148,0,0,53,0,49,1000,ImageNet-1K,4896,48934656,1536,769000,swin,swinv2_small_window16_256,0.9
swinv2_tiny_window8_256,28347154,278,0,1,76,0,0,29,0,25,1000,ImageNet-1K,4896,27562752,1536,769000,swin,swinv2_tiny_window8_256,0.9
swinv2_tiny_window16_256,28347154,278,0,1,76,0,0,29,0,25,1000,ImageNet-1K,4896,27562752,1536,769000,swin,swinv2_tiny_window16_256,0.9
swsl_resnet18,11689512,94,8,20,1,0,1,20,0,0,1000,ImageNet-1K,9408,8393728,128,513000,resnet,swsl_resnet18,0.875
swsl_resnet50,25557032,217,16,53,1,16,1,53,0,0,1000,ImageNet-1K,9408,14964736,128,2049000,resnet,swsl_resnet50,0.875
swsl_resnext50_32x4d,25028904,217,16,53,1,16,1,53,0,0,1000,ImageNet-1K,9408,14544896,128,2049000,resnext,swsl_resnext50_32x4d,0.875
swsl_resnext101_32x4d,44177704,421,33,104,1,33,1,104,0,0,1000,ImageNet-1K,9408,26171392,128,2049000,resnext,swsl_resnext101_32x4d,0.875
swsl_resnext101_32x8d,88791336,421,33,104,1,33,1,104,0,0,1000,ImageNet-1K,9408,55160832,128,2049000,resnext,swsl_resnext101_32x8d,0.875
swsl_resnext101_32x16d,194026792,421,33,104,1,33,1,104,0,0,1000,ImageNet-1K,9408,123314176,128,2049000,resnext,swsl_resnext101_32x16d,0.875
tf_efficientnet_b0,5288548,321,0,81,1,0,0,49,0,0,1000,ImageNet-1K,864,3555068,409600,1281000,efficientnet,tf_efficientnet_b0,0.875
tf_efficientnet_b0_ap,5288548,321,0,81,1,0,0,49,0,0,1000,ImageNet-1K,864,3555068,409600,1281000,efficientnet,tf_efficientnet_b0_ap,0.875
tf_efficientnet_b0_ns,5288548,321,0,81,1,0,0,49,0,0,1000,ImageNet-1K,864,3555068,409600,1281000,efficientnet,tf_efficientnet_b0_ns,0.875
tf_efficientnet_b1,7794184,450,0,115,1,0,0,69,0,0,1000,ImageNet-1K,864,6040672,409600,1281000,efficientnet,tf_efficientnet_b1,0.882
tf_efficientnet_b1_ap,7794184,450,0,115,1,0,0,69,0,0,1000,ImageNet-1K,864,6040672,409600,1281000,efficientnet,tf_efficientnet_b1_ap,0.882
tf_efficientnet_b1_ns,7794184,450,0,115,1,0,0,69,0,0,1000,ImageNet-1K,864,6040672,409600,1281000,efficientnet,tf_efficientnet_b1_ns,0.882
tf_efficientnet_b2,9109994,450,0,115,1,0,0,69,0,0,1000,ImageNet-1K,864,7136946,495616,1409000,efficientnet,tf_efficientnet_b2,0.89
tf_efficientnet_b2_ap,9109994,450,0,115,1,0,0,69,0,0,1000,ImageNet-1K,864,7136946,495616,1409000,efficientnet,tf_efficientnet_b2_ap,0.89
tf_efficientnet_b2_ns,9109994,450,0,115,1,0,0,69,0,0,1000,ImageNet-1K,864,7136946,495616,1409000,efficientnet,tf_efficientnet_b2_ns,0.89
tf_efficientnet_b3,12233232,507,0,130,1,0,0,78,0,0,1000,ImageNet-1K,1080,10018032,589824,1537000,efficientnet,tf_efficientnet_b3,0.904
tf_efficientnet_b3_ap,12233232,507,0,130,1,0,0,78,0,0,1000,ImageNet-1K,1080,10018032,589824,1537000,efficientnet,tf_efficientnet_b3_ap,0.904
tf_efficientnet_b3_ns,12233232,507,0,130,1,0,0,78,0,0,1000,ImageNet-1K,1080,10018032,589824,1537000,efficientnet,tf_efficientnet_b3_ns,0.904
tf_efficientnet_b4,19341616,621,0,160,1,0,0,96,0,0,1000,ImageNet-1K,1296,16619304,802816,1793000,efficientnet,tf_efficientnet_b4,0.922
tf_efficientnet_b4_ap,19341616,621,0,160,1,0,0,96,0,0,1000,ImageNet-1K,1296,16619304,802816,1793000,efficientnet,tf_efficientnet_b4_ap,0.922
tf_efficientnet_b4_ns,19341616,621,0,160,1,0,0,96,0,0,1000,ImageNet-1K,1296,16619304,802816,1793000,efficientnet,tf_efficientnet_b4_ns,0.922
tf_efficientnet_b5,30389784,750,0,194,1,0,0,116,0,0,1000,ImageNet-1K,1296,27118176,1048576,2049000,efficientnet,tf_efficientnet_b5,0.934
tf_efficientnet_b5_ap,30389784,750,0,194,1,0,0,116,0,0,1000,ImageNet-1K,1296,27118176,1048576,2049000,efficientnet,tf_efficientnet_b5_ap,0.934
tf_efficientnet_b5_ns,30389784,750,0,194,1,0,0,116,0,0,1000,ImageNet-1K,1296,27118176,1048576,2049000,efficientnet,tf_efficientnet_b5_ns,0.934
tf_efficientnet_b6,43040704,864,0,224,1,0,0,134,0,0,1000,ImageNet-1K,1512,39182656,1327104,2305000,efficientnet,tf_efficientnet_b6,0.942
tf_efficientnet_b6_ap,43040704,864,0,224,1,0,0,134,0,0,1000,ImageNet-1K,1512,39182656,1327104,2305000,efficientnet,tf_efficientnet_b6_ap,0.942
tf_efficientnet_b6_ns,43040704,864,0,224,1,0,0,134,0,0,1000,ImageNet-1K,1512,39182656,1327104,2305000,efficientnet,tf_efficientnet_b6_ns,0.942
tf_efficientnet_b7,66347960,1050,0,273,1,0,0,163,0,0,1000,ImageNet-1K,1728,61836112,1638400,2561000,efficientnet,tf_efficientnet_b7,0.949
tf_efficientnet_b7_ap,66347960,1050,0,273,1,0,0,163,0,0,1000,ImageNet-1K,1728,61836112,1638400,2561000,efficientnet,tf_efficientnet_b7_ap,0.949
tf_efficientnet_b7_ns,66347960,1050,0,273,1,0,0,163,0,0,1000,ImageNet-1K,1728,61836112,1638400,2561000,efficientnet,tf_efficientnet_b7_ns,0.949
tf_efficientnet_b8,87413142,1164,0,303,1,0,0,181,0,0,1000,ImageNet-1K,1944,82231702,1982464,2817000,efficientnet,tf_efficientnet_b8,0.954
tf_efficientnet_b8_ap,87413142,1164,0,303,1,0,0,181,0,0,1000,ImageNet-1K,1944,82231702,1982464,2817000,efficientnet,tf_efficientnet_b8_ap,0.954
tf_efficientnet_cc_b0_4e,13314116,329,0,57,9,0,0,49,0,0,1000,ImageNet-1K,864,11580636,409600,1281000,efficientnet,tf_efficientnet_cc_b0_4e,0.875
tf_efficientnet_cc_b0_8e,24013284,329,0,57,9,0,0,49,0,0,1000,ImageNet-1K,864,22279804,409600,1281000,efficientnet,tf_efficientnet_cc_b0_8e,0.875
tf_efficientnet_cc_b1_8e,39715968,461,0,82,12,0,0,69,0,0,1000,ImageNet-1K,864,37962456,409600,1281000,efficientnet,tf_efficientnet_cc_b1_8e,0.882
tf_efficientnet_el,10589712,381,0,72,1,0,0,72,0,0,1000,ImageNet-1K,1080,8603072,356352,1537000,efficientnet,tf_efficientnet_el,0.904
tf_efficientnet_em,6899496,340,0,64,1,0,0,64,0,0,1000,ImageNet-1K,864,5304064,245760,1281000,efficientnet,tf_efficientnet_em,0.882
tf_efficientnet_es,5438392,262,0,49,1,0,0,49,0,0,1000,ImageNet-1K,864,3859328,245760,1281000,efficientnet,tf_efficientnet_es,0.875
tf_efficientnet_l2_ns,480309308,1669,0,436,1,0,0,260,0,0,1000,ImageNet-1K,3672,466136444,7573504,5505000,efficientnet,tf_efficientnet_l2_ns,0.96
tf_efficientnet_l2_ns_475,480309308,1669,0,436,1,0,0,260,0,0,1000,ImageNet-1K,3672,466136444,7573504,5505000,efficientnet,tf_efficientnet_l2_ns_475,0.936
tf_efficientnet_lite0,4652008,257,0,49,1,0,0,49,0,0,1000,ImageNet-1K,864,2918528,409600,1281000,efficientnet,tf_efficientnet_lite0,0.875
tf_efficientnet_lite1,5416680,332,0,64,1,0,0,64,0,0,1000,ImageNet-1K,864,3671552,409600,1281000,efficientnet,tf_efficientnet_lite1,0.882
tf_efficientnet_lite2,6092072,332,0,64,1,0,0,64,0,0,1000,ImageNet-1K,864,4301552,450560,1281000,efficientnet,tf_efficientnet_lite2,0.89
tf_efficientnet_lite3,8197096,377,0,73,1,0,0,73,0,0,1000,ImageNet-1K,864,6347040,491520,1281000,efficientnet,tf_efficientnet_lite3,0.904
tf_efficientnet_lite4,13006568,467,0,91,1,0,0,91,0,0,1000,ImageNet-1K,864,11038896,573440,1281000,efficientnet,tf_efficientnet_lite4,0.92
tf_efficientnetv2_b0,7139704,374,0,91,1,0,0,59,0,0,1000,ImageNet-1K,864,5551472,245760,1281000,efficientnetv2,tf_efficientnetv2_b0,0.875
tf_efficientnetv2_b1,8141052,459,0,111,1,0,0,73,0,0,1000,ImageNet-1K,864,6542356,245760,1281000,efficientnetv2,tf_efficientnetv2_b1,0.882
tf_efficientnetv2_b2,10096086,478,0,116,1,0,0,76,0,0,1000,ImageNet-1K,864,8311070,292864,1409000,efficientnetv2,tf_efficientnetv2_b2,0.89
tf_efficientnetv2_b3,14358406,554,0,136,1,0,0,88,0,0,1000,ImageNet-1K,1080,12354758,356352,1537000,efficientnetv2,tf_efficientnetv2_b3,0.904
tf_efficientnetv2_l,118515272,1358,0,339,1,0,0,217,0,0,1000,ImageNet-1K,864,115901632,819200,1281000,efficientnetv2,tf_efficientnetv2_l,1.0
tf_efficientnetv2_l_in21ft1k,118515272,1358,0,339,1,0,0,217,0,0,1000,ImageNet-1K,864,115901632,819200,1281000,efficientnetv2,tf_efficientnetv2_l_in21ft1k,1.0
tf_efficientnetv2_l_in21k,145215155,1358,0,339,1,0,0,217,0,0,21843,ImageNet-21K,864,115901632,819200,27980883,efficientnetv2,tf_efficientnetv2_l_in21k,1.0
tf_efficientnetv2_m,54139356,985,0,245,1,0,0,157,0,0,1000,ImageNet-1K,648,51910316,655360,1281000,efficientnetv2,tf_efficientnetv2_m,1.0
tf_efficientnetv2_m_in21ft1k,54139356,985,0,245,1,0,0,157,0,0,1000,ImageNet-1K,648,51910316,655360,1281000,efficientnetv2,tf_efficientnetv2_m_in21ft1k,1.0
tf_efficientnetv2_m_in21k,80839239,985,0,245,1,0,0,157,0,0,21843,ImageNet-21K,648,51910316,655360,27980883,efficientnetv2,tf_efficientnetv2_m_in21k,1.0
tf_efficientnetv2_s,21458488,690,0,170,1,0,0,110,0,0,1000,ImageNet-1K,648,19695288,327680,1281000,efficientnetv2,tf_efficientnetv2_s,1.0
tf_efficientnetv2_s_in21ft1k,21458488,690,0,170,1,0,0,110,0,0,1000,ImageNet-1K,648,19695288,327680,1281000,efficientnetv2,tf_efficientnetv2_s_in21ft1k,1.0
tf_efficientnetv2_s_in21k,48158371,690,0,170,1,0,0,110,0,0,21843,ImageNet-21K,648,19695288,327680,27980883,efficientnetv2,tf_efficientnetv2_s_in21k,1.0
tf_efficientnetv2_xl_in21ft1k,208119808,1741,0,438,1,0,0,278,0,0,1000,ImageNet-1K,864,205241720,819200,1281000,efficientnetv2,tf_efficientnetv2_xl_in21ft1k,1.0
tf_efficientnetv2_xl_in21k,234819691,1741,0,438,1,0,0,278,0,0,21843,ImageNet-21K,864,205241720,819200,27980883,efficientnetv2,tf_efficientnetv2_xl_in21k,1.0
tf_inception_v3,23834568,300,0,94,1,0,2,94,0,0,1000,ImageNet-1K,928,6076800,5280,2049000,inception_v3,tf_inception_v3,0.875
tf_mixnet_l,7329252,471,0,155,1,0,0,58,0,0,1000,ImageNet-1K,864,5331612,405504,1537000,mixnet,tf_mixnet_l,0.875
tf_mixnet_m,5014382,471,0,155,1,0,0,58,0,0,1000,ImageNet-1K,648,3127822,307200,1537000,mixnet,tf_mixnet_m,0.875
tf_mixnet_s,4134606,390,0,123,1,0,0,49,0,0,1000,ImageNet-1K,432,2257782,307200,1537000,mixnet,tf_mixnet_s,0.875
tf_mobilenetv3_large_075,3993528,279,0,63,1,0,0,46,0,0,1000,ImageNet-1K,432,1770128,922880,1281000,mobilenetv3,tf_mobilenetv3_large_075,0.875
tf_mobilenetv3_large_100,5483032,279,0,63,1,0,0,46,0,0,1000,ImageNet-1K,432,2947120,1230080,1281000,mobilenetv3,tf_mobilenetv3_large_100,0.875
tf_mobilenetv3_large_minimal_100,3924288,247,0,47,1,0,0,46,0,0,1000,ImageNet-1K,432,1388376,1230080,1281000,mobilenetv3,tf_mobilenetv3_large_minimal_100,0.875
tf_mobilenetv3_small_075,2041872,222,0,53,1,0,0,34,0,0,1000,ImageNet-1K,432,563368,443392,1025000,mobilenetv3,tf_mobilenetv3_small_075,0.875
tf_mobilenetv3_small_100,2542856,222,0,53,1,0,0,34,0,0,1000,ImageNet-1K,432,914464,590848,1025000,mobilenetv3,tf_mobilenetv3_small_100,0.875
tf_mobilenetv3_small_minimal_100,2044736,186,0,35,1,0,0,34,0,0,1000,ImageNet-1K,432,590848,416344,1025000,mobilenetv3,tf_mobilenetv3_small_minimal_100,0.875
tinynet_a,6187972,378,0,96,1,0,0,58,0,0,1000,ImageNet-1K,864,4444508,409600,1281000,tinynet,tinynet_a,0.875
tinynet_b,3730562,321,0,81,1,0,0,49,0,0,1000,ImageNet-1K,864,2108170,307200,1281000,tinynet,tinynet_b,0.875
tinynet_c,2457234,302,0,76,1,0,0,46,0,0,1000,ImageNet-1K,864,928538,225280,1281000,tinynet,tinynet_c,0.875
tinynet_d,2338446,226,0,56,1,0,0,34,0,0,1000,ImageNet-1K,864,813494,225280,1281000,tinynet,tinynet_d,0.875
tinynet_e,2042972,207,0,51,1,0,0,31,0,0,1000,ImageNet-1K,864,542068,204800,1281000,tinynet,tinynet_e,0.875
tnt_s_patch16_224,23755336,395,0,1,134,0,0,63,0,24,1000,ImageNet-1K,3552,23140224,768,385000,tnt,tnt_s_patch16_224,0.9
tresnet_l,55989256,502,30,139,1,21,3,0,0,0,1000,ImageNet-1K,53556256,N/A,N/A,2433000,tresnet,tresnet_l,0.875
tresnet_l_448,55989256,502,30,139,1,21,3,0,0,0,1000,ImageNet-1K,53556256,N/A,N/A,2433000,tresnet,tresnet_l_448,0.875
tresnet_m,31389032,355,21,96,1,14,3,0,0,0,1000,ImageNet-1K,29340032,N/A,N/A,2049000,tresnet,tresnet_m,0.875
tresnet_m_448,31389032,355,21,96,1,14,3,0,0,0,1000,ImageNet-1K,29340032,N/A,N/A,2049000,tresnet,tresnet_m_448,0.875
tresnet_m_miil_in21k,52331861,355,21,96,1,14,3,0,0,0,11221,ImageNet-21K-P,29340032,N/A,N/A,22991829,tresnet,tresnet_m_miil_in21k,0.875
tresnet_v2_l,46174824,584,33,164,1,33,3,0,0,0,1000,ImageNet-1K,44125824,N/A,N/A,2049000,tresnet,tresnet_v2_l,0.875
tresnet_xl,78436244,604,36,169,1,27,3,0,0,0,1000,ImageNet-1K,75779244,N/A,N/A,2657000,tresnet,tresnet_xl,0.875
tresnet_xl_448,78436244,604,36,169,1,27,3,0,0,0,1000,ImageNet-1K,75779244,N/A,N/A,2657000,tresnet,tresnet_xl_448,0.875
tv_densenet121,7978856,558,0,120,1,0,4,121,0,0,1000,ImageNet-1K,6953856,N/A,N/A,1025000,densenet,tv_densenet121,0.875
tv_resnet34,21797672,166,16,36,1,0,1,36,0,0,1000,ImageNet-1K,9408,13114368,128,513000,resnet,tv_resnet34,0.875
tv_resnet50,25557032,217,16,53,1,16,1,53,0,0,1000,ImageNet-1K,9408,14964736,128,2049000,resnet,tv_resnet50,0.875
tv_resnet101,44549160,421,33,104,1,33,1,104,0,0,1000,ImageNet-1K,9408,26090496,128,2049000,resnet,tv_resnet101,0.875
tv_resnet152,60192808,625,50,155,1,50,1,155,0,0,1000,ImageNet-1K,9408,40613888,128,2049000,resnet,tv_resnet152,0.875
tv_resnext50_32x4d,25028904,217,16,53,1,16,1,53,0,0,1000,ImageNet-1K,9408,14544896,128,2049000,resnext,tv_resnext50_32x4d,0.875
twins_pcpvt_base,43828456,537,0,33,141,0,0,86,0,0,1000,ImageNet-1K,858112,42446080,1024,513000,twins,twins_pcpvt_base,0.9
twins_pcpvt_large,60989672,771,0,46,206,0,0,125,0,0,1000,ImageNet-1K,858112,59607296,1024,513000,twins,twins_pcpvt_large,0.9
twins_pcpvt_small,24106216,321,0,21,81,0,0,50,0,0,1000,ImageNet-1K,858112,22723840,1024,513000,twins,twins_pcpvt_small,0.9
twins_svt_base,56070952,433,0,19,109,0,0,64,0,0,1000,ImageNet-1K,1557216,53728800,1536,769000,twins,twins_svt_base,0.9
twins_svt_large,99271400,433,0,19,109,0,0,64,0,0,1000,ImageNet-1K,2764416,95460736,2048,1025000,twins,twins_svt_large,0.9
twins_svt_small,24060776,332,0,15,82,0,0,48,0,0,1000,ImageNet-1K,694080,22843072,1024,513000,twins,twins_svt_small,0.9
vgg11,132863336,35,0,10,1,0,5,0,0,0,1000,ImageNet-1K,9220480,119545856,119545856,4097000,vgg,vgg11,0.875
vgg11_bn,132868840,43,0,10,1,0,5,8,0,0,1000,ImageNet-1K,9225984,119545856,119545856,4097000,vgg,vgg11_bn,0.875
vgg13,133047848,39,0,12,1,0,5,0,0,0,1000,ImageNet-1K,9404992,119545856,119545856,4097000,vgg,vgg13,0.875
vgg13_bn,133053736,49,0,12,1,0,5,10,0,0,1000,ImageNet-1K,9410880,119545856,119545856,4097000,vgg,vgg13_bn,0.875
vgg16,138357544,45,0,15,1,0,5,0,0,0,1000,ImageNet-1K,14714688,119545856,119545856,4097000,vgg,vgg16,0.875
vgg16_bn,138365992,58,0,15,1,0,5,13,0,0,1000,ImageNet-1K,14723136,119545856,119545856,4097000,vgg,vgg16_bn,0.875
vgg19,143667240,51,0,18,1,0,5,0,0,0,1000,ImageNet-1K,20024384,119545856,119545856,4097000,vgg,vgg19,0.875
vgg19_bn,143678248,67,0,18,1,0,5,16,0,0,1000,ImageNet-1K,20035392,119545856,119545856,4097000,vgg,vgg19_bn,0.875
visformer_small,40219592,220,0,57,1,0,0,28,0,8,1000,ImageNet-1K,4768,28323840,1536,769000,visformer,visformer_small,0.9
vit_base_patch8_224,86576872,226,0,1,49,0,0,25,0,13,1000,ImageNet-1K,148224,85054464,1536,769000,vit,vit_base_patch8_224,0.9
vit_base_patch8_224_dino,85807872,226,0,1,48,0,0,25,0,13,768,ImageNet-1K,148224,85054464,1536,0,vit,vit_base_patch8_224_dino,0.9
vit_base_patch8_224_in21k,102605139,226,0,1,49,0,0,25,0,13,21843,ImageNet-21K,148224,85054464,1536,16797267,vit,vit_base_patch8_224_in21k,0.9
vit_base_patch16_224,86567656,226,0,1,49,0,0,25,0,13,1000,ImageNet-1K,590592,85054464,1536,769000,vit,vit_base_patch16_224,0.9
vit_base_patch16_224_dino,85798656,226,0,1,48,0,0,25,0,13,768,ImageNet-1K,590592,85054464,1536,0,vit,vit_base_patch16_224_dino,0.9
vit_base_patch16_224_in21k,102595923,226,0,1,49,0,0,25,0,13,21843,ImageNet-21K,590592,85054464,1536,16797267,vit,vit_base_patch16_224_in21k,0.9
vit_base_patch16_224_miil,86540008,226,0,1,49,0,0,25,0,13,1000,ImageNet-1K,590592,85026816,1536,769000,vit,vit_base_patch16_224_miil,0.875
vit_base_patch16_224_miil_in21k,94399957,226,0,1,49,0,0,25,0,13,11221,ImageNet-21K-P,590592,85026816,1536,8628949,vit,vit_base_patch16_224_miil_in21k,0.875
vit_base_patch16_224_sam,86567656,226,0,1,49,0,0,25,0,13,1000,ImageNet-1K,590592,85054464,1536,769000,vit,vit_base_patch16_224_sam,0.9
vit_base_patch16_384,86859496,226,0,1,49,0,0,25,0,13,1000,ImageNet-1K,590592,85054464,1536,769000,vit,vit_base_patch16_384,1.0
vit_base_patch16_rpn_224,86538472,202,0,1,49,0,0,25,0,13,1000,ImageNet-1K,590592,85026816,1536,769000,vit,vit_base_patch16_rpn_224,0.9
vit_base_patch32_224,88224232,226,0,1,49,0,0,25,0,13,1000,ImageNet-1K,2360064,85054464,1536,769000,vit,vit_base_patch32_224,0.9
vit_base_patch32_224_clip_laion2b,87849728,226,0,1,49,0,0,26,0,13,512,LAION-2B,2359296,85054464,1536,393728,vit,vit_base_patch32_224_clip_laion2b,0.9
vit_base_patch32_224_in21k,104252499,226,0,1,49,0,0,25,0,13,21843,ImageNet-21K,2360064,85054464,1536,16797267,vit,vit_base_patch32_224_in21k,0.9
vit_base_patch32_224_sam,88224232,226,0,1,49,0,0,25,0,13,1000,ImageNet-1K,2360064,85054464,1536,769000,vit,vit_base_patch32_224_sam,0.9
vit_base_patch32_384,88297192,226,0,1,49,0,0,25,0,13,1000,ImageNet-1K,2360064,85054464,1536,769000,vit,vit_base_patch32_384,1.0
vit_base_r50_s16_224_in21k,114687379,501,16,53,49,16,1,25,0,13,21843,ImageNet-21K,12682048,85054464,1536,16797267,vit,vit_base_r50_s16_224_in21k,0.9
vit_base_r50_s16_384,98950952,501,16,53,49,16,1,25,0,13,1000,ImageNet-1K,12682048,85054464,1536,769000,vit,vit_base_r50_s16_384,1.0
vit_giant_patch14_224_clip_laion2b,1012646656,730,0,1,161,0,0,82,0,41,1024,LAION-2B,827904,1010007040,2816,1442816,vit,vit_giant_patch14_224_clip_laion2b,0.9
vit_huge_patch14_224_clip_laion2b,632077824,586,0,1,129,0,0,66,0,33,1024,LAION-2B,752640,629678080,2560,1311744,vit,vit_huge_patch14_224_clip_laion2b,0.9
vit_huge_patch14_224_in21k,658745683,586,0,1,129,0,0,65,0,33,21843,ImageNet-21K,753920,629678080,2560,27980883,vit,vit_huge_patch14_224_in21k,0.9
vit_large_patch14_224_clip_laion2b,303966976,442,0,1,97,0,0,50,0,25,768,ImageNet-1K,602112,302309376,2048,787200,vit,vit_large_patch14_224_clip_laion2b,0.9
vit_large_patch16_224,304326632,442,0,1,97,0,0,49,0,25,1000,ImageNet-1K,787456,302309376,2048,1025000,vit,vit_large_patch16_224,0.9
vit_large_patch16_224_in21k,325690707,442,0,1,97,0,0,49,0,25,21843,ImageNet-21K,787456,302309376,2048,22389075,vit,vit_large_patch16_224_in21k,0.9
vit_large_patch16_384,304715752,442,0,1,97,0,0,49,0,25,1000,ImageNet-1K,787456,302309376,2048,1025000,vit,vit_large_patch16_384,1.0
vit_large_patch32_224_in21k,327899475,442,0,1,97,0,0,49,0,25,21843,ImageNet-21K,3146752,302309376,2048,22389075,vit,vit_large_patch32_224_in21k,0.9
vit_large_patch32_384,306632680,442,0,1,97,0,0,49,0,25,1000,ImageNet-1K,3146752,302309376,2048,1025000,vit,vit_large_patch32_384,1.0
vit_large_r50_s32_224,328994856,724,16,54,97,16,1,49,0,25,1000,ImageNet-1K,25606208,302309376,2048,1025000,vit,vit_large_r50_s32_224,0.9
vit_large_r50_s32_224_in21k,350358931,724,16,54,97,16,1,49,0,25,21843,ImageNet-21K,25606208,302309376,2048,22389075,vit,vit_large_r50_s32_224_in21k,0.9
vit_large_r50_s32_384,329092136,724,16,54,97,16,1,49,0,25,1000,ImageNet-1K,25606208,302309376,2048,1025000,vit,vit_large_r50_s32_384,1.0
vit_relpos_base_patch16_224,86429560,320,0,1,73,0,0,25,0,13,1000,ImageNet-1K,590592,85068432,1536,769000,relpos,vit_relpos_base_patch16_224,0.9
vit_relpos_base_patch16_clsgap_224,86430328,320,0,1,73,0,0,25,0,13,1000,ImageNet-1K,590592,85068432,1536,769000,relpos,vit_relpos_base_patch16_clsgap_224,0.9
vit_relpos_base_patch32_plus_rpn_256,119423760,296,0,1,73,0,0,25,0,13,1000,ImageNet-1K,2753408,115771560,1792,897000,relpos,vit_relpos_base_patch32_plus_rpn_256,0.9
vit_relpos_medium_patch16_224,38747208,320,0,1,73,0,0,25,0,13,1000,ImageNet-1K,393728,37839456,1024,513000,relpos,vit_relpos_medium_patch16_224,0.9
vit_relpos_medium_patch16_cls_224,38764616,320,0,1,73,0,0,25,0,13,1000,ImageNet-1K,393728,37856352,1024,513000,relpos,vit_relpos_medium_patch16_cls_224,0.9
vit_relpos_medium_patch16_rpn_224,38734920,296,0,1,73,0,0,25,0,13,1000,ImageNet-1K,393728,37827168,1024,513000,relpos,vit_relpos_medium_patch16_rpn_224,0.9
vit_relpos_small_patch16_224,21983920,320,0,1,73,0,0,25,0,13,1000,ImageNet-1K,295296,21302856,768,385000,relpos,vit_relpos_small_patch16_224,0.9
vit_small_patch8_224_dino,21670272,226,0,1,48,0,0,25,0,13,384,ImageNet-1K,74112,21293568,768,0,vit,vit_small_patch8_224_dino,0.9
vit_small_patch16_224,22050664,226,0,1,49,0,0,25,0,13,1000,ImageNet-1K,295296,21293568,768,385000,vit,vit_small_patch16_224,0.9
vit_small_patch16_224_dino,21665664,226,0,1,48,0,0,25,0,13,384,ImageNet-1K,295296,21293568,768,0,vit,vit_small_patch16_224_dino,0.9
vit_small_patch16_224_in21k,30075219,226,0,1,49,0,0,25,0,13,21843,ImageNet-21K,295296,21293568,768,8409555,vit,vit_small_patch16_224_in21k,0.9
vit_small_patch16_384,22196584,226,0,1,49,0,0,25,0,13,1000,ImageNet-1K,295296,21293568,768,385000,vit,vit_small_patch16_384,1.0
vit_small_patch32_224,22878952,226,0,1,49,0,0,25,0,13,1000,ImageNet-1K,1180032,21293568,768,385000,vit,vit_small_patch32_224,0.9
vit_small_patch32_224_in21k,30903507,226,0,1,49,0,0,25,0,13,21843,ImageNet-21K,1180032,21293568,768,8409555,vit,vit_small_patch32_224_in21k,0.9
vit_small_patch32_384,22915432,226,0,1,49,0,0,25,0,13,1000,ImageNet-1K,1180032,21293568,768,385000,vit,vit_small_patch32_384,1.0
vit_small_r26_s32_224,36431912,388,8,30,49,8,1,25,0,13,1000,ImageNet-1K,14732992,21293568,768,385000,vit,vit_small_r26_s32_224,0.9
vit_small_r26_s32_224_in21k,44456467,388,8,30,49,8,1,25,0,13,21843,ImageNet-21K,14732992,21293568,768,8409555,vit,vit_small_r26_s32_224_in21k,0.9
vit_small_r26_s32_384,36468392,388,8,30,49,8,1,25,0,13,1000,ImageNet-1K,14732992,21293568,768,385000,vit,vit_small_r26_s32_384,1.0
vit_srelpos_medium_patch16_224,38735856,232,0,1,51,0,0,25,0,13,1000,ImageNet-1K,393728,37822464,1024,513000,relpos,vit_srelpos_medium_patch16_224,0.9
vit_srelpos_small_patch16_224,21973486,232,0,1,51,0,0,25,0,13,1000,ImageNet-1K,295296,21288960,768,385000,relpos,vit_srelpos_small_patch16_224,0.9
vit_tiny_patch16_224,5717416,226,0,1,49,0,0,25,0,13,1000,ImageNet-1K,147648,5338368,384,193000,vit,vit_tiny_patch16_224,0.9
vit_tiny_patch16_224_in21k,9740115,226,0,1,49,0,0,25,0,13,21843,ImageNet-21K,147648,5338368,384,4215699,vit,vit_tiny_patch16_224_in21k,0.9
vit_tiny_patch16_384,5790376,226,0,1,49,0,0,25,0,13,1000,ImageNet-1K,147648,5338368,384,193000,vit,vit_tiny_patch16_384,1.0
vit_tiny_r_s16_p8_224,6337704,231,0,2,49,0,1,25,0,13,1000,ImageNet-1K,796160,5338368,384,193000,vit,vit_tiny_r_s16_p8_224,0.9
vit_tiny_r_s16_p8_224_in21k,10360403,231,0,2,49,0,1,25,0,13,21843,ImageNet-21K,796160,5338368,384,4215699,vit,vit_tiny_r_s16_p8_224_in21k,0.9
vit_tiny_r_s16_p8_384,6355944,231,0,2,49,0,1,25,0,13,1000,ImageNet-1K,796160,5338368,384,193000,vit,vit_tiny_r_s16_p8_384,1.0
volo_d1_224,26632040,339,0,5,88,0,4,44,0,34,1000,ImageNet-1K,280320,22549272,768,385000,volo,volo_d1_224,0.96
volo_d1_384,26777960,339,0,5,88,0,4,44,0,34,1000,ImageNet-1K,280320,22549272,768,385000,volo,volo_d1_384,1.0
volo_d2_224,58678336,435,0,5,114,0,6,56,0,44,1000,ImageNet-1K,345920,51952432,1024,513000,volo,volo_d2_224,0.96
volo_d2_384,58872896,435,0,5,114,0,6,56,0,44,1000,ImageNet-1K,345920,51952432,1024,513000,volo,volo_d2_384,1.0
volo_d3_224,86325072,621,0,5,164,0,8,80,0,66,1000,ImageNet-1K,345920,79599168,1024,513000,volo,volo_d3_224,0.96
volo_d3_448,86626128,621,0,5,164,0,8,80,0,66,1000,ImageNet-1K,345920,79599168,1024,513000,volo,volo_d3_448,1.0
volo_d4_224,192961520,621,0,5,164,0,8,80,0,66,1000,ImageNet-1K,477120,178983264,1536,769000,volo,volo_d4_224,0.96
volo_d4_448,193413104,621,0,5,164,0,8,80,0,66,1000,ImageNet-1K,477120,178983264,1536,769000,volo,volo_d4_448,1.15
volo_d5_224,295455584,813,0,5,216,0,12,104,0,86,1000,ImageNet-1K,1101312,278492304,1536,769000,volo,volo_d5_224,0.96
volo_d5_448,295907168,813,0,5,216,0,12,104,0,86,1000,ImageNet-1K,1101312,278492304,1536,769000,volo,volo_d5_448,1.15
volo_d5_512,296091488,813,0,5,216,0,12,104,0,86,1000,ImageNet-1K,1101312,278492304,1536,769000,volo,volo_d5_512,1.15
wide_resnet50_2,68883240,217,16,53,1,16,1,53,0,0,1000,ImageNet-1K,9408,41971712,128,2049000,resnet,wide_resnet50_2,0.875
wide_resnet101_2,126886696,421,33,104,1,33,1,104,0,0,1000,ImageNet-1K,9408,78739456,128,2049000,resnet,wide_resnet101_2,0.875
xception,22855952,216,0,74,1,0,4,40,0,0,1000,ImageNet-1K,864,3159552,64,2049000,xception,xception,0.8975
xception41,26969560,375,0,84,1,0,0,84,0,0,1000,ImageNet-1K,19488,24896800,24896800,2049000,xception,xception41,0.903
xception41p,26907752,302,0,84,1,0,0,40,0,0,1000,ImageNet-1K,19360,24785952,24785952,2049000,xception,xception41p,0.94
xception65,39916312,583,0,132,1,0,0,132,0,0,1000,ImageNet-1K,19488,37843552,37843552,2049000,xception,xception65,0.94
xception65p,39819560,478,0,132,1,0,0,64,0,0,1000,ImageNet-1K,19360,37662816,37662816,2049000,xception,xception65p,0.94
xception71,42338736,645,0,146,1,0,0,146,0,0,1000,ImageNet-1K,19488,40264008,40264008,2049000,xception,xception71,0.903
xcit_large_24_p8_224,188932648,559,0,52,109,0,0,104,0,2,1000,ImageNet-1K,3325632,170551296,1536,769000,xcit,xcit_large_24_p8_224,1.0
xcit_large_24_p8_224_dist,188932648,559,0,52,109,0,0,104,0,2,1000,ImageNet-1K,3325632,170551296,1536,769000,xcit,xcit_large_24_p8_224_dist,1.0
xcit_large_24_p8_384_dist,188932648,559,0,52,109,0,0,104,0,2,1000,ImageNet-1K,3325632,170551296,1536,769000,xcit,xcit_large_24_p8_384_dist,1.0
xcit_large_24_p16_224,189096136,563,0,53,109,0,0,105,0,2,1000,ImageNet-1K,3489120,170551296,1536,769000,xcit,xcit_large_24_p16_224,1.0
xcit_large_24_p16_224_dist,189096136,563,0,53,109,0,0,105,0,2,1000,ImageNet-1K,3489120,170551296,1536,769000,xcit,xcit_large_24_p16_224_dist,1.0
xcit_large_24_p16_384_dist,189096136,563,0,53,109,0,0,105,0,2,1000,ImageNet-1K,3489120,170551296,1536,769000,xcit,xcit_large_24_p16_384_dist,1.0
xcit_medium_24_p8_224,84323624,559,0,52,109,0,0,104,0,2,1000,ImageNet-1K,1479808,75952128,1024,513000,xcit,xcit_medium_24_p8_224,1.0
xcit_medium_24_p8_224_dist,84323624,559,0,52,109,0,0,104,0,2,1000,ImageNet-1K,1479808,75952128,1024,513000,xcit,xcit_medium_24_p8_224_dist,1.0
xcit_medium_24_p8_384_dist,84323624,559,0,52,109,0,0,104,0,2,1000,ImageNet-1K,1479808,75952128,1024,513000,xcit,xcit_medium_24_p8_384_dist,1.0
xcit_medium_24_p16_224,84395752,563,0,53,109,0,0,105,0,2,1000,ImageNet-1K,1551936,75952128,1024,513000,xcit,xcit_medium_24_p16_224,1.0
xcit_medium_24_p16_224_dist,84395752,563,0,53,109,0,0,105,0,2,1000,ImageNet-1K,1551936,75952128,1024,513000,xcit,xcit_medium_24_p16_224_dist,1.0
xcit_medium_24_p16_384_dist,84395752,563,0,53,109,0,0,105,0,2,1000,ImageNet-1K,1551936,75952128,1024,513000,xcit,xcit_medium_24_p16_384_dist,1.0
xcit_nano_12_p8_224,3049016,307,0,28,61,0,0,56,0,2,1000,ImageNet-1K,93472,2416128,256,129000,xcit,xcit_nano_12_p8_224,1.0
xcit_nano_12_p8_224_dist,3049016,307,0,28,61,0,0,56,0,2,1000,ImageNet-1K,93472,2416128,256,129000,xcit,xcit_nano_12_p8_224_dist,1.0
xcit_nano_12_p8_384_dist,3049016,307,0,28,61,0,0,56,0,2,1000,ImageNet-1K,93472,2416128,256,129000,xcit,xcit_nano_12_p8_384_dist,1.0
xcit_nano_12_p16_224,3053224,311,0,29,61,0,0,57,0,2,1000,ImageNet-1K,97680,2416128,256,129000,xcit,xcit_nano_12_p16_224,1.0
xcit_nano_12_p16_224_dist,3053224,311,0,29,61,0,0,57,0,2,1000,ImageNet-1K,97680,2416128,256,129000,xcit,xcit_nano_12_p16_224_dist,1.0
xcit_nano_12_p16_384_dist,3053224,311,0,29,61,0,0,57,0,2,1000,ImageNet-1K,97680,2416128,256,129000,xcit,xcit_nano_12_p16_384_dist,1.0
xcit_small_12_p8_224,26213032,307,0,28,61,0,0,56,0,2,1000,ImageNet-1K,833376,21404160,768,385000,xcit,xcit_small_12_p8_224,1.0
xcit_small_12_p8_224_dist,26213032,307,0,28,61,0,0,56,0,2,1000,ImageNet-1K,833376,21404160,768,385000,xcit,xcit_small_12_p8_224_dist,1.0
xcit_small_12_p8_384_dist,26213032,307,0,28,61,0,0,56,0,2,1000,ImageNet-1K,833376,21404160,768,385000,xcit,xcit_small_12_p8_384_dist,1.0
xcit_small_12_p16_224,26253304,311,0,29,61,0,0,57,0,2,1000,ImageNet-1K,873648,21404160,768,385000,xcit,xcit_small_12_p16_224,1.0
xcit_small_12_p16_224_dist,26253304,311,0,29,61,0,0,57,0,2,1000,ImageNet-1K,873648,21404160,768,385000,xcit,xcit_small_12_p16_224_dist,1.0
xcit_small_12_p16_384_dist,26253304,311,0,29,61,0,0,57,0,2,1000,ImageNet-1K,873648,21404160,768,385000,xcit,xcit_small_12_p16_384_dist,1.0
xcit_small_24_p8_224,47631112,559,0,52,109,0,0,104,0,2,1000,ImageNet-1K,833376,42808320,768,385000,xcit,xcit_small_24_p8_224,1.0
xcit_small_24_p8_224_dist,47631112,559,0,52,109,0,0,104,0,2,1000,ImageNet-1K,833376,42808320,768,385000,xcit,xcit_small_24_p8_224_dist,1.0
xcit_small_24_p8_384_dist,47631112,559,0,52,109,0,0,104,0,2,1000,ImageNet-1K,833376,42808320,768,385000,xcit,xcit_small_24_p8_384_dist,1.0
xcit_small_24_p16_224,47671384,563,0,53,109,0,0,105,0,2,1000,ImageNet-1K,873648,42808320,768,385000,xcit,xcit_small_24_p16_224,1.0
xcit_small_24_p16_224_dist,47671384,563,0,53,109,0,0,105,0,2,1000,ImageNet-1K,873648,42808320,768,385000,xcit,xcit_small_24_p16_224_dist,1.0
xcit_small_24_p16_384_dist,47671384,563,0,53,109,0,0,105,0,2,1000,ImageNet-1K,873648,42808320,768,385000,xcit,xcit_small_24_p16_384_dist,1.0
xcit_tiny_12_p8_224,6706504,307,0,28,61,0,0,56,0,2,1000,ImageNet-1K,209328,5393664,384,193000,xcit,xcit_tiny_12_p8_224,1.0
xcit_tiny_12_p8_224_dist,6706504,307,0,28,61,0,0,56,0,2,1000,ImageNet-1K,209328,5393664,384,193000,xcit,xcit_tiny_12_p8_224_dist,1.0
xcit_tiny_12_p8_384_dist,6706504,307,0,28,61,0,0,56,0,2,1000,ImageNet-1K,209328,5393664,384,193000,xcit,xcit_tiny_12_p8_384_dist,1.0
xcit_tiny_12_p16_224,6716272,311,0,29,61,0,0,57,0,2,1000,ImageNet-1K,219096,5393664,384,193000,xcit,xcit_tiny_12_p16_224,1.0
xcit_tiny_12_p16_224_dist,6716272,311,0,29,61,0,0,57,0,2,1000,ImageNet-1K,219096,5393664,384,193000,xcit,xcit_tiny_12_p16_224_dist,1.0
xcit_tiny_12_p16_384_dist,6716272,311,0,29,61,0,0,57,0,2,1000,ImageNet-1K,219096,5393664,384,193000,xcit,xcit_tiny_12_p16_384_dist,1.0
xcit_tiny_24_p8_224,12107128,559,0,52,109,0,0,104,0,2,1000,ImageNet-1K,209328,10787328,384,193000,xcit,xcit_tiny_24_p8_224,1.0
xcit_tiny_24_p8_224_dist,12107128,559,0,52,109,0,0,104,0,2,1000,ImageNet-1K,209328,10787328,384,193000,xcit,xcit_tiny_24_p8_224_dist,1.0
xcit_tiny_24_p8_384_dist,12107128,559,0,52,109,0,0,104,0,2,1000,ImageNet-1K,209328,10787328,384,193000,xcit,xcit_tiny_24_p8_384_dist,1.0
xcit_tiny_24_p16_224,12116896,563,0,53,109,0,0,105,0,2,1000,ImageNet-1K,219096,10787328,384,193000,xcit,xcit_tiny_24_p16_224,1.0
xcit_tiny_24_p16_224_dist,12116896,563,0,53,109,0,0,105,0,2,1000,ImageNet-1K,219096,10787328,384,193000,xcit,xcit_tiny_24_p16_224_dist,1.0
xcit_tiny_24_p16_384_dist,12116896,563,0,53,109,0,0,105,0,2,1000,ImageNet-1K,219096,10787328,384,193000,xcit,xcit_tiny_24_p16_384_dist,1.0
